
> gov-jjyu-hub@2.0.0 verify
> npx tsx scripts/verify-quality.ts --all


==================================================
[119-safe-call] 119안심콜 등록방법과 등록정보, 개인정보는 어떻게 보호되나요?
==================================================
OK [Q1] QA cards count: 7 (expected >=7)
OK [Q2] intro 200 chars: 7/7 (expected 7/7)
OK [Q3] visual element per QA: 7/7 (expected 7/7)
OK [Q4] tables total: 2 (expected >=2)
OK [Q5] boxes total: 5 (expected >=3)
OK [Q6] highlights total: 36 (expected >=15)
OK [Q7] sourceNote ratio: 7/7 (expected >=4/7)
OK [Q8] FAQ count: 5 (expected >=5)
OK [Q9] sources URL count: 3 (expected >=3)
OK [Q10] keyFacts rows: 9 (expected >=9)
OK [Q11] title keywords in body: 4/4 (expected 4/4)
OK [Q12] speculation words ban: none (expected 0)
OK [Q13] slug ASCII: 119-safe-call (expected a-z 0-9 - _)

Pass rate: 13/13 = 100%
PASS

==================================================
[518-veteran-employment-application] 5.18민주유공자 취업희망신청 이력서 하나로 보훈청에 즉시 신청하는 법
==================================================
OK [Q1] QA cards count: 7 (expected >=7)
OK [Q2] intro 200 chars: 7/7 (expected 7/7)
OK [Q3] visual element per QA: 7/7 (expected 7/7)
OK [Q4] tables total: 2 (expected >=2)
OK [Q5] boxes total: 7 (expected >=3)
OK [Q6] highlights total: 28 (expected >=15)
OK [Q7] sourceNote ratio: 5/7 (expected >=4/7)
OK [Q8] FAQ count: 5 (expected >=5)
OK [Q9] sources URL count: 3 (expected >=3)
OK [Q10] keyFacts rows: 9 (expected >=9)
OK [Q11] title keywords in body: 4/4 (expected 4/4)
OK [Q12] speculation words ban: none (expected 0)
OK [Q13] slug ASCII: 518-veteran-employment-application (expected a-z 0-9 - _)

Pass rate: 13/13 = 100%
PASS

==================================================
[acquisition-tax] 취득세 계산기로 세율 확인하고 60일 안에 신고하는 법
==================================================
OK [Q1] QA cards count: 7 (expected >=7)
OK [Q2] intro 200 chars: 7/7 (expected 7/7)
OK [Q3] visual element per QA: 7/7 (expected 7/7)
OK [Q4] tables total: 2 (expected >=2)
OK [Q5] boxes total: 5 (expected >=3)
OK [Q6] highlights total: 27 (expected >=15)
OK [Q7] sourceNote ratio: 7/7 (expected >=4/7)
OK [Q8] FAQ count: 5 (expected >=5)
OK [Q9] sources URL count: 3 (expected >=3)
OK [Q10] keyFacts rows: 9 (expected >=9)
OK [Q11] title keywords in body: 4/4 (expected 4/4)
OK [Q12] speculation words ban: none (expected 0)
OK [Q13] slug ASCII: acquisition-tax (expected a-z 0-9 - _)

Pass rate: 13/13 = 100%
PASS

==================================================
[adoption-dissolution-report] 친양자파양신고 재판확정 후 1개월 이내 시읍면에 신고하는 법
==================================================
OK [Q1] QA cards count: 7 (expected >=7)
OK [Q2] intro 200 chars: 7/7 (expected 7/7)
OK [Q3] visual element per QA: 7/7 (expected 7/7)
OK [Q4] tables total: 2 (expected >=2)
OK [Q5] boxes total: 5 (expected >=3)
OK [Q6] highlights total: 28 (expected >=15)
OK [Q7] sourceNote ratio: 5/7 (expected >=4/7)
OK [Q8] FAQ count: 5 (expected >=5)
OK [Q9] sources URL count: 3 (expected >=3)
OK [Q10] keyFacts rows: 9 (expected >=9)
OK [Q11] title keywords in body: 4/4 (expected 4/4)
OK [Q12] speculation words ban: none (expected 0)
OK [Q13] slug ASCII: adoption-dissolution-report (expected a-z 0-9 - _)

Pass rate: 13/13 = 100%
PASS

==================================================
[adoption-report] 입양신고 가정법원 허가서와 동의서로 시읍면에 접수하는 법
==================================================
OK [Q1] QA cards count: 7 (expected >=7)
OK [Q2] intro 200 chars: 7/7 (expected 7/7)
OK [Q3] visual element per QA: 7/7 (expected 7/7)
OK [Q4] tables total: 2 (expected >=2)
OK [Q5] boxes total: 5 (expected >=3)
OK [Q6] highlights total: 28 (expected >=15)
OK [Q7] sourceNote ratio: 5/7 (expected >=4/7)
OK [Q8] FAQ count: 5 (expected >=5)
OK [Q9] sources URL count: 3 (expected >=3)
OK [Q10] keyFacts rows: 9 (expected >=9)
OK [Q11] title keywords in body: 4/4 (expected 4/4)
OK [Q12] speculation words ban: none (expected 0)
OK [Q13] slug ASCII: adoption-report (expected a-z 0-9 - _)

Pass rate: 13/13 = 100%
PASS

==================================================
[after-school-childcare-fee] 방과후 보육료 지원 대상연령과 신청방법, 소득 상관없이 되나요?
==================================================
OK [Q1] QA cards count: 8 (expected >=7)
OK [Q2] intro 200 chars: 8/8 (expected 8/8)
OK [Q3] visual element per QA: 8/8 (expected 8/8)
OK [Q4] tables total: 2 (expected >=2)
OK [Q5] boxes total: 6 (expected >=3)
OK [Q6] highlights total: 32 (expected >=15)
OK [Q7] sourceNote ratio: 8/8 (expected >=4/8)
OK [Q8] FAQ count: 5 (expected >=5)
OK [Q9] sources URL count: 4 (expected >=3)
OK [Q10] keyFacts rows: 9 (expected >=9)
XX [Q11] title keywords in body: 3/4 (expected 4/4)
     missing in body: 보건복지부
OK [Q12] speculation words ban: none (expected 0)
OK [Q13] slug ASCII: after-school-childcare-fee (expected a-z 0-9 - _)

Pass rate: 12/13 = 92%
PASS

==================================================
[agent-orange-patient-registration] 고엽제후유의증환자 등록 진료기록으로 20일 만에 신청하는 법
==================================================
OK [Q1] QA cards count: 7 (expected >=7)
OK [Q2] intro 200 chars: 7/7 (expected 7/7)
OK [Q3] visual element per QA: 7/7 (expected 7/7)
OK [Q4] tables total: 2 (expected >=2)
OK [Q5] boxes total: 5 (expected >=3)
OK [Q6] highlights total: 28 (expected >=15)
OK [Q7] sourceNote ratio: 5/7 (expected >=4/7)
OK [Q8] FAQ count: 5 (expected >=5)
OK [Q9] sources URL count: 3 (expected >=3)
OK [Q10] keyFacts rows: 9 (expected >=9)
OK [Q11] title keywords in body: 4/4 (expected 4/4)
OK [Q12] speculation words ban: none (expected 0)
OK [Q13] slug ASCII: agent-orange-patient-registration (expected a-z 0-9 - _)

Pass rate: 13/13 = 100%
PASS

==================================================
[air-emission-facility-permit] 대기배출시설 설치허가 방지시설내역서 갖춰 유역환경청에 10일 만에 신청하는 법
==================================================
OK [Q1] QA cards count: 7 (expected >=7)
OK [Q2] intro 200 chars: 7/7 (expected 7/7)
OK [Q3] visual element per QA: 7/7 (expected 7/7)
OK [Q4] tables total: 2 (expected >=2)
OK [Q5] boxes total: 5 (expected >=3)
OK [Q6] highlights total: 28 (expected >=15)
OK [Q7] sourceNote ratio: 4/7 (expected >=4/7)
OK [Q8] FAQ count: 5 (expected >=5)
OK [Q9] sources URL count: 3 (expected >=3)
OK [Q10] keyFacts rows: 10 (expected >=9)
OK [Q11] title keywords in body: 4/4 (expected 4/4)
OK [Q12] speculation words ban: none (expected 0)
OK [Q13] slug ASCII: air-emission-facility-permit (expected a-z 0-9 - _)

Pass rate: 13/13 = 100%
PASS

==================================================
[animal-breeding-business-permit] 동물생산업 허가 시설명세도와 사업계획서로 시군구에 1만원 15일 만에 받는 법
==================================================
OK [Q1] QA cards count: 7 (expected >=7)
OK [Q2] intro 200 chars: 7/7 (expected 7/7)
OK [Q3] visual element per QA: 7/7 (expected 7/7)
OK [Q4] tables total: 3 (expected >=2)
OK [Q5] boxes total: 4 (expected >=3)
OK [Q6] highlights total: 28 (expected >=15)
OK [Q7] sourceNote ratio: 6/7 (expected >=4/7)
OK [Q8] FAQ count: 5 (expected >=5)
OK [Q9] sources URL count: 3 (expected >=3)
OK [Q10] keyFacts rows: 9 (expected >=9)
OK [Q11] title keywords in body: 4/4 (expected 4/4)
OK [Q12] speculation words ban: none (expected 0)
OK [Q13] slug ASCII: animal-breeding-business-permit (expected a-z 0-9 - _)

Pass rate: 13/13 = 100%
PASS

==================================================
[animal-exhibition-business-registration] 동물전시업 등록 사업계획서와 시설명세도로 시군구에 1만원 15일 만에 신청하는 법
==================================================
OK [Q1] QA cards count: 7 (expected >=7)
OK [Q2] intro 200 chars: 7/7 (expected 7/7)
OK [Q3] visual element per QA: 7/7 (expected 7/7)
OK [Q4] tables total: 3 (expected >=2)
OK [Q5] boxes total: 4 (expected >=3)
OK [Q6] highlights total: 28 (expected >=15)
OK [Q7] sourceNote ratio: 6/7 (expected >=4/7)
OK [Q8] FAQ count: 5 (expected >=5)
OK [Q9] sources URL count: 3 (expected >=3)
OK [Q10] keyFacts rows: 9 (expected >=9)
OK [Q11] title keywords in body: 4/4 (expected 4/4)
OK [Q12] speculation words ban: none (expected 0)
OK [Q13] slug ASCII: animal-exhibition-business-registration (expected a-z 0-9 - _)

Pass rate: 13/13 = 100%
PASS

==================================================
[animal-pharmacy-establishment-report] 동물약국 개설신고 구조시설개요서와 약국등록증사본으로 시군구 5천원 2일 만에 받는 법
==================================================
OK [Q1] QA cards count: 7 (expected >=7)
OK [Q2] intro 200 chars: 7/7 (expected 7/7)
OK [Q3] visual element per QA: 7/7 (expected 7/7)
OK [Q4] tables total: 2 (expected >=2)
OK [Q5] boxes total: 5 (expected >=3)
OK [Q6] highlights total: 28 (expected >=15)
OK [Q7] sourceNote ratio: 7/7 (expected >=4/7)
OK [Q8] FAQ count: 5 (expected >=5)
OK [Q9] sources URL count: 3 (expected >=3)
OK [Q10] keyFacts rows: 9 (expected >=9)
OK [Q11] title keywords in body: 4/4 (expected 4/4)
OK [Q12] speculation words ban: none (expected 0)
OK [Q13] slug ASCII: animal-pharmacy-establishment-report (expected a-z 0-9 - _)

Pass rate: 13/13 = 100%
PASS

==================================================
[apartment-price-confirmation] 아파트 공동주택가격 확인 온라인발급 무료로 즉시 조회하는 법
==================================================
OK [Q1] QA cards count: 7 (expected >=7)
OK [Q2] intro 200 chars: 7/7 (expected 7/7)
OK [Q3] visual element per QA: 7/7 (expected 7/7)
OK [Q4] tables total: 2 (expected >=2)
OK [Q5] boxes total: 6 (expected >=3)
OK [Q6] highlights total: 27 (expected >=15)
OK [Q7] sourceNote ratio: 5/7 (expected >=4/7)
OK [Q8] FAQ count: 5 (expected >=5)
OK [Q9] sources URL count: 3 (expected >=3)
OK [Q10] keyFacts rows: 9 (expected >=9)
OK [Q11] title keywords in body: 4/4 (expected 4/4)
OK [Q12] speculation words ban: none (expected 0)
OK [Q13] slug ASCII: apartment-price-confirmation (expected a-z 0-9 - _)

Pass rate: 13/13 = 100%
PASS

==================================================
[aquaculture-license-application] 양식업 면허 신청 수면위치구역도로 시군구에 7일 만에 받는 법
==================================================
OK [Q1] QA cards count: 7 (expected >=7)
OK [Q2] intro 200 chars: 7/7 (expected 7/7)
OK [Q3] visual element per QA: 7/7 (expected 7/7)
OK [Q4] tables total: 2 (expected >=2)
OK [Q5] boxes total: 5 (expected >=3)
OK [Q6] highlights total: 28 (expected >=15)
OK [Q7] sourceNote ratio: 7/7 (expected >=4/7)
OK [Q8] FAQ count: 5 (expected >=5)
OK [Q9] sources URL count: 3 (expected >=3)
OK [Q10] keyFacts rows: 10 (expected >=9)
OK [Q11] title keywords in body: 4/4 (expected 4/4)
OK [Q12] speculation words ban: none (expected 0)
OK [Q13] slug ASCII: aquaculture-license-application (expected a-z 0-9 - _)

Pass rate: 13/13 = 100%
PASS

==================================================
[arboretum-coordinator] 수목원 코디네이터 (방문자 안내·교육)
==================================================
OK [Q1] QA cards count: 7 (expected >=7)
OK [Q2] intro 200 chars: 7/7 (expected 7/7)
OK [Q3] visual element per QA: 7/7 (expected 7/7)
OK [Q4] tables total: 2 (expected >=2)
OK [Q5] boxes total: 5 (expected >=3)
OK [Q6] highlights total: 35 (expected >=15)
OK [Q7] sourceNote ratio: 7/7 (expected >=4/7)
OK [Q8] FAQ count: 5 (expected >=5)
OK [Q9] sources URL count: 3 (expected >=3)
XX [Q10] keyFacts rows: 4 (expected >=9)
XX [Q11] title keywords in body: no titleKeywords (expected titleKeywords defined)
     add titleKeywords field to policy data
OK [Q12] speculation words ban: none (expected 0)
OK [Q13] slug ASCII: arboretum-coordinator (expected a-z 0-9 - _)

Pass rate: 11/13 = 85%
PASS

==================================================
[artist-activity-grant] 예술활동준비금 신청자격과 예술활동증명 방법, 300만원 사용처
==================================================
OK [Q1] QA cards count: 7 (expected >=7)
OK [Q2] intro 200 chars: 7/7 (expected 7/7)
OK [Q3] visual element per QA: 7/7 (expected 7/7)
OK [Q4] tables total: 2 (expected >=2)
OK [Q5] boxes total: 5 (expected >=3)
OK [Q6] highlights total: 28 (expected >=15)
OK [Q7] sourceNote ratio: 7/7 (expected >=4/7)
OK [Q8] FAQ count: 5 (expected >=5)
OK [Q9] sources URL count: 4 (expected >=3)
OK [Q10] keyFacts rows: 9 (expected >=9)
OK [Q11] title keywords in body: 4/4 (expected 4/4)
OK [Q12] speculation words ban: none (expected 0)
OK [Q13] slug ASCII: artist-activity-grant (expected a-z 0-9 - _)

Pass rate: 13/13 = 100%
PASS

==================================================
[artist-employment-insurance] 예술인 고용보험 가입대상과 두루누리 보험료 지원, 구직급여까지
==================================================
OK [Q1] QA cards count: 7 (expected >=7)
OK [Q2] intro 200 chars: 7/7 (expected 7/7)
OK [Q3] visual element per QA: 7/7 (expected 7/7)
OK [Q4] tables total: 4 (expected >=2)
OK [Q5] boxes total: 6 (expected >=3)
OK [Q6] highlights total: 37 (expected >=15)
OK [Q7] sourceNote ratio: 7/7 (expected >=4/7)
OK [Q8] FAQ count: 5 (expected >=5)
OK [Q9] sources URL count: 3 (expected >=3)
XX [Q10] keyFacts rows: 8 (expected >=9)
XX [Q11] title keywords in body: no titleKeywords (expected titleKeywords defined)
     add titleKeywords field to policy data
OK [Q12] speculation words ban: none (expected 0)
OK [Q13] slug ASCII: artist-employment-insurance (expected a-z 0-9 - _)

Pass rate: 11/13 = 85%
PASS

==================================================
[artist-industrial-accident-insurance] 예술인 산재보험 보험료 지원사업
==================================================
OK [Q1] QA cards count: 7 (expected >=7)
OK [Q2] intro 200 chars: 7/7 (expected 7/7)
OK [Q3] visual element per QA: 7/7 (expected 7/7)
OK [Q4] tables total: 3 (expected >=2)
OK [Q5] boxes total: 5 (expected >=3)
OK [Q6] highlights total: 28 (expected >=15)
OK [Q7] sourceNote ratio: 7/7 (expected >=4/7)
OK [Q8] FAQ count: 5 (expected >=5)
OK [Q9] sources URL count: 3 (expected >=3)
OK [Q10] keyFacts rows: 9 (expected >=9)
OK [Q11] title keywords in body: 4/4 (expected 4/4)
OK [Q12] speculation words ban: none (expected 0)
OK [Q13] slug ASCII: artist-industrial-accident-insurance (expected a-z 0-9 - _)

Pass rate: 13/13 = 100%
PASS

==================================================
[artist-pension] 예술인 국민연금 보험료 지원, 활동증명부터 다른 지원 중복까지
==================================================
OK [Q1] QA cards count: 8 (expected >=7)
OK [Q2] intro 200 chars: 8/8 (expected 8/8)
OK [Q3] visual element per QA: 8/8 (expected 8/8)
OK [Q4] tables total: 2 (expected >=2)
OK [Q5] boxes total: 7 (expected >=3)
OK [Q6] highlights total: 32 (expected >=15)
OK [Q7] sourceNote ratio: 8/8 (expected >=4/8)
OK [Q8] FAQ count: 5 (expected >=5)
OK [Q9] sources URL count: 4 (expected >=3)
OK [Q10] keyFacts rows: 9 (expected >=9)
OK [Q11] title keywords in body: 4/4 (expected 4/4)
XX [Q12] speculation words ban: 1 found (expected 0)
     found: 약 N (수치 앞 약)
OK [Q13] slug ASCII: artist-pension (expected a-z 0-9 - _)

Pass rate: 12/13 = 92%
PASS

==================================================
[artist-platform-worker-insurance-acquisition] 예술인 노무제공자 고용보험 취득신고 사업주가 5일 만에 신고하는 법
==================================================
OK [Q1] QA cards count: 7 (expected >=7)
OK [Q2] intro 200 chars: 7/7 (expected 7/7)
OK [Q3] visual element per QA: 7/7 (expected 7/7)
OK [Q4] tables total: 2 (expected >=2)
OK [Q5] boxes total: 5 (expected >=3)
OK [Q6] highlights total: 28 (expected >=15)
OK [Q7] sourceNote ratio: 7/7 (expected >=4/7)
OK [Q8] FAQ count: 5 (expected >=5)
OK [Q9] sources URL count: 3 (expected >=3)
OK [Q10] keyFacts rows: 9 (expected >=9)
OK [Q11] title keywords in body: 4/4 (expected 4/4)
OK [Q12] speculation words ban: none (expected 0)
OK [Q13] slug ASCII: artist-platform-worker-insurance-acquisition (expected a-z 0-9 - _)

Pass rate: 13/13 = 100%
PASS

==================================================
[assistive-technology-device] 보조공학기기 지원품목과 지원한도, 장애인 근로자 직접신청까지
==================================================
OK [Q1] QA cards count: 7 (expected >=7)
OK [Q2] intro 200 chars: 7/7 (expected 7/7)
OK [Q3] visual element per QA: 7/7 (expected 7/7)
OK [Q4] tables total: 4 (expected >=2)
OK [Q5] boxes total: 3 (expected >=3)
OK [Q6] highlights total: 26 (expected >=15)
OK [Q7] sourceNote ratio: 4/7 (expected >=4/7)
OK [Q8] FAQ count: 5 (expected >=5)
OK [Q9] sources URL count: 4 (expected >=3)
OK [Q10] keyFacts rows: 9 (expected >=9)
OK [Q11] title keywords in body: 4/4 (expected 4/4)
OK [Q12] speculation words ban: none (expected 0)
OK [Q13] slug ASCII: assistive-technology-device (expected a-z 0-9 - _)

Pass rate: 13/13 = 100%
PASS

==================================================
[auto-insurance-loss-ratio] 자동차보험 손해율 87.5%, 내 보험료도 오르나요?
==================================================
OK [Q1] QA cards count: 7 (expected >=7)
OK [Q2] intro 200 chars: 7/7 (expected 7/7)
OK [Q3] visual element per QA: 7/7 (expected 7/7)
OK [Q4] tables total: 2 (expected >=2)
OK [Q5] boxes total: 6 (expected >=3)
OK [Q6] highlights total: 26 (expected >=15)
OK [Q7] sourceNote ratio: 7/7 (expected >=4/7)
OK [Q8] FAQ count: 5 (expected >=5)
OK [Q9] sources URL count: 3 (expected >=3)
OK [Q10] keyFacts rows: 9 (expected >=9)
OK [Q11] title keywords in body: 4/4 (expected 4/4)
OK [Q12] speculation words ban: none (expected 0)
OK [Q13] slug ASCII: auto-insurance-loss-ratio (expected a-z 0-9 - _)

Pass rate: 13/13 = 100%
PASS

==================================================
[auto-service-business-registration] 자동차정비업 매매업 폐차업 등록 사업계획서로 시군구에 15일 만에 신청하는 법
==================================================
OK [Q1] QA cards count: 7 (expected >=7)
OK [Q2] intro 200 chars: 7/7 (expected 7/7)
OK [Q3] visual element per QA: 7/7 (expected 7/7)
OK [Q4] tables total: 3 (expected >=2)
OK [Q5] boxes total: 4 (expected >=3)
OK [Q6] highlights total: 28 (expected >=15)
OK [Q7] sourceNote ratio: 6/7 (expected >=4/7)
OK [Q8] FAQ count: 5 (expected >=5)
OK [Q9] sources URL count: 3 (expected >=3)
OK [Q10] keyFacts rows: 9 (expected >=9)
OK [Q11] title keywords in body: 4/4 (expected 4/4)
OK [Q12] speculation words ban: none (expected 0)
OK [Q13] slug ASCII: auto-service-business-registration (expected a-z 0-9 - _)

Pass rate: 13/13 = 100%
PASS

==================================================
[aviation-professional-certificate-issuance] 항공종사자 자격증명서 발급 신체검사증명서로 한국교통안전공단에 5일 만에 받는 법
==================================================
OK [Q1] QA cards count: 7 (expected >=7)
OK [Q2] intro 200 chars: 7/7 (expected 7/7)
OK [Q3] visual element per QA: 7/7 (expected 7/7)
OK [Q4] tables total: 2 (expected >=2)
OK [Q5] boxes total: 5 (expected >=3)
OK [Q6] highlights total: 28 (expected >=15)
OK [Q7] sourceNote ratio: 7/7 (expected >=4/7)
OK [Q8] FAQ count: 5 (expected >=5)
OK [Q9] sources URL count: 3 (expected >=3)
OK [Q10] keyFacts rows: 9 (expected >=9)
OK [Q11] title keywords in body: 4/4 (expected 4/4)
OK [Q12] speculation words ban: none (expected 0)
OK [Q13] slug ASCII: aviation-professional-certificate-issuance (expected a-z 0-9 - _)

Pass rate: 13/13 = 100%
PASS

==================================================
[barber-beautician-license-application] 이용사 미용사 면허발급 졸업증명서와 진단서로 시군구에 5500원 즉시 받는 법
==================================================
OK [Q1] QA cards count: 7 (expected >=7)
OK [Q2] intro 200 chars: 7/7 (expected 7/7)
OK [Q3] visual element per QA: 7/7 (expected 7/7)
OK [Q4] tables total: 2 (expected >=2)
OK [Q5] boxes total: 5 (expected >=3)
OK [Q6] highlights total: 28 (expected >=15)
OK [Q7] sourceNote ratio: 6/7 (expected >=4/7)
OK [Q8] FAQ count: 5 (expected >=5)
OK [Q9] sources URL count: 3 (expected >=3)
OK [Q10] keyFacts rows: 9 (expected >=9)
OK [Q11] title keywords in body: 4/4 (expected 4/4)
OK [Q12] speculation words ban: none (expected 0)
OK [Q13] slug ASCII: barber-beautician-license-application (expected a-z 0-9 - _)

Pass rate: 13/13 = 100%
PASS

==================================================
[basic-livelihood-allowance] 생계급여 선정기준과 소득인정액 계산법, 부양의무자 있어도 되나요?
==================================================
OK [Q1] QA cards count: 8 (expected >=7)
OK [Q2] intro 200 chars: 8/8 (expected 8/8)
OK [Q3] visual element per QA: 8/8 (expected 8/8)
OK [Q4] tables total: 5 (expected >=2)
OK [Q5] boxes total: 5 (expected >=3)
OK [Q6] highlights total: 37 (expected >=15)
OK [Q7] sourceNote ratio: 8/8 (expected >=4/8)
OK [Q8] FAQ count: 5 (expected >=5)
OK [Q9] sources URL count: 4 (expected >=3)
OK [Q10] keyFacts rows: 9 (expected >=9)
OK [Q11] title keywords in body: 4/4 (expected 4/4)
OK [Q12] speculation words ban: none (expected 0)
OK [Q13] slug ASCII: basic-livelihood-allowance (expected a-z 0-9 - _)

Pass rate: 13/13 = 100%
PASS

==================================================
[basic-livelihood-recipient-certificate] 기초생활수급자증명서 무료 발급받고 교육급여는 교육청에서 받는 법
==================================================
OK [Q1] QA cards count: 7 (expected >=7)
OK [Q2] intro 200 chars: 7/7 (expected 7/7)
OK [Q3] visual element per QA: 7/7 (expected 7/7)
OK [Q4] tables total: 2 (expected >=2)
OK [Q5] boxes total: 7 (expected >=3)
OK [Q6] highlights total: 28 (expected >=15)
OK [Q7] sourceNote ratio: 5/7 (expected >=4/7)
OK [Q8] FAQ count: 5 (expected >=5)
OK [Q9] sources URL count: 3 (expected >=3)
OK [Q10] keyFacts rows: 9 (expected >=9)
OK [Q11] title keywords in body: 4/4 (expected 4/4)
OK [Q12] speculation words ban: none (expected 0)
OK [Q13] slug ASCII: basic-livelihood-recipient-certificate (expected a-z 0-9 - _)

Pass rate: 13/13 = 100%
PASS

==================================================
[basic-pension] 기초연금 월 34만9700원, 소득인정액 기준과 국민연금 감액 여부
==================================================
OK [Q1] QA cards count: 7 (expected >=7)
OK [Q2] intro 200 chars: 7/7 (expected 7/7)
OK [Q3] visual element per QA: 7/7 (expected 7/7)
OK [Q4] tables total: 7 (expected >=2)
OK [Q5] boxes total: 8 (expected >=3)
OK [Q6] highlights total: 27 (expected >=15)
XX [Q7] sourceNote ratio: 0/7 (expected >=4/7)
OK [Q8] FAQ count: 5 (expected >=5)
OK [Q9] sources URL count: 4 (expected >=3)
OK [Q10] keyFacts rows: 10 (expected >=9)
XX [Q11] title keywords in body: no titleKeywords (expected titleKeywords defined)
     add titleKeywords field to policy data
OK [Q12] speculation words ban: none (expected 0)
OK [Q13] slug ASCII: basic-pension (expected a-z 0-9 - _)

Pass rate: 11/13 = 85%
PASS

==================================================
[beautiful-story-grandma] 아름다운 이야기 할머니 신청자격과 교육과정, 활동 혜택까지
==================================================
OK [Q1] QA cards count: 7 (expected >=7)
OK [Q2] intro 200 chars: 7/7 (expected 7/7)
OK [Q3] visual element per QA: 7/7 (expected 7/7)
OK [Q4] tables total: 2 (expected >=2)
OK [Q5] boxes total: 5 (expected >=3)
OK [Q6] highlights total: 34 (expected >=15)
OK [Q7] sourceNote ratio: 7/7 (expected >=4/7)
OK [Q8] FAQ count: 5 (expected >=5)
OK [Q9] sources URL count: 3 (expected >=3)
XX [Q10] keyFacts rows: 7 (expected >=9)
XX [Q11] title keywords in body: no titleKeywords (expected titleKeywords defined)
     add titleKeywords field to policy data
OK [Q12] speculation words ban: none (expected 0)
OK [Q13] slug ASCII: beautiful-story-grandma (expected a-z 0-9 - _)

Pass rate: 11/13 = 85%
PASS

==================================================
[benefit-notification-service] 복지로 혜택알리미 이용방법과 국민비서 차이, 로그인 없이도 되나요?
==================================================
OK [Q1] QA cards count: 7 (expected >=7)
OK [Q2] intro 200 chars: 7/7 (expected 7/7)
OK [Q3] visual element per QA: 7/7 (expected 7/7)
OK [Q4] tables total: 2 (expected >=2)
OK [Q5] boxes total: 5 (expected >=3)
OK [Q6] highlights total: 37 (expected >=15)
OK [Q7] sourceNote ratio: 7/7 (expected >=4/7)
OK [Q8] FAQ count: 5 (expected >=5)
OK [Q9] sources URL count: 3 (expected >=3)
XX [Q10] keyFacts rows: 7 (expected >=9)
XX [Q11] title keywords in body: no titleKeywords (expected titleKeywords defined)
     add titleKeywords field to policy data
OK [Q12] speculation words ban: none (expected 0)
OK [Q13] slug ASCII: benefit-notification-service (expected a-z 0-9 - _)

Pass rate: 11/13 = 85%
PASS

==================================================
[beotimok-jeonse-loan] 버팀목 전세자금대출 신청자격과 한도·금리, 청년버팀목과 차이
==================================================
OK [Q1] QA cards count: 8 (expected >=7)
OK [Q2] intro 200 chars: 8/8 (expected 8/8)
OK [Q3] visual element per QA: 8/8 (expected 8/8)
OK [Q4] tables total: 2 (expected >=2)
OK [Q5] boxes total: 7 (expected >=3)
OK [Q6] highlights total: 32 (expected >=15)
OK [Q7] sourceNote ratio: 6/8 (expected >=4/8)
OK [Q8] FAQ count: 5 (expected >=5)
OK [Q9] sources URL count: 3 (expected >=3)
OK [Q10] keyFacts rows: 9 (expected >=9)
OK [Q11] title keywords in body: 4/4 (expected 4/4)
OK [Q12] speculation words ban: none (expected 0)
OK [Q13] slug ASCII: beotimok-jeonse-loan (expected a-z 0-9 - _)

Pass rate: 13/13 = 100%
PASS

==================================================
[birth-care-employment-grant] 출산육아기 고용안정장려금 대체인력·업무분담 지원금, 10시 출근제까지
==================================================
OK [Q1] QA cards count: 8 (expected >=7)
OK [Q2] intro 200 chars: 8/8 (expected 8/8)
OK [Q3] visual element per QA: 8/8 (expected 8/8)
OK [Q4] tables total: 3 (expected >=2)
OK [Q5] boxes total: 5 (expected >=3)
OK [Q6] highlights total: 32 (expected >=15)
OK [Q7] sourceNote ratio: 8/8 (expected >=4/8)
OK [Q8] FAQ count: 5 (expected >=5)
OK [Q9] sources URL count: 4 (expected >=3)
OK [Q10] keyFacts rows: 9 (expected >=9)
OK [Q11] title keywords in body: 4/4 (expected 4/4)
OK [Q12] speculation words ban: none (expected 0)
OK [Q13] slug ASCII: birth-care-employment-grant (expected a-z 0-9 - _)

Pass rate: 13/13 = 100%
PASS

==================================================
[birth-registration] 출생신고 기한 확인하고 온라인으로 신고하는 법, 준비물과 과태료
==================================================
OK [Q1] QA cards count: 8 (expected >=7)
OK [Q2] intro 200 chars: 8/8 (expected 8/8)
OK [Q3] visual element per QA: 8/8 (expected 8/8)
OK [Q4] tables total: 6 (expected >=2)
OK [Q5] boxes total: 4 (expected >=3)
OK [Q6] highlights total: 32 (expected >=15)
OK [Q7] sourceNote ratio: 8/8 (expected >=4/8)
OK [Q8] FAQ count: 5 (expected >=5)
OK [Q9] sources URL count: 3 (expected >=3)
OK [Q10] keyFacts rows: 9 (expected >=9)
OK [Q11] title keywords in body: 4/4 (expected 4/4)
OK [Q12] speculation words ban: none (expected 0)
OK [Q13] slug ASCII: birth-registration (expected a-z 0-9 - _)

Pass rate: 13/13 = 100%
PASS

==================================================
[birth-report] 출생신고 1개월 이내 인터넷으로 하고 과태료 피하는 법
==================================================
OK [Q1] QA cards count: 7 (expected >=7)
OK [Q2] intro 200 chars: 7/7 (expected 7/7)
OK [Q3] visual element per QA: 7/7 (expected 7/7)
OK [Q4] tables total: 2 (expected >=2)
OK [Q5] boxes total: 5 (expected >=3)
OK [Q6] highlights total: 28 (expected >=15)
OK [Q7] sourceNote ratio: 7/7 (expected >=4/7)
OK [Q8] FAQ count: 5 (expected >=5)
OK [Q9] sources URL count: 3 (expected >=3)
OK [Q10] keyFacts rows: 9 (expected >=9)
OK [Q11] title keywords in body: 4/4 (expected 4/4)
OK [Q12] speculation words ban: none (expected 0)
OK [Q13] slug ASCII: birth-report (expected a-z 0-9 - _)

Pass rate: 13/13 = 100%
PASS

==================================================
[bogeumjari-loan] 보금자리론 신청자격과 디딤돌대출 차이, 우대금리 받는 법
==================================================
OK [Q1] QA cards count: 8 (expected >=7)
OK [Q2] intro 200 chars: 8/8 (expected 8/8)
OK [Q3] visual element per QA: 8/8 (expected 8/8)
OK [Q4] tables total: 3 (expected >=2)
OK [Q5] boxes total: 5 (expected >=3)
OK [Q6] highlights total: 32 (expected >=15)
OK [Q7] sourceNote ratio: 6/8 (expected >=4/8)
OK [Q8] FAQ count: 5 (expected >=5)
OK [Q9] sources URL count: 3 (expected >=3)
OK [Q10] keyFacts rows: 9 (expected >=9)
OK [Q11] title keywords in body: 4/4 (expected 4/4)
OK [Q12] speculation words ban: none (expected 0)
OK [Q13] slug ASCII: bogeumjari-loan (expected a-z 0-9 - _)

Pass rate: 13/13 = 100%
PASS

==================================================
[broadcast-video-independent-producer-report] 방송영상독립제작사 신고 제작계획서로 온라인 문화체육관광부에 5일 만에 받는 법
==================================================
OK [Q1] QA cards count: 7 (expected >=7)
OK [Q2] intro 200 chars: 7/7 (expected 7/7)
OK [Q3] visual element per QA: 7/7 (expected 7/7)
OK [Q4] tables total: 2 (expected >=2)
OK [Q5] boxes total: 5 (expected >=3)
OK [Q6] highlights total: 26 (expected >=15)
OK [Q7] sourceNote ratio: 7/7 (expected >=4/7)
OK [Q8] FAQ count: 5 (expected >=5)
OK [Q9] sources URL count: 3 (expected >=3)
OK [Q10] keyFacts rows: 9 (expected >=9)
OK [Q11] title keywords in body: 4/4 (expected 4/4)
OK [Q12] speculation words ban: none (expected 0)
OK [Q13] slug ASCII: broadcast-video-independent-producer-report (expected a-z 0-9 - _)

Pass rate: 13/13 = 100%
PASS

==================================================
[building-ledger-check] 건축물대장 발급받고 위반건축물 여부 확인하는 법
==================================================
OK [Q1] QA cards count: 7 (expected >=7)
OK [Q2] intro 200 chars: 7/7 (expected 7/7)
OK [Q3] visual element per QA: 7/7 (expected 7/7)
OK [Q4] tables total: 5 (expected >=2)
OK [Q5] boxes total: 3 (expected >=3)
OK [Q6] highlights total: 28 (expected >=15)
OK [Q7] sourceNote ratio: 7/7 (expected >=4/7)
OK [Q8] FAQ count: 5 (expected >=5)
OK [Q9] sources URL count: 3 (expected >=3)
OK [Q10] keyFacts rows: 9 (expected >=9)
OK [Q11] title keywords in body: 4/4 (expected 4/4)
OK [Q12] speculation words ban: none (expected 0)
OK [Q13] slug ASCII: building-ledger-check (expected a-z 0-9 - _)

Pass rate: 13/13 = 100%
PASS

==================================================
[building-permit-application] 건축허가 신청 설계도서 갖춰 층수별 2일에서 70일까지 받는 법
==================================================
OK [Q1] QA cards count: 7 (expected >=7)
OK [Q2] intro 200 chars: 7/7 (expected 7/7)
OK [Q3] visual element per QA: 7/7 (expected 7/7)
OK [Q4] tables total: 2 (expected >=2)
OK [Q5] boxes total: 5 (expected >=3)
OK [Q6] highlights total: 27 (expected >=15)
OK [Q7] sourceNote ratio: 5/7 (expected >=4/7)
OK [Q8] FAQ count: 5 (expected >=5)
OK [Q9] sources URL count: 3 (expected >=3)
OK [Q10] keyFacts rows: 9 (expected >=9)
OK [Q11] title keywords in body: 4/4 (expected 4/4)
OK [Q12] speculation words ban: none (expected 0)
OK [Q13] slug ASCII: building-permit-application (expected a-z 0-9 - _)

Pass rate: 13/13 = 100%
PASS

==================================================
[building-register-certificate] 건축물대장 등본 초본 인터넷 무료 발급받고 위반건축물 여부 확인하는 법
==================================================
OK [Q1] QA cards count: 7 (expected >=7)
OK [Q2] intro 200 chars: 7/7 (expected 7/7)
OK [Q3] visual element per QA: 7/7 (expected 7/7)
OK [Q4] tables total: 2 (expected >=2)
OK [Q5] boxes total: 5 (expected >=3)
OK [Q6] highlights total: 29 (expected >=15)
OK [Q7] sourceNote ratio: 5/7 (expected >=4/7)
OK [Q8] FAQ count: 5 (expected >=5)
OK [Q9] sources URL count: 3 (expected >=3)
OK [Q10] keyFacts rows: 9 (expected >=9)
OK [Q11] title keywords in body: 4/4 (expected 4/4)
OK [Q12] speculation words ban: none (expected 0)
OK [Q13] slug ASCII: building-register-certificate (expected a-z 0-9 - _)

Pass rate: 13/13 = 100%
PASS

==================================================
[building-registration-certificate] 건물등기사항증명서 발급 인터넷등기소에서 1000원 즉시 3시간 만에 받는 법
==================================================
OK [Q1] QA cards count: 7 (expected >=7)
OK [Q2] intro 200 chars: 7/7 (expected 7/7)
OK [Q3] visual element per QA: 7/7 (expected 7/7)
OK [Q4] tables total: 2 (expected >=2)
OK [Q5] boxes total: 5 (expected >=3)
OK [Q6] highlights total: 28 (expected >=15)
OK [Q7] sourceNote ratio: 5/7 (expected >=4/7)
OK [Q8] FAQ count: 5 (expected >=5)
OK [Q9] sources URL count: 3 (expected >=3)
OK [Q10] keyFacts rows: 9 (expected >=9)
OK [Q11] title keywords in body: 4/4 (expected 4/4)
OK [Q12] speculation words ban: none (expected 0)
OK [Q13] slug ASCII: building-registration-certificate (expected a-z 0-9 - _)

Pass rate: 13/13 = 100%
PASS

==================================================
[building-status-map-issuance] 건축물현황도 열람 발급 다중이용건축물 인터넷무료 방문100원 7일 만에 받는 법
==================================================
OK [Q1] QA cards count: 7 (expected >=7)
OK [Q2] intro 200 chars: 7/7 (expected 7/7)
OK [Q3] visual element per QA: 7/7 (expected 7/7)
OK [Q4] tables total: 2 (expected >=2)
OK [Q5] boxes total: 5 (expected >=3)
OK [Q6] highlights total: 28 (expected >=15)
OK [Q7] sourceNote ratio: 6/7 (expected >=4/7)
OK [Q8] FAQ count: 5 (expected >=5)
OK [Q9] sources URL count: 3 (expected >=3)
OK [Q10] keyFacts rows: 9 (expected >=9)
OK [Q11] title keywords in body: 4/4 (expected 4/4)
OK [Q12] speculation words ban: none (expected 0)
OK [Q13] slug ASCII: building-status-map-issuance (expected a-z 0-9 - _)

Pass rate: 13/13 = 100%
PASS

==================================================
[burial-cremation-report] 매장 화장 신고 사망진단서로 시군구에 수수료 없이 즉시 신고하는 법
==================================================
OK [Q1] QA cards count: 7 (expected >=7)
OK [Q2] intro 200 chars: 7/7 (expected 7/7)
OK [Q3] visual element per QA: 7/7 (expected 7/7)
OK [Q4] tables total: 3 (expected >=2)
OK [Q5] boxes total: 4 (expected >=3)
OK [Q6] highlights total: 28 (expected >=15)
OK [Q7] sourceNote ratio: 6/7 (expected >=4/7)
OK [Q8] FAQ count: 5 (expected >=5)
OK [Q9] sources URL count: 3 (expected >=3)
OK [Q10] keyFacts rows: 9 (expected >=9)
OK [Q11] title keywords in body: 4/4 (expected 4/4)
OK [Q12] speculation words ban: none (expected 0)
OK [Q13] slug ASCII: burial-cremation-report (expected a-z 0-9 - _)

Pass rate: 13/13 = 100%
PASS

==================================================
[buried-heritage-discovery-report] 매장유산 발견신고 현상변경 없이 경찰서 시군구 수수료없이 7일 이내 하는 법
==================================================
OK [Q1] QA cards count: 7 (expected >=7)
OK [Q2] intro 200 chars: 7/7 (expected 7/7)
OK [Q3] visual element per QA: 7/7 (expected 7/7)
OK [Q4] tables total: 2 (expected >=2)
OK [Q5] boxes total: 5 (expected >=3)
OK [Q6] highlights total: 28 (expected >=15)
OK [Q7] sourceNote ratio: 7/7 (expected >=4/7)
OK [Q8] FAQ count: 5 (expected >=5)
OK [Q9] sources URL count: 3 (expected >=3)
OK [Q10] keyFacts rows: 9 (expected >=9)
OK [Q11] title keywords in body: 4/4 (expected 4/4)
OK [Q12] speculation words ban: none (expected 0)
OK [Q13] slug ASCII: buried-heritage-discovery-report (expected a-z 0-9 - _)

Pass rate: 13/13 = 100%
PASS

==================================================
[business-closure-certificate] 폐업사실증명 홈택스 무료로 즉시 발급받아 실업급여 신청하는 법
==================================================
OK [Q1] QA cards count: 7 (expected >=7)
OK [Q2] intro 200 chars: 7/7 (expected 7/7)
OK [Q3] visual element per QA: 7/7 (expected 7/7)
OK [Q4] tables total: 2 (expected >=2)
OK [Q5] boxes total: 7 (expected >=3)
OK [Q6] highlights total: 27 (expected >=15)
OK [Q7] sourceNote ratio: 4/7 (expected >=4/7)
OK [Q8] FAQ count: 5 (expected >=5)
OK [Q9] sources URL count: 3 (expected >=3)
OK [Q10] keyFacts rows: 9 (expected >=9)
OK [Q11] title keywords in body: 4/4 (expected 4/4)
OK [Q12] speculation words ban: none (expected 0)
OK [Q13] slug ASCII: business-closure-certificate (expected a-z 0-9 - _)

Pass rate: 13/13 = 100%
PASS

==================================================
[business-closure-report] 사업자 휴업 폐업신고 홈택스로 무료 신고하고 사업자등록증 정리하는 법
==================================================
OK [Q1] QA cards count: 7 (expected >=7)
OK [Q2] intro 200 chars: 7/7 (expected 7/7)
OK [Q3] visual element per QA: 7/7 (expected 7/7)
OK [Q4] tables total: 2 (expected >=2)
OK [Q5] boxes total: 6 (expected >=3)
OK [Q6] highlights total: 28 (expected >=15)
OK [Q7] sourceNote ratio: 5/7 (expected >=4/7)
OK [Q8] FAQ count: 5 (expected >=5)
OK [Q9] sources URL count: 3 (expected >=3)
OK [Q10] keyFacts rows: 9 (expected >=9)
OK [Q11] title keywords in body: 4/4 (expected 4/4)
OK [Q12] speculation words ban: none (expected 0)
OK [Q13] slug ASCII: business-closure-report (expected a-z 0-9 - _)

Pass rate: 13/13 = 100%
PASS

==================================================
[business-registration-amendment] 사업자등록 정정신고 상호 변경은 즉시 사업장 이전은 2일 걸리는 법
==================================================
OK [Q1] QA cards count: 7 (expected >=7)
OK [Q2] intro 200 chars: 7/7 (expected 7/7)
OK [Q3] visual element per QA: 7/7 (expected 7/7)
OK [Q4] tables total: 2 (expected >=2)
OK [Q5] boxes total: 6 (expected >=3)
OK [Q6] highlights total: 26 (expected >=15)
OK [Q7] sourceNote ratio: 5/7 (expected >=4/7)
OK [Q8] FAQ count: 5 (expected >=5)
OK [Q9] sources URL count: 3 (expected >=3)
OK [Q10] keyFacts rows: 9 (expected >=9)
OK [Q11] title keywords in body: 4/4 (expected 4/4)
OK [Q12] speculation words ban: none (expected 0)
OK [Q13] slug ASCII: business-registration-amendment (expected a-z 0-9 - _)

Pass rate: 13/13 = 100%
PASS

==================================================
[business-registration-certificate] 사업자등록증명 인터넷 무료 발급받고 대출·입찰에 제출하는 법
==================================================
OK [Q1] QA cards count: 7 (expected >=7)
OK [Q2] intro 200 chars: 7/7 (expected 7/7)
OK [Q3] visual element per QA: 7/7 (expected 7/7)
OK [Q4] tables total: 2 (expected >=2)
OK [Q5] boxes total: 7 (expected >=3)
OK [Q6] highlights total: 28 (expected >=15)
OK [Q7] sourceNote ratio: 7/7 (expected >=4/7)
OK [Q8] FAQ count: 5 (expected >=5)
OK [Q9] sources URL count: 3 (expected >=3)
OK [Q10] keyFacts rows: 9 (expected >=9)
OK [Q11] title keywords in body: 4/4 (expected 4/4)
OK [Q12] speculation words ban: none (expected 0)
OK [Q13] slug ASCII: business-registration-certificate (expected a-z 0-9 - _)

Pass rate: 13/13 = 100%
PASS

==================================================
[business-status-report] 사업장현황신고 수입금액검토표와 매출매입처별계산서합계표로 홈택스 즉시 3시간 만에 받는 법
==================================================
OK [Q1] QA cards count: 7 (expected >=7)
OK [Q2] intro 200 chars: 7/7 (expected 7/7)
OK [Q3] visual element per QA: 7/7 (expected 7/7)
OK [Q4] tables total: 2 (expected >=2)
OK [Q5] boxes total: 7 (expected >=3)
OK [Q6] highlights total: 24 (expected >=15)
OK [Q7] sourceNote ratio: 5/7 (expected >=4/7)
OK [Q8] FAQ count: 5 (expected >=5)
OK [Q9] sources URL count: 3 (expected >=3)
OK [Q10] keyFacts rows: 9 (expected >=9)
OK [Q11] title keywords in body: 4/4 (expected 4/4)
OK [Q12] speculation words ban: none (expected 0)
OK [Q13] slug ASCII: business-status-report (expected a-z 0-9 - _)

Pass rate: 13/13 = 100%
PASS

==================================================
[cadastral-map-certificate] 지적도 임야도 인터넷 무료 발급받고 토지 경계·모양 확인하는 법
==================================================
OK [Q1] QA cards count: 7 (expected >=7)
OK [Q2] intro 200 chars: 7/7 (expected 7/7)
OK [Q3] visual element per QA: 7/7 (expected 7/7)
OK [Q4] tables total: 2 (expected >=2)
OK [Q5] boxes total: 5 (expected >=3)
OK [Q6] highlights total: 27 (expected >=15)
OK [Q7] sourceNote ratio: 5/7 (expected >=4/7)
OK [Q8] FAQ count: 5 (expected >=5)
OK [Q9] sources URL count: 3 (expected >=3)
OK [Q10] keyFacts rows: 9 (expected >=9)
OK [Q11] title keywords in body: 4/4 (expected 4/4)
OK [Q12] speculation words ban: none (expected 0)
OK [Q13] slug ASCII: cadastral-map-certificate (expected a-z 0-9 - _)

Pass rate: 13/13 = 100%
PASS

==================================================
[cancer-patient-medical-aid] 암환자 의료비 지원
==================================================
OK [Q1] QA cards count: 7 (expected >=7)
OK [Q2] intro 200 chars: 7/7 (expected 7/7)
OK [Q3] visual element per QA: 7/7 (expected 7/7)
OK [Q4] tables total: 3 (expected >=2)
OK [Q5] boxes total: 4 (expected >=3)
OK [Q6] highlights total: 28 (expected >=15)
OK [Q7] sourceNote ratio: 7/7 (expected >=4/7)
OK [Q8] FAQ count: 5 (expected >=5)
OK [Q9] sources URL count: 4 (expected >=3)
OK [Q10] keyFacts rows: 9 (expected >=9)
OK [Q11] title keywords in body: 4/4 (expected 4/4)
OK [Q12] speculation words ban: none (expected 0)
OK [Q13] slug ASCII: cancer-patient-medical-aid (expected a-z 0-9 - _)

Pass rate: 13/13 = 100%
PASS

==================================================
[capital-gains-tax] 양도소득세 계산기로 세율 확인하고 2개월 안에 신고하는 법
==================================================
OK [Q1] QA cards count: 7 (expected >=7)
OK [Q2] intro 200 chars: 7/7 (expected 7/7)
OK [Q3] visual element per QA: 7/7 (expected 7/7)
OK [Q4] tables total: 2 (expected >=2)
OK [Q5] boxes total: 5 (expected >=3)
OK [Q6] highlights total: 26 (expected >=15)
OK [Q7] sourceNote ratio: 7/7 (expected >=4/7)
OK [Q8] FAQ count: 5 (expected >=5)
OK [Q9] sources URL count: 3 (expected >=3)
OK [Q10] keyFacts rows: 9 (expected >=9)
OK [Q11] title keywords in body: 4/4 (expected 4/4)
OK [Q12] speculation words ban: none (expected 0)
OK [Q13] slug ASCII: capital-gains-tax (expected a-z 0-9 - _)

Pass rate: 13/13 = 100%
PASS

==================================================
[car-rental-business-registration] 렌터카 자동차대여사업등록 사업계획서와 차고증명서로 시군구에 20일 만에 신청하는 법
==================================================
OK [Q1] QA cards count: 7 (expected >=7)
OK [Q2] intro 200 chars: 7/7 (expected 7/7)
OK [Q3] visual element per QA: 7/7 (expected 7/7)
OK [Q4] tables total: 3 (expected >=2)
OK [Q5] boxes total: 4 (expected >=3)
OK [Q6] highlights total: 28 (expected >=15)
OK [Q7] sourceNote ratio: 7/7 (expected >=4/7)
OK [Q8] FAQ count: 5 (expected >=5)
OK [Q9] sources URL count: 3 (expected >=3)
OK [Q10] keyFacts rows: 9 (expected >=9)
OK [Q11] title keywords in body: 4/4 (expected 4/4)
OK [Q12] speculation words ban: none (expected 0)
OK [Q13] slug ASCII: car-rental-business-registration (expected a-z 0-9 - _)

Pass rate: 13/13 = 100%
PASS

==================================================
[carbon-neutral-point] 탄소중립포인트 가입방법과 적립활동, 포인트는 얼마나 쌓이나요?
==================================================
OK [Q1] QA cards count: 7 (expected >=7)
OK [Q2] intro 200 chars: 7/7 (expected 7/7)
OK [Q3] visual element per QA: 7/7 (expected 7/7)
OK [Q4] tables total: 2 (expected >=2)
OK [Q5] boxes total: 7 (expected >=3)
OK [Q6] highlights total: 32 (expected >=15)
OK [Q7] sourceNote ratio: 7/7 (expected >=4/7)
OK [Q8] FAQ count: 5 (expected >=5)
OK [Q9] sources URL count: 3 (expected >=3)
XX [Q10] keyFacts rows: 8 (expected >=9)
XX [Q11] title keywords in body: no titleKeywords (expected titleKeywords defined)
     add titleKeywords field to policy data
OK [Q12] speculation words ban: none (expected 0)
OK [Q13] slug ASCII: carbon-neutral-point (expected a-z 0-9 - _)

Pass rate: 11/13 = 85%
PASS

==================================================
[card-fee-support] 소상공인 카드수수료 우대율과 환급, 부가세 세액공제까지
==================================================
OK [Q1] QA cards count: 8 (expected >=7)
OK [Q2] intro 200 chars: 8/8 (expected 8/8)
OK [Q3] visual element per QA: 8/8 (expected 8/8)
XX [Q4] tables total: 1 (expected >=2)
OK [Q5] boxes total: 7 (expected >=3)
OK [Q6] highlights total: 32 (expected >=15)
OK [Q7] sourceNote ratio: 7/8 (expected >=4/8)
OK [Q8] FAQ count: 5 (expected >=5)
OK [Q9] sources URL count: 3 (expected >=3)
OK [Q10] keyFacts rows: 9 (expected >=9)
XX [Q11] title keywords in body: 3/4 (expected 4/4)
     missing in body: 영세 중소가맹점
OK [Q12] speculation words ban: none (expected 0)
OK [Q13] slug ASCII: card-fee-support (expected a-z 0-9 - _)

Pass rate: 11/13 = 85%
PASS

==================================================
[caregiver-training-institution-designation] 요양보호사 교육기관 지정신청 사업계획서로 방문 수수료없이 20일 만에 받는 법
==================================================
OK [Q1] QA cards count: 7 (expected >=7)
OK [Q2] intro 200 chars: 7/7 (expected 7/7)
OK [Q3] visual element per QA: 7/7 (expected 7/7)
OK [Q4] tables total: 2 (expected >=2)
OK [Q5] boxes total: 5 (expected >=3)
OK [Q6] highlights total: 26 (expected >=15)
OK [Q7] sourceNote ratio: 6/7 (expected >=4/7)
OK [Q8] FAQ count: 5 (expected >=5)
OK [Q9] sources URL count: 3 (expected >=3)
OK [Q10] keyFacts rows: 9 (expected >=9)
OK [Q11] title keywords in body: 4/4 (expected 4/4)
OK [Q12] speculation words ban: none (expected 0)
OK [Q13] slug ASCII: caregiver-training-institution-designation (expected a-z 0-9 - _)

Pass rate: 13/13 = 100%
PASS

==================================================
[catastrophic-medical-expenses] 재난적 의료비 지원 소득재산 기준과 지원제외 항목까지
==================================================
OK [Q1] QA cards count: 7 (expected >=7)
OK [Q2] intro 200 chars: 7/7 (expected 7/7)
OK [Q3] visual element per QA: 7/7 (expected 7/7)
OK [Q4] tables total: 4 (expected >=2)
OK [Q5] boxes total: 3 (expected >=3)
OK [Q6] highlights total: 30 (expected >=15)
OK [Q7] sourceNote ratio: 7/7 (expected >=4/7)
OK [Q8] FAQ count: 5 (expected >=5)
OK [Q9] sources URL count: 3 (expected >=3)
OK [Q10] keyFacts rows: 9 (expected >=9)
XX [Q11] title keywords in body: no titleKeywords (expected titleKeywords defined)
     add titleKeywords field to policy data
OK [Q12] speculation words ban: none (expected 0)
OK [Q13] slug ASCII: catastrophic-medical-expenses (expected a-z 0-9 - _)

Pass rate: 12/13 = 92%
PASS

==================================================
[ccrs-microloan-guarantee] 개인회생 대출 가능한 곳, 신용회복위원회 소액금융보증 최대 1500만원
==================================================
OK [Q1] QA cards count: 7 (expected >=7)
OK [Q2] intro 200 chars: 7/7 (expected 7/7)
OK [Q3] visual element per QA: 7/7 (expected 7/7)
OK [Q4] tables total: 3 (expected >=2)
OK [Q5] boxes total: 4 (expected >=3)
OK [Q6] highlights total: 28 (expected >=15)
OK [Q7] sourceNote ratio: 7/7 (expected >=4/7)
OK [Q8] FAQ count: 5 (expected >=5)
OK [Q9] sources URL count: 3 (expected >=3)
XX [Q10] keyFacts rows: 8 (expected >=9)
XX [Q11] title keywords in body: 3/4 (expected 4/4)
     missing in body: 채무조정 성실상환자
OK [Q12] speculation words ban: none (expected 0)
OK [Q13] slug ASCII: ccrs-microloan-guarantee (expected a-z 0-9 - _)

Pass rate: 11/13 = 85%
PASS

==================================================
[chief-information-security-officer-report] 정보보호 최고책임자 지정신고 신고서없이 중앙전파관리소 수수료없이 30일 만에 하는 법
==================================================
OK [Q1] QA cards count: 7 (expected >=7)
OK [Q2] intro 200 chars: 7/7 (expected 7/7)
OK [Q3] visual element per QA: 7/7 (expected 7/7)
OK [Q4] tables total: 3 (expected >=2)
OK [Q5] boxes total: 4 (expected >=3)
OK [Q6] highlights total: 27 (expected >=15)
OK [Q7] sourceNote ratio: 7/7 (expected >=4/7)
OK [Q8] FAQ count: 5 (expected >=5)
OK [Q9] sources URL count: 3 (expected >=3)
OK [Q10] keyFacts rows: 9 (expected >=9)
OK [Q11] title keywords in body: 4/4 (expected 4/4)
OK [Q12] speculation words ban: none (expected 0)
OK [Q13] slug ASCII: chief-information-security-officer-report (expected a-z 0-9 - _)

Pass rate: 13/13 = 100%
PASS

==================================================
[child-care-service] 아이돌봄서비스 시간제·종일제 차이와 신청방법, 본인부담금까지
==================================================
OK [Q1] QA cards count: 8 (expected >=7)
OK [Q2] intro 200 chars: 8/8 (expected 8/8)
OK [Q3] visual element per QA: 8/8 (expected 8/8)
OK [Q4] tables total: 4 (expected >=2)
OK [Q5] boxes total: 4 (expected >=3)
OK [Q6] highlights total: 32 (expected >=15)
OK [Q7] sourceNote ratio: 8/8 (expected >=4/8)
OK [Q8] FAQ count: 5 (expected >=5)
OK [Q9] sources URL count: 4 (expected >=3)
OK [Q10] keyFacts rows: 9 (expected >=9)
OK [Q11] title keywords in body: 4/4 (expected 4/4)
OK [Q12] speculation words ban: none (expected 0)
OK [Q13] slug ASCII: child-care-service (expected a-z 0-9 - _)

Pass rate: 13/13 = 100%
PASS

==================================================
[child-development-account] 디딤씨앗통장 신청자격과 만기지급액, 차상위계층도 되나요?
==================================================
OK [Q1] QA cards count: 7 (expected >=7)
OK [Q2] intro 200 chars: 7/7 (expected 7/7)
OK [Q3] visual element per QA: 7/7 (expected 7/7)
OK [Q4] tables total: 2 (expected >=2)
OK [Q5] boxes total: 5 (expected >=3)
OK [Q6] highlights total: 28 (expected >=15)
OK [Q7] sourceNote ratio: 7/7 (expected >=4/7)
OK [Q8] FAQ count: 5 (expected >=5)
OK [Q9] sources URL count: 4 (expected >=3)
OK [Q10] keyFacts rows: 9 (expected >=9)
XX [Q11] title keywords in body: 2/4 (expected 4/4)
     missing in body: 아동발달지원계좌, 차상위계층아동
OK [Q12] speculation words ban: none (expected 0)
OK [Q13] slug ASCII: child-development-account (expected a-z 0-9 - _)

Pass rate: 12/13 = 92%
PASS

==================================================
[child-meal-card] 아동급식카드 지원대상·신청방법·사용처 총정리, 결식우려 아동 급식지원
==================================================
OK [Q1] QA cards count: 7 (expected >=7)
OK [Q2] intro 200 chars: 7/7 (expected 7/7)
OK [Q3] visual element per QA: 7/7 (expected 7/7)
OK [Q4] tables total: 2 (expected >=2)
OK [Q5] boxes total: 5 (expected >=3)
OK [Q6] highlights total: 28 (expected >=15)
OK [Q7] sourceNote ratio: 4/7 (expected >=4/7)
OK [Q8] FAQ count: 5 (expected >=5)
OK [Q9] sources URL count: 3 (expected >=3)
OK [Q10] keyFacts rows: 9 (expected >=9)
OK [Q11] title keywords in body: 4/4 (expected 4/4)
OK [Q12] speculation words ban: none (expected 0)
OK [Q13] slug ASCII: child-meal-card (expected a-z 0-9 - _)

Pass rate: 13/13 = 100%
PASS

==================================================
[child-school-bus-report] 어린이통학버스신고 보험가입증빙서로 경찰서에 수수료없이 7일 만에 받는 법
==================================================
OK [Q1] QA cards count: 7 (expected >=7)
OK [Q2] intro 200 chars: 7/7 (expected 7/7)
OK [Q3] visual element per QA: 7/7 (expected 7/7)
OK [Q4] tables total: 3 (expected >=2)
OK [Q5] boxes total: 4 (expected >=3)
OK [Q6] highlights total: 27 (expected >=15)
OK [Q7] sourceNote ratio: 6/7 (expected >=4/7)
OK [Q8] FAQ count: 5 (expected >=5)
OK [Q9] sources URL count: 3 (expected >=3)
OK [Q10] keyFacts rows: 9 (expected >=9)
OK [Q11] title keywords in body: 4/4 (expected 4/4)
OK [Q12] speculation words ban: none (expected 0)
OK [Q13] slug ASCII: child-school-bus-report (expected a-z 0-9 - _)

Pass rate: 13/13 = 100%
PASS

==================================================
[child-sex-crime-report-reward] 아동청소년 성범죄 신고포상금 대상범죄와 신청방법, 지급 제외사유
==================================================
OK [Q1] QA cards count: 8 (expected >=7)
OK [Q2] intro 200 chars: 8/8 (expected 8/8)
OK [Q3] visual element per QA: 8/8 (expected 8/8)
OK [Q4] tables total: 2 (expected >=2)
OK [Q5] boxes total: 6 (expected >=3)
OK [Q6] highlights total: 32 (expected >=15)
OK [Q7] sourceNote ratio: 7/8 (expected >=4/8)
OK [Q8] FAQ count: 5 (expected >=5)
OK [Q9] sources URL count: 3 (expected >=3)
OK [Q10] keyFacts rows: 10 (expected >=9)
XX [Q11] title keywords in body: 1/4 (expected 4/4)
     missing in body: 아동청소년 성범죄 신고포상금, 신고 100만원, 112 신고
OK [Q12] speculation words ban: none (expected 0)
OK [Q13] slug ASCII: child-sex-crime-report-reward (expected a-z 0-9 - _)

Pass rate: 12/13 = 92%
PASS

==================================================
[child-support-advance] 양육비 선지급제 소득기준 폐지, 2026년 10월부터 소득 상관없이 월 20만원
==================================================
OK [Q1] QA cards count: 8 (expected >=7)
OK [Q2] intro 200 chars: 8/8 (expected 8/8)
OK [Q3] visual element per QA: 8/8 (expected 8/8)
OK [Q4] tables total: 2 (expected >=2)
OK [Q5] boxes total: 6 (expected >=3)
OK [Q6] highlights total: 32 (expected >=15)
OK [Q7] sourceNote ratio: 4/8 (expected >=4/8)
OK [Q8] FAQ count: 5 (expected >=5)
OK [Q9] sources URL count: 3 (expected >=3)
OK [Q10] keyFacts rows: 9 (expected >=9)
OK [Q11] title keywords in body: 4/4 (expected 4/4)
OK [Q12] speculation words ban: none (expected 0)
OK [Q13] slug ASCII: child-support-advance (expected a-z 0-9 - _)

Pass rate: 13/13 = 100%
PASS

==================================================
[child-support-enforcement] 양육비 미지급 신고부터 이행관리원 신청까지, 안 줄 때 받아내는 법
==================================================
OK [Q1] QA cards count: 7 (expected >=7)
OK [Q2] intro 200 chars: 7/7 (expected 7/7)
OK [Q3] visual element per QA: 7/7 (expected 7/7)
OK [Q4] tables total: 4 (expected >=2)
OK [Q5] boxes total: 6 (expected >=3)
OK [Q6] highlights total: 28 (expected >=15)
OK [Q7] sourceNote ratio: 7/7 (expected >=4/7)
OK [Q8] FAQ count: 5 (expected >=5)
OK [Q9] sources URL count: 5 (expected >=3)
OK [Q10] keyFacts rows: 10 (expected >=9)
OK [Q11] title keywords in body: 4/4 (expected 4/4)
OK [Q12] speculation words ban: none (expected 0)
OK [Q13] slug ASCII: child-support-enforcement (expected a-z 0-9 - _)

Pass rate: 13/13 = 100%
PASS

==================================================
[child-welfare-facility-installation-report] 아동복지시설 설치신고 사업계획서와 시설평면도로 시군구 수수료없이 20일 만에 받는 법
==================================================
OK [Q1] QA cards count: 7 (expected >=7)
OK [Q2] intro 200 chars: 7/7 (expected 7/7)
OK [Q3] visual element per QA: 7/7 (expected 7/7)
OK [Q4] tables total: 3 (expected >=2)
OK [Q5] boxes total: 4 (expected >=3)
OK [Q6] highlights total: 28 (expected >=15)
OK [Q7] sourceNote ratio: 7/7 (expected >=4/7)
OK [Q8] FAQ count: 5 (expected >=5)
OK [Q9] sources URL count: 3 (expected >=3)
OK [Q10] keyFacts rows: 9 (expected >=9)
OK [Q11] title keywords in body: 4/4 (expected 4/4)
OK [Q12] speculation words ban: none (expected 0)
OK [Q13] slug ASCII: child-welfare-facility-installation-report (expected a-z 0-9 - _)

Pass rate: 13/13 = 100%
PASS

==================================================
[childcare-infant-education] 유아 무상교육·보육 지원대상과 학부모 부담 절감액, 신청방법
==================================================
OK [Q1] QA cards count: 7 (expected >=7)
OK [Q2] intro 200 chars: 7/7 (expected 7/7)
OK [Q3] visual element per QA: 7/7 (expected 7/7)
OK [Q4] tables total: 2 (expected >=2)
OK [Q5] boxes total: 5 (expected >=3)
OK [Q6] highlights total: 29 (expected >=15)
OK [Q7] sourceNote ratio: 7/7 (expected >=4/7)
OK [Q8] FAQ count: 5 (expected >=5)
OK [Q9] sources URL count: 4 (expected >=3)
OK [Q10] keyFacts rows: 9 (expected >=9)
OK [Q11] title keywords in body: 4/4 (expected 4/4)
OK [Q12] speculation words ban: none (expected 0)
OK [Q13] slug ASCII: childcare-infant-education (expected a-z 0-9 - _)

Pass rate: 13/13 = 100%
PASS

==================================================
[cinema-closure-report] 영화상영관 폐업신고 등록증만으로 폐업 후 30일 이내 3일 만에 신고하는 법
==================================================
OK [Q1] QA cards count: 7 (expected >=7)
OK [Q2] intro 200 chars: 7/7 (expected 7/7)
OK [Q3] visual element per QA: 7/7 (expected 7/7)
OK [Q4] tables total: 3 (expected >=2)
OK [Q5] boxes total: 4 (expected >=3)
OK [Q6] highlights total: 27 (expected >=15)
OK [Q7] sourceNote ratio: 7/7 (expected >=4/7)
OK [Q8] FAQ count: 5 (expected >=5)
OK [Q9] sources URL count: 3 (expected >=3)
OK [Q10] keyFacts rows: 9 (expected >=9)
OK [Q11] title keywords in body: 4/4 (expected 4/4)
OK [Q12] speculation words ban: none (expected 0)
OK [Q13] slug ASCII: cinema-closure-report (expected a-z 0-9 - _)

Pass rate: 13/13 = 100%
PASS

==================================================
[civil-defense-training-exemption] 민방위 교육훈련 유예 면제 진단서와 확인서로 인터넷 즉시 신청하는 법
==================================================
OK [Q1] QA cards count: 7 (expected >=7)
OK [Q2] intro 200 chars: 7/7 (expected 7/7)
OK [Q3] visual element per QA: 7/7 (expected 7/7)
OK [Q4] tables total: 2 (expected >=2)
OK [Q5] boxes total: 5 (expected >=3)
OK [Q6] highlights total: 28 (expected >=15)
OK [Q7] sourceNote ratio: 6/7 (expected >=4/7)
OK [Q8] FAQ count: 5 (expected >=5)
OK [Q9] sources URL count: 3 (expected >=3)
OK [Q10] keyFacts rows: 9 (expected >=9)
OK [Q11] title keywords in body: 4/4 (expected 4/4)
OK [Q12] speculation words ban: none (expected 0)
OK [Q13] slug ASCII: civil-defense-training-exemption (expected a-z 0-9 - _)

Pass rate: 13/13 = 100%
PASS

==================================================
[climate-card-refund] 기후동행카드 환급 받는 방법…티머니 카드&페이 누리집 가입이 먼저라는데.
==================================================
OK [Q1] QA cards count: 8 (expected >=7)
OK [Q2] intro 200 chars: 8/8 (expected 8/8)
OK [Q3] visual element per QA: 8/8 (expected 8/8)
OK [Q4] tables total: 3 (expected >=2)
OK [Q5] boxes total: 6 (expected >=3)
OK [Q6] highlights total: 32 (expected >=15)
XX [Q7] sourceNote ratio: 2/8 (expected >=4/8)
OK [Q8] FAQ count: 5 (expected >=5)
OK [Q9] sources URL count: 3 (expected >=3)
OK [Q10] keyFacts rows: 10 (expected >=9)
XX [Q11] title keywords in body: 2/4 (expected 4/4)
     missing in body: 페이백 신청방법, 티머니 카드페이
OK [Q12] speculation words ban: none (expected 0)
OK [Q13] slug ASCII: climate-card-refund (expected a-z 0-9 - _)

Pass rate: 11/13 = 85%
PASS

==================================================
[closed-biz-repayment-relief] 폐업 소상공인 정책자금 상환부담 완화, 취업하면 상환연장·금리감면
==================================================
OK [Q1] QA cards count: 8 (expected >=7)
OK [Q2] intro 200 chars: 8/8 (expected 8/8)
OK [Q3] visual element per QA: 8/8 (expected 8/8)
OK [Q4] tables total: 2 (expected >=2)
OK [Q5] boxes total: 6 (expected >=3)
OK [Q6] highlights total: 32 (expected >=15)
OK [Q7] sourceNote ratio: 4/8 (expected >=4/8)
OK [Q8] FAQ count: 5 (expected >=5)
OK [Q9] sources URL count: 3 (expected >=3)
OK [Q10] keyFacts rows: 9 (expected >=9)
OK [Q11] title keywords in body: 4/4 (expected 4/4)
OK [Q12] speculation words ban: none (expected 0)
OK [Q13] slug ASCII: closed-biz-repayment-relief (expected a-z 0-9 - _)

Pass rate: 13/13 = 100%
PASS

==================================================
[coastal-safety-guard] 연안안전지킴이 자격요건과 신청방법, 근무지와 수당까지
==================================================
OK [Q1] QA cards count: 7 (expected >=7)
OK [Q2] intro 200 chars: 7/7 (expected 7/7)
OK [Q3] visual element per QA: 7/7 (expected 7/7)
OK [Q4] tables total: 2 (expected >=2)
OK [Q5] boxes total: 5 (expected >=3)
OK [Q6] highlights total: 35 (expected >=15)
OK [Q7] sourceNote ratio: 7/7 (expected >=4/7)
OK [Q8] FAQ count: 5 (expected >=5)
OK [Q9] sources URL count: 3 (expected >=3)
XX [Q10] keyFacts rows: 4 (expected >=9)
XX [Q11] title keywords in body: no titleKeywords (expected titleKeywords defined)
     add titleKeywords field to policy data
OK [Q12] speculation words ban: none (expected 0)
OK [Q13] slug ASCII: coastal-safety-guard (expected a-z 0-9 - _)

Pass rate: 11/13 = 85%
PASS

==================================================
[college-student-housing] 대학생 주거지원 행복주택 입주자격, 청년전세임대 신청방법
==================================================
OK [Q1] QA cards count: 7 (expected >=7)
OK [Q2] intro 200 chars: 7/7 (expected 7/7)
OK [Q3] visual element per QA: 7/7 (expected 7/7)
OK [Q4] tables total: 3 (expected >=2)
OK [Q5] boxes total: 5 (expected >=3)
OK [Q6] highlights total: 27 (expected >=15)
OK [Q7] sourceNote ratio: 7/7 (expected >=4/7)
OK [Q8] FAQ count: 5 (expected >=5)
OK [Q9] sources URL count: 3 (expected >=3)
OK [Q10] keyFacts rows: 9 (expected >=9)
OK [Q11] title keywords in body: 4/4 (expected 4/4)
OK [Q12] speculation words ban: none (expected 0)
OK [Q13] slug ASCII: college-student-housing (expected a-z 0-9 - _)

Pass rate: 13/13 = 100%
PASS

==================================================
[commercial-lease-fixed-date] 상가건물 확정일자 세무서에서 받고 보증금 우선변제권 확보하는 법
==================================================
OK [Q1] QA cards count: 7 (expected >=7)
OK [Q2] intro 200 chars: 7/7 (expected 7/7)
OK [Q3] visual element per QA: 7/7 (expected 7/7)
OK [Q4] tables total: 2 (expected >=2)
OK [Q5] boxes total: 6 (expected >=3)
OK [Q6] highlights total: 28 (expected >=15)
OK [Q7] sourceNote ratio: 5/7 (expected >=4/7)
OK [Q8] FAQ count: 5 (expected >=5)
OK [Q9] sources URL count: 3 (expected >=3)
OK [Q10] keyFacts rows: 10 (expected >=9)
OK [Q11] title keywords in body: 4/4 (expected 4/4)
OK [Q12] speculation words ban: none (expected 0)
OK [Q13] slug ASCII: commercial-lease-fixed-date (expected a-z 0-9 - _)

Pass rate: 13/13 = 100%
PASS

==================================================
[commercial-lease-premium] 상가 권리금 회수 방해 확인하고 손해배상 청구하는 법
==================================================
OK [Q1] QA cards count: 7 (expected >=7)
OK [Q2] intro 200 chars: 7/7 (expected 7/7)
OK [Q3] visual element per QA: 7/7 (expected 7/7)
OK [Q4] tables total: 5 (expected >=2)
OK [Q5] boxes total: 4 (expected >=3)
OK [Q6] highlights total: 28 (expected >=15)
OK [Q7] sourceNote ratio: 7/7 (expected >=4/7)
OK [Q8] FAQ count: 5 (expected >=5)
OK [Q9] sources URL count: 3 (expected >=3)
OK [Q10] keyFacts rows: 9 (expected >=9)
OK [Q11] title keywords in body: 4/4 (expected 4/4)
OK [Q12] speculation words ban: none (expected 0)
OK [Q13] slug ASCII: commercial-lease-premium (expected a-z 0-9 - _)

Pass rate: 13/13 = 100%
PASS

==================================================
[community-care-center] 다함께돌봄센터 이용대상과 이용료, 지역아동센터와 차이까지
==================================================
OK [Q1] QA cards count: 8 (expected >=7)
OK [Q2] intro 200 chars: 8/8 (expected 8/8)
OK [Q3] visual element per QA: 8/8 (expected 8/8)
OK [Q4] tables total: 4 (expected >=2)
OK [Q5] boxes total: 4 (expected >=3)
OK [Q6] highlights total: 32 (expected >=15)
OK [Q7] sourceNote ratio: 8/8 (expected >=4/8)
OK [Q8] FAQ count: 5 (expected >=5)
OK [Q9] sources URL count: 4 (expected >=3)
OK [Q10] keyFacts rows: 9 (expected >=9)
OK [Q11] title keywords in body: 4/4 (expected 4/4)
OK [Q12] speculation words ban: none (expected 0)
OK [Q13] slug ASCII: community-care-center (expected a-z 0-9 - _)

Pass rate: 13/13 = 100%
PASS

==================================================
[community-child-center] 지역아동센터 이용대상과 이용료, 다함께돌봄센터와 차이는?
==================================================
OK [Q1] QA cards count: 8 (expected >=7)
OK [Q2] intro 200 chars: 8/8 (expected 8/8)
OK [Q3] visual element per QA: 8/8 (expected 8/8)
OK [Q4] tables total: 2 (expected >=2)
OK [Q5] boxes total: 7 (expected >=3)
OK [Q6] highlights total: 32 (expected >=15)
OK [Q7] sourceNote ratio: 8/8 (expected >=4/8)
OK [Q8] FAQ count: 5 (expected >=5)
OK [Q9] sources URL count: 4 (expected >=3)
OK [Q10] keyFacts rows: 9 (expected >=9)
OK [Q11] title keywords in body: 4/4 (expected 4/4)
OK [Q12] speculation words ban: none (expected 0)
OK [Q13] slug ASCII: community-child-center (expected a-z 0-9 - _)

Pass rate: 13/13 = 100%
PASS

==================================================
[community-health-promotion] 지역사회 건강증진사업 보건소 건강검진·금연클리닉, 이용방법까지
==================================================
OK [Q1] QA cards count: 7 (expected >=7)
OK [Q2] intro 200 chars: 7/7 (expected 7/7)
OK [Q3] visual element per QA: 7/7 (expected 7/7)
OK [Q4] tables total: 2 (expected >=2)
OK [Q5] boxes total: 5 (expected >=3)
OK [Q6] highlights total: 45 (expected >=15)
OK [Q7] sourceNote ratio: 7/7 (expected >=4/7)
OK [Q8] FAQ count: 5 (expected >=5)
OK [Q9] sources URL count: 3 (expected >=3)
XX [Q10] keyFacts rows: 4 (expected >=9)
XX [Q11] title keywords in body: no titleKeywords (expected titleKeywords defined)
     add titleKeywords field to policy data
OK [Q12] speculation words ban: none (expected 0)
OK [Q13] slug ASCII: community-health-promotion (expected a-z 0-9 - _)

Pass rate: 11/13 = 85%
PASS

==================================================
[complaint-disposition-certificate] 진정 내사사건 처분결과증명 1부 500원으로 즉시 발급받는 법
==================================================
OK [Q1] QA cards count: 7 (expected >=7)
OK [Q2] intro 200 chars: 7/7 (expected 7/7)
OK [Q3] visual element per QA: 7/7 (expected 7/7)
OK [Q4] tables total: 2 (expected >=2)
OK [Q5] boxes total: 7 (expected >=3)
OK [Q6] highlights total: 28 (expected >=15)
OK [Q7] sourceNote ratio: 5/7 (expected >=4/7)
OK [Q8] FAQ count: 5 (expected >=5)
OK [Q9] sources URL count: 3 (expected >=3)
OK [Q10] keyFacts rows: 9 (expected >=9)
OK [Q11] title keywords in body: 4/4 (expected 4/4)
OK [Q12] speculation words ban: none (expected 0)
OK [Q13] slug ASCII: complaint-disposition-certificate (expected a-z 0-9 - _)

Pass rate: 13/13 = 100%
PASS

==================================================
[complaint-filing-certificate] 고소장 고발장 접수증명 1부 500원으로 검찰청에 1일 만에 발급받는 법
==================================================
OK [Q1] QA cards count: 7 (expected >=7)
OK [Q2] intro 200 chars: 7/7 (expected 7/7)
OK [Q3] visual element per QA: 7/7 (expected 7/7)
OK [Q4] tables total: 2 (expected >=2)
OK [Q5] boxes total: 7 (expected >=3)
OK [Q6] highlights total: 27 (expected >=15)
OK [Q7] sourceNote ratio: 4/7 (expected >=4/7)
OK [Q8] FAQ count: 5 (expected >=5)
OK [Q9] sources URL count: 3 (expected >=3)
OK [Q10] keyFacts rows: 9 (expected >=9)
OK [Q11] title keywords in body: 4/4 (expected 4/4)
OK [Q12] speculation words ban: none (expected 0)
OK [Q13] slug ASCII: complaint-filing-certificate (expected a-z 0-9 - _)

Pass rate: 13/13 = 100%
PASS

==================================================
[comprehensive-income-tax] 종합소득세 5월 신고기간 확인하고 홈택스로 신고하는 법
==================================================
OK [Q1] QA cards count: 7 (expected >=7)
OK [Q2] intro 200 chars: 7/7 (expected 7/7)
OK [Q3] visual element per QA: 7/7 (expected 7/7)
OK [Q4] tables total: 2 (expected >=2)
OK [Q5] boxes total: 5 (expected >=3)
OK [Q6] highlights total: 28 (expected >=15)
XX [Q7] sourceNote ratio: 0/7 (expected >=4/7)
OK [Q8] FAQ count: 5 (expected >=5)
OK [Q9] sources URL count: 3 (expected >=3)
XX [Q10] keyFacts rows: 6 (expected >=9)
OK [Q11] title keywords in body: 4/4 (expected 4/4)
OK [Q12] speculation words ban: none (expected 0)
OK [Q13] slug ASCII: comprehensive-income-tax (expected a-z 0-9 - _)

Pass rate: 11/13 = 85%
PASS

==================================================
[comprehensive-real-estate-tax] 종합부동산세 공제금액 확인하고 12월 안에 납부하는 법
==================================================
OK [Q1] QA cards count: 7 (expected >=7)
OK [Q2] intro 200 chars: 7/7 (expected 7/7)
OK [Q3] visual element per QA: 7/7 (expected 7/7)
OK [Q4] tables total: 2 (expected >=2)
OK [Q5] boxes total: 5 (expected >=3)
OK [Q6] highlights total: 28 (expected >=15)
OK [Q7] sourceNote ratio: 7/7 (expected >=4/7)
OK [Q8] FAQ count: 5 (expected >=5)
OK [Q9] sources URL count: 3 (expected >=3)
OK [Q10] keyFacts rows: 9 (expected >=9)
OK [Q11] title keywords in body: 4/4 (expected 4/4)
OK [Q12] speculation words ban: none (expected 0)
OK [Q13] slug ASCII: comprehensive-real-estate-tax (expected a-z 0-9 - _)

Pass rate: 13/13 = 100%
PASS

==================================================
[construction-business-registration] 건설업등록 보증가능금액확인서와 기술인력 갖춰 시도에 20일 만에 신청하는 법
==================================================
OK [Q1] QA cards count: 7 (expected >=7)
OK [Q2] intro 200 chars: 7/7 (expected 7/7)
OK [Q3] visual element per QA: 7/7 (expected 7/7)
OK [Q4] tables total: 2 (expected >=2)
OK [Q5] boxes total: 5 (expected >=3)
OK [Q6] highlights total: 28 (expected >=15)
OK [Q7] sourceNote ratio: 7/7 (expected >=4/7)
OK [Q8] FAQ count: 5 (expected >=5)
OK [Q9] sources URL count: 3 (expected >=3)
OK [Q10] keyFacts rows: 9 (expected >=9)
OK [Q11] title keywords in body: 4/4 (expected 4/4)
OK [Q12] speculation words ban: none (expected 0)
OK [Q13] slug ASCII: construction-business-registration (expected a-z 0-9 - _)

Pass rate: 13/13 = 100%
PASS

==================================================
[construction-engineer-career-report] 건설기술인 경력신고 경력확인서와 졸업증명서로 즉시 신고하는 법
==================================================
OK [Q1] QA cards count: 7 (expected >=7)
OK [Q2] intro 200 chars: 7/7 (expected 7/7)
OK [Q3] visual element per QA: 7/7 (expected 7/7)
OK [Q4] tables total: 2 (expected >=2)
OK [Q5] boxes total: 5 (expected >=3)
OK [Q6] highlights total: 28 (expected >=15)
OK [Q7] sourceNote ratio: 6/7 (expected >=4/7)
OK [Q8] FAQ count: 5 (expected >=5)
OK [Q9] sources URL count: 3 (expected >=3)
OK [Q10] keyFacts rows: 9 (expected >=9)
OK [Q11] title keywords in body: 4/4 (expected 4/4)
OK [Q12] speculation words ban: none (expected 0)
OK [Q13] slug ASCII: construction-engineer-career-report (expected a-z 0-9 - _)

Pass rate: 13/13 = 100%
PASS

==================================================
[construction-machinery-business-certificate-reissue] 건설기계사업자 등록증 재교부신청 대여업정비업매매업으로 시군구 500원 즉시 3시간 만에 받는 법
==================================================
OK [Q1] QA cards count: 7 (expected >=7)
OK [Q2] intro 200 chars: 7/7 (expected 7/7)
OK [Q3] visual element per QA: 7/7 (expected 7/7)
OK [Q4] tables total: 3 (expected >=2)
OK [Q5] boxes total: 4 (expected >=3)
OK [Q6] highlights total: 27 (expected >=15)
OK [Q7] sourceNote ratio: 7/7 (expected >=4/7)
OK [Q8] FAQ count: 5 (expected >=5)
OK [Q9] sources URL count: 3 (expected >=3)
OK [Q10] keyFacts rows: 10 (expected >=9)
OK [Q11] title keywords in body: 4/4 (expected 4/4)
OK [Q12] speculation words ban: none (expected 0)
OK [Q13] slug ASCII: construction-machinery-business-certificate-reissue (expected a-z 0-9 - _)

Pass rate: 13/13 = 100%
PASS

==================================================
[construction-machinery-certificate-reissue] 건설기계 등록검사증 재발급신청 훼손증명서로 시군구 500원 즉시 3시간 만에 받는 법
==================================================
OK [Q1] QA cards count: 7 (expected >=7)
OK [Q2] intro 200 chars: 7/7 (expected 7/7)
OK [Q3] visual element per QA: 7/7 (expected 7/7)
OK [Q4] tables total: 3 (expected >=2)
OK [Q5] boxes total: 4 (expected >=3)
OK [Q6] highlights total: 28 (expected >=15)
OK [Q7] sourceNote ratio: 6/7 (expected >=4/7)
OK [Q8] FAQ count: 5 (expected >=5)
OK [Q9] sources URL count: 3 (expected >=3)
OK [Q10] keyFacts rows: 9 (expected >=9)
OK [Q11] title keywords in body: 4/4 (expected 4/4)
OK [Q12] speculation words ban: none (expected 0)
OK [Q13] slug ASCII: construction-machinery-certificate-reissue (expected a-z 0-9 - _)

Pass rate: 13/13 = 100%
PASS

==================================================
[construction-machinery-maintenance-registration] 건설기계정비업등록 정비시설 증명서류로 시군구에 3만원 18일 만에 받는 법
==================================================
OK [Q1] QA cards count: 7 (expected >=7)
OK [Q2] intro 200 chars: 7/7 (expected 7/7)
OK [Q3] visual element per QA: 7/7 (expected 7/7)
OK [Q4] tables total: 2 (expected >=2)
OK [Q5] boxes total: 5 (expected >=3)
OK [Q6] highlights total: 27 (expected >=15)
OK [Q7] sourceNote ratio: 7/7 (expected >=4/7)
OK [Q8] FAQ count: 5 (expected >=5)
OK [Q9] sources URL count: 3 (expected >=3)
OK [Q10] keyFacts rows: 9 (expected >=9)
OK [Q11] title keywords in body: 4/4 (expected 4/4)
OK [Q12] speculation words ban: none (expected 0)
OK [Q13] slug ASCII: construction-machinery-maintenance-registration (expected a-z 0-9 - _)

Pass rate: 13/13 = 100%
PASS

==================================================
[cooperative-establishment-report] 협동조합 설립신고 정관과 창립총회 의사록으로 시도에 수수료 없이 20일 만에 신고하는 법
==================================================
OK [Q1] QA cards count: 7 (expected >=7)
OK [Q2] intro 200 chars: 7/7 (expected 7/7)
OK [Q3] visual element per QA: 7/7 (expected 7/7)
OK [Q4] tables total: 3 (expected >=2)
OK [Q5] boxes total: 4 (expected >=3)
OK [Q6] highlights total: 28 (expected >=15)
OK [Q7] sourceNote ratio: 7/7 (expected >=4/7)
OK [Q8] FAQ count: 5 (expected >=5)
OK [Q9] sources URL count: 3 (expected >=3)
OK [Q10] keyFacts rows: 9 (expected >=9)
OK [Q11] title keywords in body: 4/4 (expected 4/4)
OK [Q12] speculation words ban: none (expected 0)
OK [Q13] slug ASCII: cooperative-establishment-report (expected a-z 0-9 - _)

Pass rate: 13/13 = 100%
PASS

==================================================
[copyright-registration] 저작권등록 온라인 2만원 프로그램 5만원 한국저작권위원회에 7일 만에 받는 법
==================================================
OK [Q1] QA cards count: 7 (expected >=7)
OK [Q2] intro 200 chars: 7/7 (expected 7/7)
OK [Q3] visual element per QA: 7/7 (expected 7/7)
OK [Q4] tables total: 2 (expected >=2)
OK [Q5] boxes total: 5 (expected >=3)
OK [Q6] highlights total: 27 (expected >=15)
OK [Q7] sourceNote ratio: 6/7 (expected >=4/7)
OK [Q8] FAQ count: 5 (expected >=5)
OK [Q9] sources URL count: 3 (expected >=3)
OK [Q10] keyFacts rows: 9 (expected >=9)
OK [Q11] title keywords in body: 4/4 (expected 4/4)
OK [Q12] speculation words ban: none (expected 0)
OK [Q13] slug ASCII: copyright-registration (expected a-z 0-9 - _)

Pass rate: 13/13 = 100%
PASS

==================================================
[corporate-registry-certificate] 법인등기사항증명서 인터넷등기소 1000원에 즉시 발급받는 법
==================================================
OK [Q1] QA cards count: 7 (expected >=7)
OK [Q2] intro 200 chars: 7/7 (expected 7/7)
OK [Q3] visual element per QA: 7/7 (expected 7/7)
OK [Q4] tables total: 2 (expected >=2)
OK [Q5] boxes total: 7 (expected >=3)
OK [Q6] highlights total: 28 (expected >=15)
OK [Q7] sourceNote ratio: 7/7 (expected >=4/7)
OK [Q8] FAQ count: 5 (expected >=5)
OK [Q9] sources URL count: 3 (expected >=3)
OK [Q10] keyFacts rows: 9 (expected >=9)
OK [Q11] title keywords in body: 4/4 (expected 4/4)
OK [Q12] speculation words ban: none (expected 0)
OK [Q13] slug ASCII: corporate-registry-certificate (expected a-z 0-9 - _)

Pass rate: 13/13 = 100%
PASS

==================================================
[cosmetics-manufacturing-registration] 화장품제조업등록 시설명세서와 의사진단서로 지방식약청에 15일 만에 신청하는 법
==================================================
OK [Q1] QA cards count: 7 (expected >=7)
OK [Q2] intro 200 chars: 7/7 (expected 7/7)
OK [Q3] visual element per QA: 7/7 (expected 7/7)
OK [Q4] tables total: 3 (expected >=2)
OK [Q5] boxes total: 4 (expected >=3)
OK [Q6] highlights total: 27 (expected >=15)
OK [Q7] sourceNote ratio: 7/7 (expected >=4/7)
OK [Q8] FAQ count: 5 (expected >=5)
OK [Q9] sources URL count: 3 (expected >=3)
OK [Q10] keyFacts rows: 9 (expected >=9)
OK [Q11] title keywords in body: 4/4 (expected 4/4)
OK [Q12] speculation words ban: none (expected 0)
OK [Q13] slug ASCII: cosmetics-manufacturing-registration (expected a-z 0-9 - _)

Pass rate: 13/13 = 100%
PASS

==================================================
[cosmetics-responsible-sales-registration] 화장품책임판매업등록 품질관리기준서로 지방식약청 3만원 10일 만에 받는 법
==================================================
OK [Q1] QA cards count: 7 (expected >=7)
OK [Q2] intro 200 chars: 7/7 (expected 7/7)
OK [Q3] visual element per QA: 7/7 (expected 7/7)
OK [Q4] tables total: 3 (expected >=2)
OK [Q5] boxes total: 4 (expected >=3)
OK [Q6] highlights total: 28 (expected >=15)
OK [Q7] sourceNote ratio: 7/7 (expected >=4/7)
OK [Q8] FAQ count: 5 (expected >=5)
OK [Q9] sources URL count: 3 (expected >=3)
OK [Q10] keyFacts rows: 9 (expected >=9)
OK [Q11] title keywords in body: 4/4 (expected 4/4)
OK [Q12] speculation words ban: none (expected 0)
OK [Q13] slug ASCII: cosmetics-responsible-sales-registration (expected a-z 0-9 - _)

Pass rate: 13/13 = 100%
PASS

==================================================
[coupang-refund-period] 쿠팡 환불 기간 총정리, 단순변심 7일 불량 3개월 카드 며칠
==================================================
OK [Q1] QA cards count: 7 (expected >=7)
OK [Q2] intro 200 chars: 7/7 (expected 7/7)
OK [Q3] visual element per QA: 7/7 (expected 7/7)
OK [Q4] tables total: 3 (expected >=2)
OK [Q5] boxes total: 4 (expected >=3)
OK [Q6] highlights total: 28 (expected >=15)
OK [Q7] sourceNote ratio: 7/7 (expected >=4/7)
OK [Q8] FAQ count: 5 (expected >=5)
OK [Q9] sources URL count: 3 (expected >=3)
OK [Q10] keyFacts rows: 9 (expected >=9)
OK [Q11] title keywords in body: 4/4 (expected 4/4)
OK [Q12] speculation words ban: none (expected 0)
OK [Q13] slug ASCII: coupang-refund-period (expected a-z 0-9 - _)

Pass rate: 13/13 = 100%
PASS

==================================================
[court-auction] 법원경매 물건 검색하고 입찰하는 법, 보증금 10%와 무효 사유
==================================================
OK [Q1] QA cards count: 8 (expected >=7)
OK [Q2] intro 200 chars: 8/8 (expected 8/8)
OK [Q3] visual element per QA: 8/8 (expected 8/8)
OK [Q4] tables total: 7 (expected >=2)
OK [Q5] boxes total: 5 (expected >=3)
OK [Q6] highlights total: 32 (expected >=15)
OK [Q7] sourceNote ratio: 8/8 (expected >=4/8)
OK [Q8] FAQ count: 5 (expected >=5)
OK [Q9] sources URL count: 3 (expected >=3)
OK [Q10] keyFacts rows: 9 (expected >=9)
OK [Q11] title keywords in body: 4/4 (expected 4/4)
OK [Q12] speculation words ban: none (expected 0)
OK [Q13] slug ASCII: court-auction (expected a-z 0-9 - _)

Pass rate: 13/13 = 100%
PASS

==================================================
[court-judgment-copy-request] 형사재판서 등초본 교부청구 5매 1000원으로 검찰청에 1일 만에 받는 법
==================================================
OK [Q1] QA cards count: 7 (expected >=7)
OK [Q2] intro 200 chars: 7/7 (expected 7/7)
OK [Q3] visual element per QA: 7/7 (expected 7/7)
OK [Q4] tables total: 2 (expected >=2)
OK [Q5] boxes total: 7 (expected >=3)
OK [Q6] highlights total: 28 (expected >=15)
OK [Q7] sourceNote ratio: 4/7 (expected >=4/7)
OK [Q8] FAQ count: 5 (expected >=5)
OK [Q9] sources URL count: 3 (expected >=3)
OK [Q10] keyFacts rows: 9 (expected >=9)
OK [Q11] title keywords in body: 4/4 (expected 4/4)
OK [Q12] speculation words ban: none (expected 0)
OK [Q13] slug ASCII: court-judgment-copy-request (expected a-z 0-9 - _)

Pass rate: 13/13 = 100%
PASS

==================================================
[credit-bank-credit-recognition] 학점은행제 학점인정 신청 자격증과 성적증명서로 학점당 1천원 60일 만에 받는 법
==================================================
OK [Q1] QA cards count: 7 (expected >=7)
OK [Q2] intro 200 chars: 7/7 (expected 7/7)
OK [Q3] visual element per QA: 7/7 (expected 7/7)
OK [Q4] tables total: 3 (expected >=2)
OK [Q5] boxes total: 4 (expected >=3)
OK [Q6] highlights total: 28 (expected >=15)
OK [Q7] sourceNote ratio: 7/7 (expected >=4/7)
OK [Q8] FAQ count: 5 (expected >=5)
OK [Q9] sources URL count: 3 (expected >=3)
OK [Q10] keyFacts rows: 9 (expected >=9)
OK [Q11] title keywords in body: 4/4 (expected 4/4)
OK [Q12] speculation words ban: none (expected 0)
OK [Q13] slug ASCII: credit-bank-credit-recognition (expected a-z 0-9 - _)

Pass rate: 13/13 = 100%
PASS

==================================================
[credit-bank-degree-certificate] 학점은행제 학위증명서 국문 300원 영문 500원 cb.or.kr 발급법
==================================================
OK [Q1] QA cards count: 7 (expected >=7)
OK [Q2] intro 200 chars: 7/7 (expected 7/7)
OK [Q3] visual element per QA: 7/7 (expected 7/7)
OK [Q4] tables total: 2 (expected >=2)
OK [Q5] boxes total: 7 (expected >=3)
OK [Q6] highlights total: 27 (expected >=15)
OK [Q7] sourceNote ratio: 4/7 (expected >=4/7)
OK [Q8] FAQ count: 5 (expected >=5)
OK [Q9] sources URL count: 4 (expected >=3)
OK [Q10] keyFacts rows: 9 (expected >=9)
OK [Q11] title keywords in body: 4/4 (expected 4/4)
OK [Q12] speculation words ban: none (expected 0)
OK [Q13] slug ASCII: credit-bank-degree-certificate (expected a-z 0-9 - _)

Pass rate: 13/13 = 100%
PASS

==================================================
[credit-weak-smallbiz-fund] 신용취약소상공인자금 신청기간과 홀짝제, 3천만원 언제 열리나
==================================================
OK [Q1] QA cards count: 7 (expected >=7)
OK [Q2] intro 200 chars: 7/7 (expected 7/7)
OK [Q3] visual element per QA: 7/7 (expected 7/7)
OK [Q4] tables total: 7 (expected >=2)
OK [Q5] boxes total: 5 (expected >=3)
OK [Q6] highlights total: 28 (expected >=15)
OK [Q7] sourceNote ratio: 7/7 (expected >=4/7)
OK [Q8] FAQ count: 5 (expected >=5)
OK [Q9] sources URL count: 4 (expected >=3)
OK [Q10] keyFacts rows: 11 (expected >=9)
OK [Q11] title keywords in body: 4/4 (expected 4/4)
OK [Q12] speculation words ban: none (expected 0)
OK [Q13] slug ASCII: credit-weak-smallbiz-fund (expected a-z 0-9 - _)

Pass rate: 13/13 = 100%
PASS

==================================================
[crime-victim-aid] 범죄피해구조금 신청기한과 대상, 손해배상과 중복으로 받나요?
==================================================
OK [Q1] QA cards count: 7 (expected >=7)
OK [Q2] intro 200 chars: 7/7 (expected 7/7)
OK [Q3] visual element per QA: 7/7 (expected 7/7)
OK [Q4] tables total: 3 (expected >=2)
OK [Q5] boxes total: 4 (expected >=3)
OK [Q6] highlights total: 28 (expected >=15)
OK [Q7] sourceNote ratio: 7/7 (expected >=4/7)
OK [Q8] FAQ count: 5 (expected >=5)
OK [Q9] sources URL count: 4 (expected >=3)
OK [Q10] keyFacts rows: 9 (expected >=9)
OK [Q11] title keywords in body: 4/4 (expected 4/4)
OK [Q12] speculation words ban: none (expected 0)
OK [Q13] slug ASCII: crime-victim-aid (expected a-z 0-9 - _)

Pass rate: 13/13 = 100%
PASS

==================================================
[crime-victim-stable] 범죄피해자 긴급생활안정비 구조금과 중복여부, 의료비 지원까지
==================================================
OK [Q1] QA cards count: 7 (expected >=7)
OK [Q2] intro 200 chars: 7/7 (expected 7/7)
OK [Q3] visual element per QA: 7/7 (expected 7/7)
OK [Q4] tables total: 2 (expected >=2)
OK [Q5] boxes total: 5 (expected >=3)
OK [Q6] highlights total: 28 (expected >=15)
OK [Q7] sourceNote ratio: 7/7 (expected >=4/7)
OK [Q8] FAQ count: 5 (expected >=5)
OK [Q9] sources URL count: 4 (expected >=3)
OK [Q10] keyFacts rows: 9 (expected >=9)
OK [Q11] title keywords in body: 4/4 (expected 4/4)
OK [Q12] speculation words ban: none (expected 0)
OK [Q13] slug ASCII: crime-victim-stable (expected a-z 0-9 - _)

Pass rate: 13/13 = 100%
PASS

==================================================
[criminal-record-check] 범죄경력조회 취업 어린이집 경비업 등 목적별 14일 만에 신청하는 법
==================================================
OK [Q1] QA cards count: 7 (expected >=7)
OK [Q2] intro 200 chars: 7/7 (expected 7/7)
OK [Q3] visual element per QA: 7/7 (expected 7/7)
OK [Q4] tables total: 2 (expected >=2)
OK [Q5] boxes total: 7 (expected >=3)
OK [Q6] highlights total: 27 (expected >=15)
OK [Q7] sourceNote ratio: 5/7 (expected >=4/7)
OK [Q8] FAQ count: 5 (expected >=5)
OK [Q9] sources URL count: 4 (expected >=3)
OK [Q10] keyFacts rows: 9 (expected >=9)
OK [Q11] title keywords in body: 4/4 (expected 4/4)
OK [Q12] speculation words ban: none (expected 0)
OK [Q13] slug ASCII: criminal-record-check (expected a-z 0-9 - _)

Pass rate: 13/13 = 100%
PASS

==================================================
[crisis-youth-support] 위기청소년 특별지원 신청자격과 비밀보장, 다른 지원 중복여부
==================================================
OK [Q1] QA cards count: 8 (expected >=7)
OK [Q2] intro 200 chars: 8/8 (expected 8/8)
OK [Q3] visual element per QA: 8/8 (expected 8/8)
OK [Q4] tables total: 2 (expected >=2)
OK [Q5] boxes total: 7 (expected >=3)
OK [Q6] highlights total: 32 (expected >=15)
OK [Q7] sourceNote ratio: 8/8 (expected >=4/8)
OK [Q8] FAQ count: 5 (expected >=5)
OK [Q9] sources URL count: 4 (expected >=3)
OK [Q10] keyFacts rows: 9 (expected >=9)
OK [Q11] title keywords in body: 4/4 (expected 4/4)
OK [Q12] speculation words ban: none (expected 0)
OK [Q13] slug ASCII: crisis-youth-support (expected a-z 0-9 - _)

Pass rate: 13/13 = 100%
PASS

==================================================
[cultural-arts-trainee] 문화예술기관 청년 연수단원
==================================================
OK [Q1] QA cards count: 7 (expected >=7)
OK [Q2] intro 200 chars: 7/7 (expected 7/7)
OK [Q3] visual element per QA: 7/7 (expected 7/7)
OK [Q4] tables total: 2 (expected >=2)
OK [Q5] boxes total: 5 (expected >=3)
OK [Q6] highlights total: 37 (expected >=15)
OK [Q7] sourceNote ratio: 7/7 (expected >=4/7)
OK [Q8] FAQ count: 5 (expected >=5)
OK [Q9] sources URL count: 3 (expected >=3)
XX [Q10] keyFacts rows: 4 (expected >=9)
XX [Q11] title keywords in body: no titleKeywords (expected titleKeywords defined)
     add titleKeywords field to policy data
OK [Q12] speculation words ban: none (expected 0)
OK [Q13] slug ASCII: cultural-arts-trainee (expected a-z 0-9 - _)

Pass rate: 11/13 = 85%
PASS

==================================================
[culture-day] 문화가 있는 날 참여시설과 이용방법, 전부 무료인가요?
==================================================
OK [Q1] QA cards count: 7 (expected >=7)
OK [Q2] intro 200 chars: 7/7 (expected 7/7)
OK [Q3] visual element per QA: 7/7 (expected 7/7)
OK [Q4] tables total: 2 (expected >=2)
OK [Q5] boxes total: 5 (expected >=3)
OK [Q6] highlights total: 34 (expected >=15)
OK [Q7] sourceNote ratio: 7/7 (expected >=4/7)
OK [Q8] FAQ count: 5 (expected >=5)
OK [Q9] sources URL count: 3 (expected >=3)
XX [Q10] keyFacts rows: 7 (expected >=9)
XX [Q11] title keywords in body: no titleKeywords (expected titleKeywords defined)
     add titleKeywords field to policy data
OK [Q12] speculation words ban: none (expected 0)
OK [Q13] slug ASCII: culture-day (expected a-z 0-9 - _)

Pass rate: 11/13 = 85%
PASS

==================================================
[culture-nuri-card] 문화누리카드 신청방법과 사용처, 자동재충전이란?
==================================================
OK [Q1] QA cards count: 7 (expected >=7)
OK [Q2] intro 200 chars: 7/7 (expected 7/7)
OK [Q3] visual element per QA: 7/7 (expected 7/7)
OK [Q4] tables total: 3 (expected >=2)
OK [Q5] boxes total: 5 (expected >=3)
OK [Q6] highlights total: 30 (expected >=15)
OK [Q7] sourceNote ratio: 7/7 (expected >=4/7)
OK [Q8] FAQ count: 5 (expected >=5)
OK [Q9] sources URL count: 3 (expected >=3)
OK [Q10] keyFacts rows: 9 (expected >=9)
OK [Q11] title keywords in body: 4/4 (expected 4/4)
OK [Q12] speculation words ban: none (expected 0)
OK [Q13] slug ASCII: culture-nuri-card (expected a-z 0-9 - _)

Pass rate: 13/13 = 100%
PASS

==================================================
[currency-exchange-business-registration] 환전업무 등록신청 임대차계약서와 신분증으로 세관에 수수료 없이 20일 만에 신청하는 법
==================================================
OK [Q1] QA cards count: 7 (expected >=7)
OK [Q2] intro 200 chars: 7/7 (expected 7/7)
OK [Q3] visual element per QA: 7/7 (expected 7/7)
OK [Q4] tables total: 2 (expected >=2)
OK [Q5] boxes total: 7 (expected >=3)
OK [Q6] highlights total: 28 (expected >=15)
OK [Q7] sourceNote ratio: 4/7 (expected >=4/7)
OK [Q8] FAQ count: 5 (expected >=5)
OK [Q9] sources URL count: 3 (expected >=3)
OK [Q10] keyFacts rows: 9 (expected >=9)
OK [Q11] title keywords in body: 4/4 (expected 4/4)
OK [Q12] speculation words ban: none (expected 0)
OK [Q13] slug ASCII: currency-exchange-business-registration (expected a-z 0-9 - _)

Pass rate: 13/13 = 100%
PASS

==================================================
[custody-designation-report] 친권자지정 변경신고 재판등본이나 협의서로 시읍면에 신고하는 법
==================================================
OK [Q1] QA cards count: 7 (expected >=7)
OK [Q2] intro 200 chars: 7/7 (expected 7/7)
OK [Q3] visual element per QA: 7/7 (expected 7/7)
OK [Q4] tables total: 2 (expected >=2)
OK [Q5] boxes total: 7 (expected >=3)
OK [Q6] highlights total: 28 (expected >=15)
OK [Q7] sourceNote ratio: 5/7 (expected >=4/7)
OK [Q8] FAQ count: 5 (expected >=5)
OK [Q9] sources URL count: 3 (expected >=3)
OK [Q10] keyFacts rows: 9 (expected >=9)
OK [Q11] title keywords in body: 4/4 (expected 4/4)
OK [Q12] speculation words ban: none (expected 0)
OK [Q13] slug ASCII: custody-designation-report (expected a-z 0-9 - _)

Pass rate: 13/13 = 100%
PASS

==================================================
[customs-unique-code-business-application] 통관고유부호 신청 사업자등록증사본으로 세관에 수수료없이 1일 만에 받는 법
==================================================
OK [Q1] QA cards count: 7 (expected >=7)
OK [Q2] intro 200 chars: 7/7 (expected 7/7)
OK [Q3] visual element per QA: 7/7 (expected 7/7)
OK [Q4] tables total: 2 (expected >=2)
OK [Q5] boxes total: 7 (expected >=3)
OK [Q6] highlights total: 28 (expected >=15)
OK [Q7] sourceNote ratio: 4/7 (expected >=4/7)
OK [Q8] FAQ count: 5 (expected >=5)
OK [Q9] sources URL count: 3 (expected >=3)
OK [Q10] keyFacts rows: 9 (expected >=9)
OK [Q11] title keywords in body: 4/4 (expected 4/4)
OK [Q12] speculation words ban: none (expected 0)
OK [Q13] slug ASCII: customs-unique-code-business-application (expected a-z 0-9 - _)

Pass rate: 13/13 = 100%
PASS

==================================================
[daiso-stock-and-refund] 다이소 재고 확인하는 법과 환불 규정, 2주 지나면 못 받나요
==================================================
OK [Q1] QA cards count: 7 (expected >=7)
OK [Q2] intro 200 chars: 7/7 (expected 7/7)
OK [Q3] visual element per QA: 7/7 (expected 7/7)
OK [Q4] tables total: 3 (expected >=2)
OK [Q5] boxes total: 4 (expected >=3)
OK [Q6] highlights total: 28 (expected >=15)
OK [Q7] sourceNote ratio: 7/7 (expected >=4/7)
OK [Q8] FAQ count: 5 (expected >=5)
OK [Q9] sources URL count: 3 (expected >=3)
OK [Q10] keyFacts rows: 9 (expected >=9)
OK [Q11] title keywords in body: 4/4 (expected 4/4)
OK [Q12] speculation words ban: none (expected 0)
OK [Q13] slug ASCII: daiso-stock-and-refund (expected a-z 0-9 - _)

Pass rate: 13/13 = 100%
PASS

==================================================
[daycare-center-establishment-permit] 어린이집 설치인가 운영계획서 갖춰 시군구에 14일 만에 신청하는 법
==================================================
OK [Q1] QA cards count: 7 (expected >=7)
OK [Q2] intro 200 chars: 7/7 (expected 7/7)
OK [Q3] visual element per QA: 7/7 (expected 7/7)
OK [Q4] tables total: 2 (expected >=2)
OK [Q5] boxes total: 7 (expected >=3)
OK [Q6] highlights total: 28 (expected >=15)
OK [Q7] sourceNote ratio: 5/7 (expected >=4/7)
OK [Q8] FAQ count: 5 (expected >=5)
OK [Q9] sources URL count: 3 (expected >=3)
OK [Q10] keyFacts rows: 9 (expected >=9)
OK [Q11] title keywords in body: 4/4 (expected 4/4)
OK [Q12] speculation words ban: none (expected 0)
OK [Q13] slug ASCII: daycare-center-establishment-permit (expected a-z 0-9 - _)

Pass rate: 13/13 = 100%
PASS

==================================================
[dc-pension-early-withdrawal] 퇴직연금 중도인출 사유와 세금, DC형만 되나요?
==================================================
OK [Q1] QA cards count: 7 (expected >=7)
OK [Q2] intro 200 chars: 7/7 (expected 7/7)
OK [Q3] visual element per QA: 7/7 (expected 7/7)
OK [Q4] tables total: 2 (expected >=2)
OK [Q5] boxes total: 5 (expected >=3)
OK [Q6] highlights total: 28 (expected >=15)
OK [Q7] sourceNote ratio: 7/7 (expected >=4/7)
OK [Q8] FAQ count: 5 (expected >=5)
OK [Q9] sources URL count: 3 (expected >=3)
XX [Q10] keyFacts rows: 8 (expected >=9)
XX [Q11] title keywords in body: 3/4 (expected 4/4)
     missing in body: 중도인출 세금
OK [Q12] speculation words ban: none (expected 0)
OK [Q13] slug ASCII: dc-pension-early-withdrawal (expected a-z 0-9 - _)

Pass rate: 11/13 = 85%
PASS

==================================================
[death-benefit-liquidation] 사망보험금 연금으로 받기, 유동화율·기간 어떻게 정하나
==================================================
OK [Q1] QA cards count: 7 (expected >=7)
OK [Q2] intro 200 chars: 7/7 (expected 7/7)
OK [Q3] visual element per QA: 7/7 (expected 7/7)
OK [Q4] tables total: 2 (expected >=2)
OK [Q5] boxes total: 6 (expected >=3)
OK [Q6] highlights total: 28 (expected >=15)
OK [Q7] sourceNote ratio: 7/7 (expected >=4/7)
OK [Q8] FAQ count: 5 (expected >=5)
OK [Q9] sources URL count: 3 (expected >=3)
OK [Q10] keyFacts rows: 9 (expected >=9)
OK [Q11] title keywords in body: 4/4 (expected 4/4)
OK [Q12] speculation words ban: none (expected 0)
OK [Q13] slug ASCII: death-benefit-liquidation (expected a-z 0-9 - _)

Pass rate: 13/13 = 100%
PASS

==================================================
[death-report] 사망신고 1개월 이내 하고 동거친족 신고의무자 확인하는 법
==================================================
OK [Q1] QA cards count: 7 (expected >=7)
OK [Q2] intro 200 chars: 7/7 (expected 7/7)
OK [Q3] visual element per QA: 7/7 (expected 7/7)
OK [Q4] tables total: 2 (expected >=2)
OK [Q5] boxes total: 6 (expected >=3)
OK [Q6] highlights total: 28 (expected >=15)
OK [Q7] sourceNote ratio: 4/7 (expected >=4/7)
OK [Q8] FAQ count: 5 (expected >=5)
OK [Q9] sources URL count: 4 (expected >=3)
OK [Q10] keyFacts rows: 9 (expected >=9)
OK [Q11] title keywords in body: 4/4 (expected 4/4)
OK [Q12] speculation words ban: none (expected 0)
OK [Q13] slug ASCII: death-report (expected a-z 0-9 - _)

Pass rate: 13/13 = 100%
PASS

==================================================
[debt-restructuring] 개인회생·개인파산·워크아웃 차이와 채무조정 총정리
==================================================
OK [Q1] QA cards count: 7 (expected >=7)
OK [Q2] intro 200 chars: 7/7 (expected 7/7)
OK [Q3] visual element per QA: 7/7 (expected 7/7)
OK [Q4] tables total: 2 (expected >=2)
OK [Q5] boxes total: 5 (expected >=3)
OK [Q6] highlights total: 28 (expected >=15)
OK [Q7] sourceNote ratio: 4/7 (expected >=4/7)
OK [Q8] FAQ count: 5 (expected >=5)
OK [Q9] sources URL count: 3 (expected >=3)
OK [Q10] keyFacts rows: 9 (expected >=9)
OK [Q11] title keywords in body: 4/4 (expected 4/4)
OK [Q12] speculation words ban: none (expected 0)
OK [Q13] slug ASCII: debt-restructuring (expected a-z 0-9 - _)

Pass rate: 13/13 = 100%
PASS

==================================================
[debtor-lawyer-free-support] 채무자 대리인(변호사) 무료 지원사업
==================================================
OK [Q1] QA cards count: 7 (expected >=7)
OK [Q2] intro 200 chars: 7/7 (expected 7/7)
OK [Q3] visual element per QA: 7/7 (expected 7/7)
OK [Q4] tables total: 3 (expected >=2)
OK [Q5] boxes total: 4 (expected >=3)
OK [Q6] highlights total: 30 (expected >=15)
OK [Q7] sourceNote ratio: 7/7 (expected >=4/7)
OK [Q8] FAQ count: 5 (expected >=5)
OK [Q9] sources URL count: 3 (expected >=3)
OK [Q10] keyFacts rows: 9 (expected >=9)
XX [Q11] title keywords in body: no titleKeywords (expected titleKeywords defined)
     add titleKeywords field to policy data
OK [Q12] speculation words ban: none (expected 0)
OK [Q13] slug ASCII: debtor-lawyer-free-support (expected a-z 0-9 - _)

Pass rate: 12/13 = 92%
PASS

==================================================
[dementia-center] 치매안심센터 치매검진·인지강화교실 신청방법과 이용대상
==================================================
OK [Q1] QA cards count: 8 (expected >=7)
OK [Q2] intro 200 chars: 8/8 (expected 8/8)
OK [Q3] visual element per QA: 8/8 (expected 8/8)
OK [Q4] tables total: 2 (expected >=2)
OK [Q5] boxes total: 6 (expected >=3)
OK [Q6] highlights total: 32 (expected >=15)
OK [Q7] sourceNote ratio: 8/8 (expected >=4/8)
OK [Q8] FAQ count: 5 (expected >=5)
OK [Q9] sources URL count: 4 (expected >=3)
OK [Q10] keyFacts rows: 9 (expected >=9)
OK [Q11] title keywords in body: 4/4 (expected 4/4)
OK [Q12] speculation words ban: none (expected 0)
OK [Q13] slug ASCII: dementia-center (expected a-z 0-9 - _)

Pass rate: 13/13 = 100%
PASS

==================================================
[dementia-helpline] 치매상담콜센터 1899-9988 이용대상과 상담내용, 치매안심센터 차이
==================================================
OK [Q1] QA cards count: 8 (expected >=7)
OK [Q2] intro 200 chars: 8/8 (expected 8/8)
OK [Q3] visual element per QA: 8/8 (expected 8/8)
OK [Q4] tables total: 3 (expected >=2)
OK [Q5] boxes total: 5 (expected >=3)
OK [Q6] highlights total: 32 (expected >=15)
OK [Q7] sourceNote ratio: 8/8 (expected >=4/8)
OK [Q8] FAQ count: 5 (expected >=5)
OK [Q9] sources URL count: 4 (expected >=3)
OK [Q10] keyFacts rows: 9 (expected >=9)
OK [Q11] title keywords in body: 4/4 (expected 4/4)
OK [Q12] speculation words ban: none (expected 0)
OK [Q13] slug ASCII: dementia-helpline (expected a-z 0-9 - _)

Pass rate: 13/13 = 100%
PASS

==================================================
[dementia-insurance] 치매보험 가입 전 경증치매 진단기준, 왜 꼭 확인해야 하나요?
==================================================
OK [Q1] QA cards count: 7 (expected >=7)
OK [Q2] intro 200 chars: 7/7 (expected 7/7)
OK [Q3] visual element per QA: 7/7 (expected 7/7)
OK [Q4] tables total: 3 (expected >=2)
OK [Q5] boxes total: 6 (expected >=3)
OK [Q6] highlights total: 28 (expected >=15)
OK [Q7] sourceNote ratio: 7/7 (expected >=4/7)
OK [Q8] FAQ count: 5 (expected >=5)
OK [Q9] sources URL count: 3 (expected >=3)
OK [Q10] keyFacts rows: 9 (expected >=9)
OK [Q11] title keywords in body: 4/4 (expected 4/4)
OK [Q12] speculation words ban: none (expected 0)
OK [Q13] slug ASCII: dementia-insurance (expected a-z 0-9 - _)

Pass rate: 13/13 = 100%
PASS

==================================================
[dental-implant-insurance] 임플란트 건강보험 65세부터 평생 2개, 얼마나 싸지나
==================================================
OK [Q1] QA cards count: 7 (expected >=7)
OK [Q2] intro 200 chars: 7/7 (expected 7/7)
OK [Q3] visual element per QA: 7/7 (expected 7/7)
OK [Q4] tables total: 3 (expected >=2)
OK [Q5] boxes total: 4 (expected >=3)
OK [Q6] highlights total: 28 (expected >=15)
OK [Q7] sourceNote ratio: 7/7 (expected >=4/7)
OK [Q8] FAQ count: 5 (expected >=5)
OK [Q9] sources URL count: 3 (expected >=3)
XX [Q10] keyFacts rows: 7 (expected >=9)
XX [Q11] title keywords in body: 0/4 (expected 4/4)
     missing in body: 임플란트 건강보험 대상, 임플란트 평생 2개, 임플란트 본인부담률 30%, 틀니 7년 급여
OK [Q12] speculation words ban: none (expected 0)
OK [Q13] slug ASCII: dental-implant-insurance (expected a-z 0-9 - _)

Pass rate: 11/13 = 85%
PASS

==================================================
[dental-insurance-guide] 치아보험 가입 전 꼭 알아야 할 5가지, 발치 개수부터 확인하세요
==================================================
OK [Q1] QA cards count: 7 (expected >=7)
OK [Q2] intro 200 chars: 7/7 (expected 7/7)
OK [Q3] visual element per QA: 7/7 (expected 7/7)
OK [Q4] tables total: 3 (expected >=2)
OK [Q5] boxes total: 4 (expected >=3)
OK [Q6] highlights total: 28 (expected >=15)
OK [Q7] sourceNote ratio: 7/7 (expected >=4/7)
OK [Q8] FAQ count: 5 (expected >=5)
OK [Q9] sources URL count: 3 (expected >=3)
OK [Q10] keyFacts rows: 9 (expected >=9)
OK [Q11] title keywords in body: 4/4 (expected 4/4)
OK [Q12] speculation words ban: none (expected 0)
OK [Q13] slug ASCII: dental-insurance-guide (expected a-z 0-9 - _)

Pass rate: 13/13 = 100%
PASS

==================================================
[diagnostic-radiation-device-installation-report] 진단용방사선발생장치 설치 사용신고 검사성적서로 시군구 수수료없이 3일 만에 받는 법
==================================================
OK [Q1] QA cards count: 7 (expected >=7)
OK [Q2] intro 200 chars: 7/7 (expected 7/7)
OK [Q3] visual element per QA: 7/7 (expected 7/7)
OK [Q4] tables total: 2 (expected >=2)
OK [Q5] boxes total: 7 (expected >=3)
OK [Q6] highlights total: 28 (expected >=15)
OK [Q7] sourceNote ratio: 6/7 (expected >=4/7)
OK [Q8] FAQ count: 5 (expected >=5)
OK [Q9] sources URL count: 3 (expected >=3)
OK [Q10] keyFacts rows: 10 (expected >=9)
OK [Q11] title keywords in body: 4/4 (expected 4/4)
OK [Q12] speculation words ban: none (expected 0)
OK [Q13] slug ASCII: diagnostic-radiation-device-installation-report (expected a-z 0-9 - _)

Pass rate: 13/13 = 100%
PASS

==================================================
[didimdol-loan] 디딤돌대출 신청자격과 주택가액 한도, 생애최초·신혼 우대까지
==================================================
OK [Q1] QA cards count: 8 (expected >=7)
OK [Q2] intro 200 chars: 8/8 (expected 8/8)
OK [Q3] visual element per QA: 8/8 (expected 8/8)
OK [Q4] tables total: 2 (expected >=2)
OK [Q5] boxes total: 6 (expected >=3)
OK [Q6] highlights total: 32 (expected >=15)
OK [Q7] sourceNote ratio: 7/8 (expected >=4/8)
OK [Q8] FAQ count: 5 (expected >=5)
OK [Q9] sources URL count: 3 (expected >=3)
OK [Q10] keyFacts rows: 9 (expected >=9)
XX [Q11] title keywords in body: 3/4 (expected 4/4)
     missing in body: 금리 2.85%
OK [Q12] speculation words ban: none (expected 0)
OK [Q13] slug ASCII: didimdol-loan (expected a-z 0-9 - _)

Pass rate: 12/13 = 92%
PASS

==================================================
[direct-payment] 공익직불제 신청시기와 준수사항, 농지 작으면 못 받나요?
==================================================
OK [Q1] QA cards count: 7 (expected >=7)
OK [Q2] intro 200 chars: 7/7 (expected 7/7)
OK [Q3] visual element per QA: 7/7 (expected 7/7)
OK [Q4] tables total: 2 (expected >=2)
OK [Q5] boxes total: 6 (expected >=3)
OK [Q6] highlights total: 28 (expected >=15)
OK [Q7] sourceNote ratio: 7/7 (expected >=4/7)
OK [Q8] FAQ count: 5 (expected >=5)
OK [Q9] sources URL count: 4 (expected >=3)
OK [Q10] keyFacts rows: 9 (expected >=9)
XX [Q11] title keywords in body: 3/4 (expected 4/4)
     missing in body: 농림축산식품부
OK [Q12] speculation words ban: none (expected 0)
OK [Q13] slug ASCII: direct-payment (expected a-z 0-9 - _)

Pass rate: 12/13 = 92%
PASS

==================================================
[direct-sales-certificate-reissue] 방문판매업 다단계판매업 신고증 등록증 재발급 기존증서로 수수료없이 즉시 3시간 만에 받는 법
==================================================
OK [Q1] QA cards count: 7 (expected >=7)
OK [Q2] intro 200 chars: 7/7 (expected 7/7)
OK [Q3] visual element per QA: 7/7 (expected 7/7)
OK [Q4] tables total: 2 (expected >=2)
OK [Q5] boxes total: 7 (expected >=3)
OK [Q6] highlights total: 28 (expected >=15)
OK [Q7] sourceNote ratio: 6/7 (expected >=4/7)
OK [Q8] FAQ count: 5 (expected >=5)
OK [Q9] sources URL count: 3 (expected >=3)
OK [Q10] keyFacts rows: 9 (expected >=9)
OK [Q11] title keywords in body: 4/4 (expected 4/4)
OK [Q12] speculation words ban: none (expected 0)
OK [Q13] slug ASCII: direct-sales-certificate-reissue (expected a-z 0-9 - _)

Pass rate: 13/13 = 100%
PASS

==================================================
[disability-activity-support] 장애인 활동지원서비스 종합조사와 본인부담금, 이용시간까지
==================================================
OK [Q1] QA cards count: 8 (expected >=7)
OK [Q2] intro 200 chars: 8/8 (expected 8/8)
OK [Q3] visual element per QA: 8/8 (expected 8/8)
XX [Q4] tables total: 1 (expected >=2)
OK [Q5] boxes total: 7 (expected >=3)
OK [Q6] highlights total: 32 (expected >=15)
OK [Q7] sourceNote ratio: 4/8 (expected >=4/8)
OK [Q8] FAQ count: 5 (expected >=5)
OK [Q9] sources URL count: 4 (expected >=3)
OK [Q10] keyFacts rows: 9 (expected >=9)
OK [Q11] title keywords in body: 4/4 (expected 4/4)
OK [Q12] speculation words ban: none (expected 0)
OK [Q13] slug ASCII: disability-activity-support (expected a-z 0-9 - _)

Pass rate: 12/13 = 92%
PASS

==================================================
[disability-allowance] 장애수당 신청자격과 장애아동수당 차이, 다른 복지 중복여부
==================================================
OK [Q1] QA cards count: 7 (expected >=7)
OK [Q2] intro 200 chars: 7/7 (expected 7/7)
OK [Q3] visual element per QA: 7/7 (expected 7/7)
OK [Q4] tables total: 2 (expected >=2)
OK [Q5] boxes total: 6 (expected >=3)
OK [Q6] highlights total: 28 (expected >=15)
OK [Q7] sourceNote ratio: 7/7 (expected >=4/7)
OK [Q8] FAQ count: 5 (expected >=5)
OK [Q9] sources URL count: 4 (expected >=3)
OK [Q10] keyFacts rows: 9 (expected >=9)
XX [Q11] title keywords in body: 2/4 (expected 4/4)
     missing in body: 경증장애, 보건복지부
OK [Q12] speculation words ban: none (expected 0)
OK [Q13] slug ASCII: disability-allowance (expected a-z 0-9 - _)

Pass rate: 12/13 = 92%
PASS

==================================================
[disability-assistive-device] 장애인 보조기기 구입비 지원대상과 지원절차, 신청은 어디서
==================================================
OK [Q1] QA cards count: 7 (expected >=7)
OK [Q2] intro 200 chars: 7/7 (expected 7/7)
OK [Q3] visual element per QA: 7/7 (expected 7/7)
OK [Q4] tables total: 3 (expected >=2)
OK [Q5] boxes total: 4 (expected >=3)
OK [Q6] highlights total: 56 (expected >=15)
OK [Q7] sourceNote ratio: 7/7 (expected >=4/7)
OK [Q8] FAQ count: 5 (expected >=5)
OK [Q9] sources URL count: 3 (expected >=3)
XX [Q10] keyFacts rows: 8 (expected >=9)
XX [Q11] title keywords in body: no titleKeywords (expected titleKeywords defined)
     add titleKeywords field to policy data
OK [Q12] speculation words ban: none (expected 0)
OK [Q13] slug ASCII: disability-assistive-device (expected a-z 0-9 - _)

Pass rate: 11/13 = 85%
PASS

==================================================
[disability-card-reissue] 장애인복지카드 분실 재발급 20일 만에 신청하는 법 유효기간 만료는 예외
==================================================
OK [Q1] QA cards count: 7 (expected >=7)
OK [Q2] intro 200 chars: 7/7 (expected 7/7)
OK [Q3] visual element per QA: 7/7 (expected 7/7)
OK [Q4] tables total: 2 (expected >=2)
OK [Q5] boxes total: 7 (expected >=3)
OK [Q6] highlights total: 28 (expected >=15)
OK [Q7] sourceNote ratio: 4/7 (expected >=4/7)
OK [Q8] FAQ count: 5 (expected >=5)
OK [Q9] sources URL count: 3 (expected >=3)
OK [Q10] keyFacts rows: 9 (expected >=9)
OK [Q11] title keywords in body: 4/4 (expected 4/4)
OK [Q12] speculation words ban: none (expected 0)
OK [Q13] slug ASCII: disability-card-reissue (expected a-z 0-9 - _)

Pass rate: 13/13 = 100%
PASS

==================================================
[disability-child-allowance] 장애아동수당 신청자격과 아동수당 중복여부, 18세 되면 어떻게
==================================================
OK [Q1] QA cards count: 8 (expected >=7)
OK [Q2] intro 200 chars: 8/8 (expected 8/8)
OK [Q3] visual element per QA: 8/8 (expected 8/8)
OK [Q4] tables total: 4 (expected >=2)
OK [Q5] boxes total: 4 (expected >=3)
OK [Q6] highlights total: 32 (expected >=15)
OK [Q7] sourceNote ratio: 8/8 (expected >=4/8)
OK [Q8] FAQ count: 5 (expected >=5)
OK [Q9] sources URL count: 4 (expected >=3)
OK [Q10] keyFacts rows: 9 (expected >=9)
OK [Q11] title keywords in body: 4/4 (expected 4/4)
OK [Q12] speculation words ban: none (expected 0)
OK [Q13] slug ASCII: disability-child-allowance (expected a-z 0-9 - _)

Pass rate: 13/13 = 100%
PASS

==================================================
[disability-degree-adjustment] 장애정도 조정신청 상태 변화 시 30일 만에 등급 재심사받는 법
==================================================
OK [Q1] QA cards count: 7 (expected >=7)
OK [Q2] intro 200 chars: 7/7 (expected 7/7)
OK [Q3] visual element per QA: 7/7 (expected 7/7)
OK [Q4] tables total: 2 (expected >=2)
OK [Q5] boxes total: 7 (expected >=3)
OK [Q6] highlights total: 28 (expected >=15)
OK [Q7] sourceNote ratio: 6/7 (expected >=4/7)
OK [Q8] FAQ count: 5 (expected >=5)
OK [Q9] sources URL count: 3 (expected >=3)
OK [Q10] keyFacts rows: 9 (expected >=9)
OK [Q11] title keywords in body: 4/4 (expected 4/4)
OK [Q12] speculation words ban: none (expected 0)
OK [Q13] slug ASCII: disability-degree-adjustment (expected a-z 0-9 - _)

Pass rate: 13/13 = 100%
PASS

==================================================
[disability-pension] 장애인연금 신청자격과 장애수당 차이, 기초연금 중복여부
==================================================
OK [Q1] QA cards count: 7 (expected >=7)
OK [Q2] intro 200 chars: 7/7 (expected 7/7)
OK [Q3] visual element per QA: 7/7 (expected 7/7)
OK [Q4] tables total: 3 (expected >=2)
OK [Q5] boxes total: 4 (expected >=3)
OK [Q6] highlights total: 28 (expected >=15)
OK [Q7] sourceNote ratio: 7/7 (expected >=4/7)
OK [Q8] FAQ count: 5 (expected >=5)
OK [Q9] sources URL count: 4 (expected >=3)
OK [Q10] keyFacts rows: 9 (expected >=9)
OK [Q11] title keywords in body: 4/4 (expected 4/4)
OK [Q12] speculation words ban: none (expected 0)
OK [Q13] slug ASCII: disability-pension (expected a-z 0-9 - _)

Pass rate: 13/13 = 100%
PASS

==================================================
[disability-registration] 장애인 등록 신청 총 30일 걸리는 이유와 국민연금공단 심사 절차 아는 법
==================================================
OK [Q1] QA cards count: 7 (expected >=7)
OK [Q2] intro 200 chars: 7/7 (expected 7/7)
OK [Q3] visual element per QA: 7/7 (expected 7/7)
OK [Q4] tables total: 2 (expected >=2)
OK [Q5] boxes total: 6 (expected >=3)
OK [Q6] highlights total: 28 (expected >=15)
OK [Q7] sourceNote ratio: 4/7 (expected >=4/7)
OK [Q8] FAQ count: 5 (expected >=5)
OK [Q9] sources URL count: 3 (expected >=3)
OK [Q10] keyFacts rows: 9 (expected >=9)
OK [Q11] title keywords in body: 4/4 (expected 4/4)
OK [Q12] speculation words ban: none (expected 0)
OK [Q13] slug ASCII: disability-registration (expected a-z 0-9 - _)

Pass rate: 13/13 = 100%
PASS

==================================================
[disability-self-reliance-loan] 장애인 자립자금 대여 한도와 상환조건, 사용용도까지
==================================================
OK [Q1] QA cards count: 7 (expected >=7)
OK [Q2] intro 200 chars: 7/7 (expected 7/7)
OK [Q3] visual element per QA: 7/7 (expected 7/7)
OK [Q4] tables total: 4 (expected >=2)
OK [Q5] boxes total: 3 (expected >=3)
OK [Q6] highlights total: 41 (expected >=15)
XX [Q7] sourceNote ratio: 0/7 (expected >=4/7)
OK [Q8] FAQ count: 5 (expected >=5)
OK [Q9] sources URL count: 4 (expected >=3)
OK [Q10] keyFacts rows: 9 (expected >=9)
XX [Q11] title keywords in body: no titleKeywords (expected titleKeywords defined)
     add titleKeywords field to policy data
OK [Q12] speculation words ban: none (expected 0)
OK [Q13] slug ASCII: disability-self-reliance-loan (expected a-z 0-9 - _)

Pass rate: 11/13 = 85%
PASS

==================================================
[disability-standard-workplace-certification] 장애인 표준사업장 인증신청 임금대장사본으로 한국장애인고용공단 수수료없이 61일 만에 받는 법
==================================================
OK [Q1] QA cards count: 7 (expected >=7)
OK [Q2] intro 200 chars: 7/7 (expected 7/7)
OK [Q3] visual element per QA: 7/7 (expected 7/7)
OK [Q4] tables total: 2 (expected >=2)
OK [Q5] boxes total: 7 (expected >=3)
OK [Q6] highlights total: 28 (expected >=15)
OK [Q7] sourceNote ratio: 6/7 (expected >=4/7)
OK [Q8] FAQ count: 5 (expected >=5)
OK [Q9] sources URL count: 3 (expected >=3)
OK [Q10] keyFacts rows: 9 (expected >=9)
OK [Q11] title keywords in body: 4/4 (expected 4/4)
OK [Q12] speculation words ban: none (expected 0)
OK [Q13] slug ASCII: disability-standard-workplace-certification (expected a-z 0-9 - _)

Pass rate: 13/13 = 100%
PASS

==================================================
[disability-startup-store] 장애인 창업점포 지원 사전교육과 선정절차, 신청방법까지
==================================================
OK [Q1] QA cards count: 7 (expected >=7)
OK [Q2] intro 200 chars: 7/7 (expected 7/7)
OK [Q3] visual element per QA: 7/7 (expected 7/7)
OK [Q4] tables total: 4 (expected >=2)
OK [Q5] boxes total: 4 (expected >=3)
OK [Q6] highlights total: 27 (expected >=15)
OK [Q7] sourceNote ratio: 4/7 (expected >=4/7)
OK [Q8] FAQ count: 5 (expected >=5)
OK [Q9] sources URL count: 3 (expected >=3)
OK [Q10] keyFacts rows: 9 (expected >=9)
OK [Q11] title keywords in body: 4/4 (expected 4/4)
OK [Q12] speculation words ban: none (expected 0)
OK [Q13] slug ASCII: disability-startup-store (expected a-z 0-9 - _)

Pass rate: 13/13 = 100%
PASS

==================================================
[disability-welfare-facility-report] 장애인복지시설 설치운영신고 사업계획서 갖춰 시군구에 수수료 없이 10일 만에 신청하는 법
==================================================
OK [Q1] QA cards count: 7 (expected >=7)
OK [Q2] intro 200 chars: 7/7 (expected 7/7)
OK [Q3] visual element per QA: 7/7 (expected 7/7)
OK [Q4] tables total: 2 (expected >=2)
OK [Q5] boxes total: 7 (expected >=3)
OK [Q6] highlights total: 28 (expected >=15)
OK [Q7] sourceNote ratio: 6/7 (expected >=4/7)
OK [Q8] FAQ count: 5 (expected >=5)
OK [Q9] sources URL count: 3 (expected >=3)
OK [Q10] keyFacts rows: 9 (expected >=9)
OK [Q11] title keywords in body: 4/4 (expected 4/4)
OK [Q12] speculation words ban: none (expected 0)
OK [Q13] slug ASCII: disability-welfare-facility-report (expected a-z 0-9 - _)

Pass rate: 13/13 = 100%
PASS

==================================================
[disabled-biz-support-fund] 장애인기업지원자금 고정 2%에 7년, 복지카드만 있으면 되나
==================================================
OK [Q1] QA cards count: 7 (expected >=7)
OK [Q2] intro 200 chars: 7/7 (expected 7/7)
OK [Q3] visual element per QA: 7/7 (expected 7/7)
OK [Q4] tables total: 7 (expected >=2)
OK [Q5] boxes total: 4 (expected >=3)
OK [Q6] highlights total: 28 (expected >=15)
OK [Q7] sourceNote ratio: 7/7 (expected >=4/7)
OK [Q8] FAQ count: 5 (expected >=5)
OK [Q9] sources URL count: 4 (expected >=3)
OK [Q10] keyFacts rows: 11 (expected >=9)
OK [Q11] title keywords in body: 4/4 (expected 4/4)
OK [Q12] speculation words ban: none (expected 0)
OK [Q13] slug ASCII: disabled-biz-support-fund (expected a-z 0-9 - _)

Pass rate: 13/13 = 100%
PASS

==================================================
[disabled-enterprise-certificate] 장애인기업확인서 주식변동명세서와 장애인증명서로 7일 만에 발급받는 법
==================================================
OK [Q1] QA cards count: 7 (expected >=7)
OK [Q2] intro 200 chars: 7/7 (expected 7/7)
OK [Q3] visual element per QA: 7/7 (expected 7/7)
OK [Q4] tables total: 2 (expected >=2)
OK [Q5] boxes total: 7 (expected >=3)
OK [Q6] highlights total: 26 (expected >=15)
OK [Q7] sourceNote ratio: 6/7 (expected >=4/7)
OK [Q8] FAQ count: 5 (expected >=5)
OK [Q9] sources URL count: 3 (expected >=3)
OK [Q10] keyFacts rows: 9 (expected >=9)
OK [Q11] title keywords in body: 4/4 (expected 4/4)
OK [Q12] speculation words ban: none (expected 0)
OK [Q13] slug ASCII: disabled-enterprise-certificate (expected a-z 0-9 - _)

Pass rate: 13/13 = 100%
PASS

==================================================
[disabled-vehicle-tag] 장애인 자동차표지 무료 발급받고 주차·통행료 감면 받는 법
==================================================
OK [Q1] QA cards count: 7 (expected >=7)
OK [Q2] intro 200 chars: 7/7 (expected 7/7)
OK [Q3] visual element per QA: 7/7 (expected 7/7)
OK [Q4] tables total: 2 (expected >=2)
OK [Q5] boxes total: 6 (expected >=3)
OK [Q6] highlights total: 28 (expected >=15)
OK [Q7] sourceNote ratio: 4/7 (expected >=4/7)
OK [Q8] FAQ count: 5 (expected >=5)
OK [Q9] sources URL count: 4 (expected >=3)
OK [Q10] keyFacts rows: 9 (expected >=9)
OK [Q11] title keywords in body: 4/4 (expected 4/4)
OK [Q12] speculation words ban: none (expected 0)
OK [Q13] slug ASCII: disabled-vehicle-tag (expected a-z 0-9 - _)

Pass rate: 13/13 = 100%
PASS

==================================================
[disabled-women-childcare] 여성장애인 보육특례 우선입소 점수와 보육료 계산, 중복지원까지
==================================================
OK [Q1] QA cards count: 7 (expected >=7)
OK [Q2] intro 200 chars: 7/7 (expected 7/7)
OK [Q3] visual element per QA: 7/7 (expected 7/7)
OK [Q4] tables total: 3 (expected >=2)
OK [Q5] boxes total: 4 (expected >=3)
OK [Q6] highlights total: 28 (expected >=15)
OK [Q7] sourceNote ratio: 7/7 (expected >=4/7)
OK [Q8] FAQ count: 5 (expected >=5)
OK [Q9] sources URL count: 4 (expected >=3)
OK [Q10] keyFacts rows: 9 (expected >=9)
XX [Q11] title keywords in body: 1/4 (expected 4/4)
     missing in body: 보육특례, 어린이집우선입소, 장애부모자녀
OK [Q12] speculation words ban: none (expected 0)
OK [Q13] slug ASCII: disabled-women-childcare (expected a-z 0-9 - _)

Pass rate: 12/13 = 92%
PASS

==================================================
[disinfection-business-report] 소독업 신고 시설장비인력명세서로 시군구 수수료없이 7일 만에 받는 법
==================================================
OK [Q1] QA cards count: 7 (expected >=7)
OK [Q2] intro 200 chars: 7/7 (expected 7/7)
OK [Q3] visual element per QA: 7/7 (expected 7/7)
OK [Q4] tables total: 2 (expected >=2)
OK [Q5] boxes total: 7 (expected >=3)
OK [Q6] highlights total: 28 (expected >=15)
OK [Q7] sourceNote ratio: 6/7 (expected >=4/7)
OK [Q8] FAQ count: 5 (expected >=5)
OK [Q9] sources URL count: 3 (expected >=3)
OK [Q10] keyFacts rows: 9 (expected >=9)
OK [Q11] title keywords in body: 4/4 (expected 4/4)
OK [Q12] speculation words ban: none (expected 0)
OK [Q13] slug ASCII: disinfection-business-report (expected a-z 0-9 - _)

Pass rate: 13/13 = 100%
PASS

==================================================
[divorce-report] 협의이혼신고 확인서등본 챙기고 친권자지정까지 한번에 신고하는 법
==================================================
OK [Q1] QA cards count: 7 (expected >=7)
OK [Q2] intro 200 chars: 7/7 (expected 7/7)
OK [Q3] visual element per QA: 7/7 (expected 7/7)
OK [Q4] tables total: 2 (expected >=2)
OK [Q5] boxes total: 6 (expected >=3)
OK [Q6] highlights total: 28 (expected >=15)
OK [Q7] sourceNote ratio: 4/7 (expected >=4/7)
OK [Q8] FAQ count: 5 (expected >=5)
OK [Q9] sources URL count: 4 (expected >=3)
OK [Q10] keyFacts rows: 9 (expected >=9)
OK [Q11] title keywords in body: 4/4 (expected 4/4)
OK [Q12] speculation words ban: none (expected 0)
OK [Q13] slug ASCII: divorce-report (expected a-z 0-9 - _)

Pass rate: 13/13 = 100%
PASS

==================================================
[dollar-insurance-warning] 달러보험 가입 전 꼭 확인할 4가지, 환테크 상품 아닌 이유
==================================================
OK [Q1] QA cards count: 7 (expected >=7)
OK [Q2] intro 200 chars: 7/7 (expected 7/7)
OK [Q3] visual element per QA: 7/7 (expected 7/7)
OK [Q4] tables total: 3 (expected >=2)
OK [Q5] boxes total: 5 (expected >=3)
OK [Q6] highlights total: 28 (expected >=15)
OK [Q7] sourceNote ratio: 7/7 (expected >=4/7)
OK [Q8] FAQ count: 5 (expected >=5)
OK [Q9] sources URL count: 3 (expected >=3)
OK [Q10] keyFacts rows: 9 (expected >=9)
OK [Q11] title keywords in body: 4/4 (expected 4/4)
OK [Q12] speculation words ban: none (expected 0)
OK [Q13] slug ASCII: dollar-insurance-warning (expected a-z 0-9 - _)

Pass rate: 13/13 = 100%
PASS

==================================================
[domestic-residence-report-certificate] 외국국적동포 국내거소신고 사실증명 인터넷 무료 발급받는 법
==================================================
OK [Q1] QA cards count: 7 (expected >=7)
OK [Q2] intro 200 chars: 7/7 (expected 7/7)
OK [Q3] visual element per QA: 7/7 (expected 7/7)
OK [Q4] tables total: 3 (expected >=2)
OK [Q5] boxes total: 6 (expected >=3)
OK [Q6] highlights total: 28 (expected >=15)
OK [Q7] sourceNote ratio: 6/7 (expected >=4/7)
OK [Q8] FAQ count: 5 (expected >=5)
OK [Q9] sources URL count: 3 (expected >=3)
OK [Q10] keyFacts rows: 9 (expected >=9)
OK [Q11] title keywords in body: 4/4 (expected 4/4)
OK [Q12] speculation words ban: none (expected 0)
OK [Q13] slug ASCII: domestic-residence-report-certificate (expected a-z 0-9 - _)

Pass rate: 13/13 = 100%
PASS

==================================================
[domestic-residence-report] 재외동포 F-4 국내거소신고 여권 사진으로 35000원 즉시 신고하는 법
==================================================
OK [Q1] QA cards count: 7 (expected >=7)
OK [Q2] intro 200 chars: 7/7 (expected 7/7)
OK [Q3] visual element per QA: 7/7 (expected 7/7)
OK [Q4] tables total: 2 (expected >=2)
OK [Q5] boxes total: 7 (expected >=3)
OK [Q6] highlights total: 28 (expected >=15)
OK [Q7] sourceNote ratio: 6/7 (expected >=4/7)
OK [Q8] FAQ count: 5 (expected >=5)
OK [Q9] sources URL count: 3 (expected >=3)
OK [Q10] keyFacts rows: 9 (expected >=9)
OK [Q11] title keywords in body: 4/4 (expected 4/4)
OK [Q12] speculation words ban: none (expected 0)
OK [Q13] slug ASCII: domestic-residence-report (expected a-z 0-9 - _)

Pass rate: 13/13 = 100%
PASS

==================================================
[door-to-door-sales-registration] 방문판매업신고 전화권유판매업 서류 갖춰 시군구에 3일 만에 신청하는 법
==================================================
OK [Q1] QA cards count: 7 (expected >=7)
OK [Q2] intro 200 chars: 7/7 (expected 7/7)
OK [Q3] visual element per QA: 7/7 (expected 7/7)
OK [Q4] tables total: 2 (expected >=2)
OK [Q5] boxes total: 7 (expected >=3)
OK [Q6] highlights total: 28 (expected >=15)
OK [Q7] sourceNote ratio: 6/7 (expected >=4/7)
OK [Q8] FAQ count: 5 (expected >=5)
OK [Q9] sources URL count: 3 (expected >=3)
OK [Q10] keyFacts rows: 9 (expected >=9)
OK [Q11] title keywords in body: 4/4 (expected 4/4)
OK [Q12] speculation words ban: none (expected 0)
OK [Q13] slug ASCII: door-to-door-sales-registration (expected a-z 0-9 - _)

Pass rate: 13/13 = 100%
PASS

==================================================
[dosu-therapy] 도수치료 가격·이용기준, 2026년 7월 관리급여로 이렇게 바뀝니다
==================================================
OK [Q1] QA cards count: 8 (expected >=7)
OK [Q2] intro 200 chars: 8/8 (expected 8/8)
OK [Q3] visual element per QA: 8/8 (expected 8/8)
OK [Q4] tables total: 2 (expected >=2)
OK [Q5] boxes total: 6 (expected >=3)
OK [Q6] highlights total: 32 (expected >=15)
XX [Q7] sourceNote ratio: 0/8 (expected >=4/8)
OK [Q8] FAQ count: 5 (expected >=5)
OK [Q9] sources URL count: 3 (expected >=3)
OK [Q10] keyFacts rows: 10 (expected >=9)
OK [Q11] title keywords in body: 4/4 (expected 4/4)
OK [Q12] speculation words ban: none (expected 0)
OK [Q13] slug ASCII: dosu-therapy (expected a-z 0-9 - _)

Pass rate: 12/13 = 92%
PASS

==================================================
[dream-ladder] 꿈사다리 장학사업 드림장학금과 차이, 멘토링은 어떻게 하나요?
==================================================
OK [Q1] QA cards count: 8 (expected >=7)
OK [Q2] intro 200 chars: 8/8 (expected 8/8)
OK [Q3] visual element per QA: 8/8 (expected 8/8)
OK [Q4] tables total: 2 (expected >=2)
OK [Q5] boxes total: 6 (expected >=3)
OK [Q6] highlights total: 32 (expected >=15)
OK [Q7] sourceNote ratio: 8/8 (expected >=4/8)
OK [Q8] FAQ count: 5 (expected >=5)
OK [Q9] sources URL count: 4 (expected >=3)
OK [Q10] keyFacts rows: 9 (expected >=9)
OK [Q11] title keywords in body: 4/4 (expected 4/4)
OK [Q12] speculation words ban: none (expected 0)
OK [Q13] slug ASCII: dream-ladder (expected a-z 0-9 - _)

Pass rate: 13/13 = 100%
PASS

==================================================
[dream-scholarship] 드림장학금 꿈사다리와 차이, 해외유학과 국내진학 신청조건
==================================================
OK [Q1] QA cards count: 8 (expected >=7)
OK [Q2] intro 200 chars: 8/8 (expected 8/8)
OK [Q3] visual element per QA: 8/8 (expected 8/8)
OK [Q4] tables total: 2 (expected >=2)
OK [Q5] boxes total: 6 (expected >=3)
OK [Q6] highlights total: 32 (expected >=15)
OK [Q7] sourceNote ratio: 8/8 (expected >=4/8)
OK [Q8] FAQ count: 5 (expected >=5)
OK [Q9] sources URL count: 4 (expected >=3)
OK [Q10] keyFacts rows: 9 (expected >=9)
OK [Q11] title keywords in body: 4/4 (expected 4/4)
OK [Q12] speculation words ban: none (expected 0)
OK [Q13] slug ASCII: dream-scholarship (expected a-z 0-9 - _)

Pass rate: 13/13 = 100%
PASS

==================================================
[dream-start] 드림스타트 사례관리와 건강·학습 서비스, 다른 사업과 중복여부
==================================================
OK [Q1] QA cards count: 8 (expected >=7)
OK [Q2] intro 200 chars: 8/8 (expected 8/8)
OK [Q3] visual element per QA: 8/8 (expected 8/8)
OK [Q4] tables total: 3 (expected >=2)
OK [Q5] boxes total: 5 (expected >=3)
OK [Q6] highlights total: 32 (expected >=15)
OK [Q7] sourceNote ratio: 8/8 (expected >=4/8)
OK [Q8] FAQ count: 5 (expected >=5)
OK [Q9] sources URL count: 4 (expected >=3)
OK [Q10] keyFacts rows: 9 (expected >=9)
OK [Q11] title keywords in body: 4/4 (expected 4/4)
OK [Q12] speculation words ban: none (expected 0)
OK [Q13] slug ASCII: dream-start (expected a-z 0-9 - _)

Pass rate: 13/13 = 100%
PASS

==================================================
[driver-insurance-vs-auto-insurance] 운전자보험 자동차보험 차이, 둘 다 가입해야 하나요
==================================================
OK [Q1] QA cards count: 7 (expected >=7)
OK [Q2] intro 200 chars: 7/7 (expected 7/7)
OK [Q3] visual element per QA: 7/7 (expected 7/7)
OK [Q4] tables total: 2 (expected >=2)
OK [Q5] boxes total: 5 (expected >=3)
OK [Q6] highlights total: 28 (expected >=15)
OK [Q7] sourceNote ratio: 7/7 (expected >=4/7)
OK [Q8] FAQ count: 5 (expected >=5)
OK [Q9] sources URL count: 3 (expected >=3)
XX [Q10] keyFacts rows: 4 (expected >=9)
XX [Q11] title keywords in body: 0/4 (expected 4/4)
     missing in body: 운전자보험 자동차보험 차이, 의무보험 임의보험, 변호사선임비용 벌금, 형사합의금 보장
OK [Q12] speculation words ban: none (expected 0)
OK [Q13] slug ASCII: driver-insurance-vs-auto-insurance (expected a-z 0-9 - _)

Pass rate: 11/13 = 85%
PASS

==================================================
[drivers-license-periodic-checkup] 운전면허 정기적성검사 10년마다 받고 판정료 6000원 준비하는 법
==================================================
OK [Q1] QA cards count: 7 (expected >=7)
OK [Q2] intro 200 chars: 7/7 (expected 7/7)
OK [Q3] visual element per QA: 7/7 (expected 7/7)
OK [Q4] tables total: 3 (expected >=2)
OK [Q5] boxes total: 4 (expected >=3)
OK [Q6] highlights total: 28 (expected >=15)
OK [Q7] sourceNote ratio: 4/7 (expected >=4/7)
OK [Q8] FAQ count: 5 (expected >=5)
OK [Q9] sources URL count: 3 (expected >=3)
OK [Q10] keyFacts rows: 9 (expected >=9)
OK [Q11] title keywords in body: 4/4 (expected 4/4)
OK [Q12] speculation words ban: none (expected 0)
OK [Q13] slug ASCII: drivers-license-periodic-checkup (expected a-z 0-9 - _)

Pass rate: 13/13 = 100%
PASS

==================================================
[drivers-license-reissue] 운전면허증 재발급 운전면허시험장 가면 즉시 받는 법
==================================================
OK [Q1] QA cards count: 7 (expected >=7)
OK [Q2] intro 200 chars: 7/7 (expected 7/7)
OK [Q3] visual element per QA: 7/7 (expected 7/7)
OK [Q4] tables total: 2 (expected >=2)
OK [Q5] boxes total: 5 (expected >=3)
OK [Q6] highlights total: 27 (expected >=15)
OK [Q7] sourceNote ratio: 4/7 (expected >=4/7)
OK [Q8] FAQ count: 5 (expected >=5)
OK [Q9] sources URL count: 3 (expected >=3)
OK [Q10] keyFacts rows: 9 (expected >=9)
OK [Q11] title keywords in body: 4/4 (expected 4/4)
OK [Q12] speculation words ban: none (expected 0)
OK [Q13] slug ASCII: drivers-license-reissue (expected a-z 0-9 - _)

Pass rate: 13/13 = 100%
PASS

==================================================
[driving-record-certificate] 운전경력증명서 신분증만 있으면 무료로 즉시 인터넷 발급받는 법
==================================================
OK [Q1] QA cards count: 7 (expected >=7)
OK [Q2] intro 200 chars: 7/7 (expected 7/7)
OK [Q3] visual element per QA: 7/7 (expected 7/7)
OK [Q4] tables total: 2 (expected >=2)
OK [Q5] boxes total: 7 (expected >=3)
OK [Q6] highlights total: 28 (expected >=15)
OK [Q7] sourceNote ratio: 4/7 (expected >=4/7)
OK [Q8] FAQ count: 5 (expected >=5)
OK [Q9] sources URL count: 3 (expected >=3)
OK [Q10] keyFacts rows: 9 (expected >=9)
OK [Q11] title keywords in body: 4/4 (expected 4/4)
OK [Q12] speculation words ban: none (expected 0)
OK [Q13] slug ASCII: driving-record-certificate (expected a-z 0-9 - _)

Pass rate: 13/13 = 100%
PASS

==================================================
[driving-school-designation] 자동차운전전문학원 지정신청 코스평면도와 강사자격증으로 5만원 7개월 만에 받는 법
==================================================
OK [Q1] QA cards count: 7 (expected >=7)
OK [Q2] intro 200 chars: 7/7 (expected 7/7)
OK [Q3] visual element per QA: 7/7 (expected 7/7)
OK [Q4] tables total: 2 (expected >=2)
OK [Q5] boxes total: 7 (expected >=3)
OK [Q6] highlights total: 28 (expected >=15)
OK [Q7] sourceNote ratio: 6/7 (expected >=4/7)
OK [Q8] FAQ count: 5 (expected >=5)
OK [Q9] sources URL count: 3 (expected >=3)
OK [Q10] keyFacts rows: 9 (expected >=9)
OK [Q11] title keywords in body: 4/4 (expected 4/4)
OK [Q12] speculation words ban: none (expected 0)
OK [Q13] slug ASCII: driving-school-designation (expected a-z 0-9 - _)

Pass rate: 13/13 = 100%
PASS

==================================================
[drunk-driving] 음주운전 처벌 기준·형량·면허취소·2회 이상 가중 총정리
==================================================
OK [Q1] QA cards count: 7 (expected >=7)
OK [Q2] intro 200 chars: 7/7 (expected 7/7)
OK [Q3] visual element per QA: 7/7 (expected 7/7)
OK [Q4] tables total: 2 (expected >=2)
OK [Q5] boxes total: 7 (expected >=3)
OK [Q6] highlights total: 28 (expected >=15)
OK [Q7] sourceNote ratio: 4/7 (expected >=4/7)
OK [Q8] FAQ count: 5 (expected >=5)
OK [Q9] sources URL count: 3 (expected >=3)
OK [Q10] keyFacts rows: 9 (expected >=9)
OK [Q11] title keywords in body: 4/4 (expected 4/4)
OK [Q12] speculation words ban: none (expected 0)
OK [Q13] slug ASCII: drunk-driving (expected a-z 0-9 - _)

Pass rate: 13/13 = 100%
PASS

==================================================
[durunuri-social-insurance] 두루누리 사회보험료 지원 — 소규모 사업장 고용·연금보험료 80% 지원
==================================================
OK [Q1] QA cards count: 7 (expected >=7)
OK [Q2] intro 200 chars: 7/7 (expected 7/7)
OK [Q3] visual element per QA: 7/7 (expected 7/7)
OK [Q4] tables total: 3 (expected >=2)
OK [Q5] boxes total: 4 (expected >=3)
OK [Q6] highlights total: 28 (expected >=15)
OK [Q7] sourceNote ratio: 7/7 (expected >=4/7)
OK [Q8] FAQ count: 5 (expected >=5)
OK [Q9] sources URL count: 3 (expected >=3)
OK [Q10] keyFacts rows: 9 (expected >=9)
OK [Q11] title keywords in body: 4/4 (expected 4/4)
OK [Q12] speculation words ban: none (expected 0)
OK [Q13] slug ASCII: durunuri-social-insurance (expected a-z 0-9 - _)

Pass rate: 13/13 = 100%
PASS

==================================================
[dv-shelter-leaver-aid] 가정폭력 보호시설 퇴소자 자립지원금 대상과 주거지원, 취업훈련까지
==================================================
OK [Q1] QA cards count: 8 (expected >=7)
OK [Q2] intro 200 chars: 8/8 (expected 8/8)
OK [Q3] visual element per QA: 8/8 (expected 8/8)
OK [Q4] tables total: 2 (expected >=2)
OK [Q5] boxes total: 6 (expected >=3)
OK [Q6] highlights total: 32 (expected >=15)
OK [Q7] sourceNote ratio: 8/8 (expected >=4/8)
OK [Q8] FAQ count: 5 (expected >=5)
OK [Q9] sources URL count: 4 (expected >=3)
OK [Q10] keyFacts rows: 9 (expected >=9)
OK [Q11] title keywords in body: 4/4 (expected 4/4)
OK [Q12] speculation words ban: none (expected 0)
OK [Q13] slug ASCII: dv-shelter-leaver-aid (expected a-z 0-9 - _)

Pass rate: 13/13 = 100%
PASS

==================================================
[early-reemployment-allowance] 조기재취업수당 12개월 이상 근무 증명하고 청구하는 법
==================================================
OK [Q1] QA cards count: 7 (expected >=7)
OK [Q2] intro 200 chars: 7/7 (expected 7/7)
OK [Q3] visual element per QA: 7/7 (expected 7/7)
OK [Q4] tables total: 2 (expected >=2)
OK [Q5] boxes total: 6 (expected >=3)
OK [Q6] highlights total: 27 (expected >=15)
OK [Q7] sourceNote ratio: 4/7 (expected >=4/7)
OK [Q8] FAQ count: 5 (expected >=5)
OK [Q9] sources URL count: 4 (expected >=3)
OK [Q10] keyFacts rows: 9 (expected >=9)
OK [Q11] title keywords in body: 4/4 (expected 4/4)
OK [Q12] speculation words ban: none (expected 0)
OK [Q13] slug ASCII: early-reemployment-allowance (expected a-z 0-9 - _)

Pass rate: 13/13 = 100%
PASS

==================================================
[early-scrappage-subsidy] 조기폐차 보조금 등급 조회하고 신청하는 법, 최대 1억 2천만원
==================================================
OK [Q1] QA cards count: 7 (expected >=7)
OK [Q2] intro 200 chars: 7/7 (expected 7/7)
OK [Q3] visual element per QA: 7/7 (expected 7/7)
OK [Q4] tables total: 6 (expected >=2)
OK [Q5] boxes total: 3 (expected >=3)
OK [Q6] highlights total: 29 (expected >=15)
OK [Q7] sourceNote ratio: 7/7 (expected >=4/7)
OK [Q8] FAQ count: 5 (expected >=5)
OK [Q9] sources URL count: 3 (expected >=3)
OK [Q10] keyFacts rows: 9 (expected >=9)
OK [Q11] title keywords in body: 4/4 (expected 4/4)
OK [Q12] speculation words ban: none (expected 0)
OK [Q13] slug ASCII: early-scrappage-subsidy (expected a-z 0-9 - _)

Pass rate: 13/13 = 100%
PASS

==================================================
[earned-income-tax-credit] 근로장려금 반기신청과 재산기준, 자녀장려금은 따로 신청하나요?
==================================================
OK [Q1] QA cards count: 7 (expected >=7)
OK [Q2] intro 200 chars: 7/7 (expected 7/7)
OK [Q3] visual element per QA: 7/7 (expected 7/7)
OK [Q4] tables total: 4 (expected >=2)
OK [Q5] boxes total: 3 (expected >=3)
OK [Q6] highlights total: 28 (expected >=15)
OK [Q7] sourceNote ratio: 7/7 (expected >=4/7)
OK [Q8] FAQ count: 5 (expected >=5)
OK [Q9] sources URL count: 4 (expected >=3)
OK [Q10] keyFacts rows: 9 (expected >=9)
XX [Q11] title keywords in body: 3/4 (expected 4/4)
     missing in body: EITC
OK [Q12] speculation words ban: none (expected 0)
OK [Q13] slug ASCII: earned-income-tax-credit (expected a-z 0-9 - _)

Pass rate: 12/13 = 92%
PASS

==================================================
[education-benefit] 교육급여 신청방법과 교육비 지원 차이, 바우처 받는 법
==================================================
OK [Q1] QA cards count: 7 (expected >=7)
OK [Q2] intro 200 chars: 7/7 (expected 7/7)
OK [Q3] visual element per QA: 7/7 (expected 7/7)
OK [Q4] tables total: 4 (expected >=2)
OK [Q5] boxes total: 3 (expected >=3)
OK [Q6] highlights total: 25 (expected >=15)
OK [Q7] sourceNote ratio: 4/7 (expected >=4/7)
OK [Q8] FAQ count: 5 (expected >=5)
OK [Q9] sources URL count: 3 (expected >=3)
OK [Q10] keyFacts rows: 9 (expected >=9)
OK [Q11] title keywords in body: 4/4 (expected 4/4)
OK [Q12] speculation words ban: none (expected 0)
OK [Q13] slug ASCII: education-benefit (expected a-z 0-9 - _)

Pass rate: 13/13 = 100%
PASS

==================================================
[eers-gas-boiler] EERS 취약계층 가정용 가스보일러 및 단열강화 지원사업
==================================================
OK [Q1] QA cards count: 7 (expected >=7)
OK [Q2] intro 200 chars: 7/7 (expected 7/7)
OK [Q3] visual element per QA: 7/7 (expected 7/7)
OK [Q4] tables total: 2 (expected >=2)
OK [Q5] boxes total: 6 (expected >=3)
OK [Q6] highlights total: 32 (expected >=15)
OK [Q7] sourceNote ratio: 7/7 (expected >=4/7)
OK [Q8] FAQ count: 5 (expected >=5)
OK [Q9] sources URL count: 3 (expected >=3)
OK [Q10] keyFacts rows: 9 (expected >=9)
XX [Q11] title keywords in body: no titleKeywords (expected titleKeywords defined)
     add titleKeywords field to policy data
OK [Q12] speculation words ban: none (expected 0)
OK [Q13] slug ASCII: eers-gas-boiler (expected a-z 0-9 - _)

Pass rate: 12/13 = 92%
PASS

==================================================
[efficient-appliance-support] 전기요금 복지할인 대상 취약계층 고효율가전 구매지원
==================================================
OK [Q1] QA cards count: 7 (expected >=7)
OK [Q2] intro 200 chars: 7/7 (expected 7/7)
OK [Q3] visual element per QA: 7/7 (expected 7/7)
OK [Q4] tables total: 2 (expected >=2)
OK [Q5] boxes total: 9 (expected >=3)
OK [Q6] highlights total: 29 (expected >=15)
OK [Q7] sourceNote ratio: 7/7 (expected >=4/7)
OK [Q8] FAQ count: 5 (expected >=5)
OK [Q9] sources URL count: 3 (expected >=3)
XX [Q10] keyFacts rows: 8 (expected >=9)
XX [Q11] title keywords in body: no titleKeywords (expected titleKeywords defined)
     add titleKeywords field to policy data
OK [Q12] speculation words ban: none (expected 0)
OK [Q13] slug ASCII: efficient-appliance-support (expected a-z 0-9 - _)

Pass rate: 11/13 = 85%
PASS

==================================================
[elderly-continue-employ] 고령자 계속고용장려금 비수도권 우대와 신청방법, 근로자 임금까지
==================================================
OK [Q1] QA cards count: 7 (expected >=7)
OK [Q2] intro 200 chars: 7/7 (expected 7/7)
OK [Q3] visual element per QA: 7/7 (expected 7/7)
OK [Q4] tables total: 2 (expected >=2)
OK [Q5] boxes total: 6 (expected >=3)
OK [Q6] highlights total: 28 (expected >=15)
OK [Q7] sourceNote ratio: 7/7 (expected >=4/7)
OK [Q8] FAQ count: 5 (expected >=5)
OK [Q9] sources URL count: 4 (expected >=3)
OK [Q10] keyFacts rows: 9 (expected >=9)
OK [Q11] title keywords in body: 4/4 (expected 4/4)
OK [Q12] speculation words ban: none (expected 0)
OK [Q13] slug ASCII: elderly-continue-employ (expected a-z 0-9 - _)

Pass rate: 13/13 = 100%
PASS

==================================================
[elderly-driver-safety] 고령운전자 교통안전교육 75세 이상 대상과 예약방법, 안 받으면?
==================================================
OK [Q1] QA cards count: 8 (expected >=7)
OK [Q2] intro 200 chars: 8/8 (expected 8/8)
OK [Q3] visual element per QA: 8/8 (expected 8/8)
OK [Q4] tables total: 3 (expected >=2)
OK [Q5] boxes total: 5 (expected >=3)
OK [Q6] highlights total: 32 (expected >=15)
OK [Q7] sourceNote ratio: 8/8 (expected >=4/8)
OK [Q8] FAQ count: 5 (expected >=5)
OK [Q9] sources URL count: 4 (expected >=3)
OK [Q10] keyFacts rows: 9 (expected >=9)
OK [Q11] title keywords in body: 4/4 (expected 4/4)
OK [Q12] speculation words ban: none (expected 0)
OK [Q13] slug ASCII: elderly-driver-safety (expected a-z 0-9 - _)

Pass rate: 13/13 = 100%
PASS

==================================================
[elderly-emergency-safety] 응급안전안심서비스 신청대상과 비용, 다른 노인복지 중복여부
==================================================
OK [Q1] QA cards count: 8 (expected >=7)
OK [Q2] intro 200 chars: 8/8 (expected 8/8)
OK [Q3] visual element per QA: 8/8 (expected 8/8)
OK [Q4] tables total: 3 (expected >=2)
OK [Q5] boxes total: 6 (expected >=3)
OK [Q6] highlights total: 32 (expected >=15)
OK [Q7] sourceNote ratio: 8/8 (expected >=4/8)
OK [Q8] FAQ count: 5 (expected >=5)
OK [Q9] sources URL count: 4 (expected >=3)
OK [Q10] keyFacts rows: 9 (expected >=9)
OK [Q11] title keywords in body: 4/4 (expected 4/4)
OK [Q12] speculation words ban: none (expected 0)
OK [Q13] slug ASCII: elderly-emergency-safety (expected a-z 0-9 - _)

Pass rate: 13/13 = 100%
PASS

==================================================
[elderly-hearing-aid] 노인 보청기 지원 총정리, 건강보험 급여 조건·본인부담·신청 절차
==================================================
OK [Q1] QA cards count: 7 (expected >=7)
OK [Q2] intro 200 chars: 7/7 (expected 7/7)
OK [Q3] visual element per QA: 7/7 (expected 7/7)
OK [Q4] tables total: 2 (expected >=2)
OK [Q5] boxes total: 6 (expected >=3)
OK [Q6] highlights total: 28 (expected >=15)
OK [Q7] sourceNote ratio: 4/7 (expected >=4/7)
OK [Q8] FAQ count: 5 (expected >=5)
OK [Q9] sources URL count: 3 (expected >=3)
OK [Q10] keyFacts rows: 9 (expected >=9)
OK [Q11] title keywords in body: 4/4 (expected 4/4)
OK [Q12] speculation words ban: none (expected 0)
OK [Q13] slug ASCII: elderly-hearing-aid (expected a-z 0-9 - _)

Pass rate: 13/13 = 100%
PASS

==================================================
[elderly-job] 노인일자리 신청자격과 기초연금 중복여부, 활동 중 다치면?
==================================================
OK [Q1] QA cards count: 7 (expected >=7)
OK [Q2] intro 200 chars: 7/7 (expected 7/7)
OK [Q3] visual element per QA: 7/7 (expected 7/7)
OK [Q4] tables total: 2 (expected >=2)
OK [Q5] boxes total: 5 (expected >=3)
OK [Q6] highlights total: 28 (expected >=15)
OK [Q7] sourceNote ratio: 7/7 (expected >=4/7)
OK [Q8] FAQ count: 5 (expected >=5)
OK [Q9] sources URL count: 4 (expected >=3)
OK [Q10] keyFacts rows: 9 (expected >=9)
XX [Q11] title keywords in body: 2/4 (expected 4/4)
     missing in body: 사회활동, 보건복지부
OK [Q12] speculation words ban: none (expected 0)
OK [Q13] slug ASCII: elderly-job (expected a-z 0-9 - _)

Pass rate: 12/13 = 92%
PASS

==================================================
[elderly-knee-surgery] 노인 무릎인공관절 수술 지원 연령·자격조건과 신청서류, 지원제외까지
==================================================
OK [Q1] QA cards count: 7 (expected >=7)
OK [Q2] intro 200 chars: 7/7 (expected 7/7)
OK [Q3] visual element per QA: 7/7 (expected 7/7)
OK [Q4] tables total: 4 (expected >=2)
OK [Q5] boxes total: 3 (expected >=3)
OK [Q6] highlights total: 29 (expected >=15)
OK [Q7] sourceNote ratio: 7/7 (expected >=4/7)
OK [Q8] FAQ count: 5 (expected >=5)
OK [Q9] sources URL count: 3 (expected >=3)
OK [Q10] keyFacts rows: 9 (expected >=9)
XX [Q11] title keywords in body: no titleKeywords (expected titleKeywords defined)
     add titleKeywords field to policy data
OK [Q12] speculation words ban: none (expected 0)
OK [Q13] slug ASCII: elderly-knee-surgery (expected a-z 0-9 - _)

Pass rate: 12/13 = 92%
PASS

==================================================
[electric-welfare-discount] 전기요금 복지할인 대상과 여름철 추가할인, 에너지바우처 중복여부
==================================================
OK [Q1] QA cards count: 8 (expected >=7)
OK [Q2] intro 200 chars: 8/8 (expected 8/8)
OK [Q3] visual element per QA: 8/8 (expected 8/8)
OK [Q4] tables total: 2 (expected >=2)
OK [Q5] boxes total: 6 (expected >=3)
OK [Q6] highlights total: 32 (expected >=15)
OK [Q7] sourceNote ratio: 5/8 (expected >=4/8)
OK [Q8] FAQ count: 5 (expected >=5)
OK [Q9] sources URL count: 3 (expected >=3)
OK [Q10] keyFacts rows: 9 (expected >=9)
XX [Q11] title keywords in body: 1/4 (expected 4/4)
     missing in body: 전기요금 감면 대상, 여름 2만원, 한전 할인 신청
OK [Q12] speculation words ban: none (expected 0)
OK [Q13] slug ASCII: electric-welfare-discount (expected a-z 0-9 - _)

Pass rate: 12/13 = 92%
PASS

==================================================
[electrical-construction-business-registration] 전기공사업등록 기업진단보고서와 전기공사기술자 명단으로 14일 만에 신청하는 법
==================================================
OK [Q1] QA cards count: 7 (expected >=7)
OK [Q2] intro 200 chars: 7/7 (expected 7/7)
OK [Q3] visual element per QA: 7/7 (expected 7/7)
OK [Q4] tables total: 2 (expected >=2)
OK [Q5] boxes total: 7 (expected >=3)
OK [Q6] highlights total: 26 (expected >=15)
OK [Q7] sourceNote ratio: 6/7 (expected >=4/7)
OK [Q8] FAQ count: 5 (expected >=5)
OK [Q9] sources URL count: 3 (expected >=3)
OK [Q10] keyFacts rows: 9 (expected >=9)
OK [Q11] title keywords in body: 4/4 (expected 4/4)
OK [Q12] speculation words ban: none (expected 0)
OK [Q13] slug ASCII: electrical-construction-business-registration (expected a-z 0-9 - _)

Pass rate: 13/13 = 100%
PASS

==================================================
[elevator-safety-inspection] 승강기 안전검사 신청 정기 정밀검사는 즉시 수시검사는 15일 만에 받는 법
==================================================
OK [Q1] QA cards count: 7 (expected >=7)
OK [Q2] intro 200 chars: 7/7 (expected 7/7)
OK [Q3] visual element per QA: 7/7 (expected 7/7)
OK [Q4] tables total: 2 (expected >=2)
OK [Q5] boxes total: 7 (expected >=3)
OK [Q6] highlights total: 28 (expected >=15)
OK [Q7] sourceNote ratio: 6/7 (expected >=4/7)
OK [Q8] FAQ count: 5 (expected >=5)
OK [Q9] sources URL count: 3 (expected >=3)
OK [Q10] keyFacts rows: 9 (expected >=9)
OK [Q11] title keywords in body: 4/4 (expected 4/4)
OK [Q12] speculation words ban: none (expected 0)
OK [Q13] slug ASCII: elevator-safety-inspection (expected a-z 0-9 - _)

Pass rate: 13/13 = 100%
PASS

==================================================
[emergency-livelihood-loan] 소액생계비대출(불법사금융예방대출) 자격조건과 100만원 한도, 연체자도 되나요?
==================================================
OK [Q1] QA cards count: 7 (expected >=7)
OK [Q2] intro 200 chars: 7/7 (expected 7/7)
OK [Q3] visual element per QA: 7/7 (expected 7/7)
OK [Q4] tables total: 3 (expected >=2)
OK [Q5] boxes total: 4 (expected >=3)
OK [Q6] highlights total: 28 (expected >=15)
OK [Q7] sourceNote ratio: 7/7 (expected >=4/7)
OK [Q8] FAQ count: 5 (expected >=5)
OK [Q9] sources URL count: 3 (expected >=3)
XX [Q10] keyFacts rows: 8 (expected >=9)
OK [Q11] title keywords in body: 4/4 (expected 4/4)
OK [Q12] speculation words ban: none (expected 0)
OK [Q13] slug ASCII: emergency-livelihood-loan (expected a-z 0-9 - _)

Pass rate: 12/13 = 92%
PASS

==================================================
[emergency-management-fund] 긴급경영안정자금 고정 2%, 재해 확인증부터 받아야 하는 이유는?
==================================================
OK [Q1] QA cards count: 7 (expected >=7)
OK [Q2] intro 200 chars: 7/7 (expected 7/7)
OK [Q3] visual element per QA: 7/7 (expected 7/7)
OK [Q4] tables total: 7 (expected >=2)
OK [Q5] boxes total: 5 (expected >=3)
OK [Q6] highlights total: 28 (expected >=15)
OK [Q7] sourceNote ratio: 7/7 (expected >=4/7)
OK [Q8] FAQ count: 5 (expected >=5)
OK [Q9] sources URL count: 4 (expected >=3)
OK [Q10] keyFacts rows: 12 (expected >=9)
OK [Q11] title keywords in body: 4/4 (expected 4/4)
OK [Q12] speculation words ban: none (expected 0)
OK [Q13] slug ASCII: emergency-management-fund (expected a-z 0-9 - _)

Pass rate: 13/13 = 100%
PASS

==================================================
[emergency-welfare-support] 긴급복지지원 위기사유와 소득재산 기준, 기초생활수급과 차이
==================================================
OK [Q1] QA cards count: 8 (expected >=7)
OK [Q2] intro 200 chars: 8/8 (expected 8/8)
OK [Q3] visual element per QA: 8/8 (expected 8/8)
OK [Q4] tables total: 2 (expected >=2)
OK [Q5] boxes total: 6 (expected >=3)
OK [Q6] highlights total: 32 (expected >=15)
OK [Q7] sourceNote ratio: 7/8 (expected >=4/8)
OK [Q8] FAQ count: 5 (expected >=5)
OK [Q9] sources URL count: 4 (expected >=3)
OK [Q10] keyFacts rows: 9 (expected >=9)
XX [Q11] title keywords in body: 3/4 (expected 4/4)
     missing in body: 위기가구
OK [Q12] speculation words ban: none (expected 0)
OK [Q13] slug ASCII: emergency-welfare-support (expected a-z 0-9 - _)

Pass rate: 12/13 = 92%
PASS

==================================================
[employee-insurance-loss-report] 근로자 퇴사 시 고용산재보험 상실신고 사업주가 서류 없이 7일 만에 하는 법
==================================================
OK [Q1] QA cards count: 7 (expected >=7)
OK [Q2] intro 200 chars: 7/7 (expected 7/7)
OK [Q3] visual element per QA: 7/7 (expected 7/7)
OK [Q4] tables total: 2 (expected >=2)
OK [Q5] boxes total: 7 (expected >=3)
OK [Q6] highlights total: 28 (expected >=15)
OK [Q7] sourceNote ratio: 6/7 (expected >=4/7)
OK [Q8] FAQ count: 5 (expected >=5)
OK [Q9] sources URL count: 3 (expected >=3)
OK [Q10] keyFacts rows: 9 (expected >=9)
OK [Q11] title keywords in body: 4/4 (expected 4/4)
OK [Q12] speculation words ban: none (expected 0)
OK [Q13] slug ASCII: employee-insurance-loss-report (expected a-z 0-9 - _)

Pass rate: 13/13 = 100%
PASS

==================================================
[employer-training-cost-support] 사업주 직업능력개발훈련비 서류 없이 산업인력공단에 10일 만에 지원받는 법
==================================================
OK [Q1] QA cards count: 7 (expected >=7)
OK [Q2] intro 200 chars: 7/7 (expected 7/7)
OK [Q3] visual element per QA: 7/7 (expected 7/7)
OK [Q4] tables total: 2 (expected >=2)
OK [Q5] boxes total: 7 (expected >=3)
OK [Q6] highlights total: 28 (expected >=15)
OK [Q7] sourceNote ratio: 6/7 (expected >=4/7)
OK [Q8] FAQ count: 5 (expected >=5)
OK [Q9] sources URL count: 3 (expected >=3)
OK [Q10] keyFacts rows: 9 (expected >=9)
OK [Q11] title keywords in body: 4/4 (expected 4/4)
OK [Q12] speculation words ban: none (expected 0)
OK [Q13] slug ASCII: employer-training-cost-support (expected a-z 0-9 - _)

Pass rate: 13/13 = 100%
PASS

==================================================
[employment-incentive-allowance] 취업촉진수당 조기재취업수당 요건과 직업능력개발수당 신청방법
==================================================
OK [Q1] QA cards count: 7 (expected >=7)
OK [Q2] intro 200 chars: 7/7 (expected 7/7)
OK [Q3] visual element per QA: 7/7 (expected 7/7)
OK [Q4] tables total: 3 (expected >=2)
OK [Q5] boxes total: 5 (expected >=3)
OK [Q6] highlights total: 29 (expected >=15)
OK [Q7] sourceNote ratio: 7/7 (expected >=4/7)
OK [Q8] FAQ count: 5 (expected >=5)
OK [Q9] sources URL count: 3 (expected >=3)
XX [Q10] keyFacts rows: 7 (expected >=9)
XX [Q11] title keywords in body: no titleKeywords (expected titleKeywords defined)
     add titleKeywords field to policy data
OK [Q12] speculation words ban: none (expected 0)
OK [Q13] slug ASCII: employment-incentive-allowance (expected a-z 0-9 - _)

Pass rate: 11/13 = 85%
PASS

==================================================
[employment-insurance-certificate-issuance] 고용산재보험 완납증명원 사업주 신분증만으로 즉시 발급받는 법
==================================================
OK [Q1] QA cards count: 7 (expected >=7)
OK [Q2] intro 200 chars: 7/7 (expected 7/7)
OK [Q3] visual element per QA: 7/7 (expected 7/7)
OK [Q4] tables total: 2 (expected >=2)
OK [Q5] boxes total: 7 (expected >=3)
OK [Q6] highlights total: 27 (expected >=15)
OK [Q7] sourceNote ratio: 7/7 (expected >=4/7)
OK [Q8] FAQ count: 5 (expected >=5)
OK [Q9] sources URL count: 3 (expected >=3)
OK [Q10] keyFacts rows: 9 (expected >=9)
OK [Q11] title keywords in body: 4/4 (expected 4/4)
OK [Q12] speculation words ban: none (expected 0)
OK [Q13] slug ASCII: employment-insurance-certificate-issuance (expected a-z 0-9 - _)

Pass rate: 13/13 = 100%
PASS

==================================================
[employment-insurance-review-request] 실업급여 거부처분 억울하면 30일 만에 심사청구하는 법
==================================================
OK [Q1] QA cards count: 7 (expected >=7)
OK [Q2] intro 200 chars: 7/7 (expected 7/7)
OK [Q3] visual element per QA: 7/7 (expected 7/7)
OK [Q4] tables total: 2 (expected >=2)
OK [Q5] boxes total: 7 (expected >=3)
OK [Q6] highlights total: 28 (expected >=15)
OK [Q7] sourceNote ratio: 5/7 (expected >=4/7)
OK [Q8] FAQ count: 5 (expected >=5)
OK [Q9] sources URL count: 3 (expected >=3)
OK [Q10] keyFacts rows: 9 (expected >=9)
OK [Q11] title keywords in body: 4/4 (expected 4/4)
OK [Q12] speculation words ban: none (expected 0)
OK [Q13] slug ASCII: employment-insurance-review-request (expected a-z 0-9 - _)

Pass rate: 13/13 = 100%
PASS

==================================================
[employment-insurance-status-claim] 고용보험 미가입 확인되면 피보험자격확인청구서로 직접 정정 신청하는 법
==================================================
OK [Q1] QA cards count: 7 (expected >=7)
OK [Q2] intro 200 chars: 7/7 (expected 7/7)
OK [Q3] visual element per QA: 7/7 (expected 7/7)
OK [Q4] tables total: 2 (expected >=2)
OK [Q5] boxes total: 6 (expected >=3)
OK [Q6] highlights total: 28 (expected >=15)
OK [Q7] sourceNote ratio: 5/7 (expected >=4/7)
OK [Q8] FAQ count: 5 (expected >=5)
OK [Q9] sources URL count: 3 (expected >=3)
OK [Q10] keyFacts rows: 9 (expected >=9)
OK [Q11] title keywords in body: 4/4 (expected 4/4)
OK [Q12] speculation words ban: none (expected 0)
OK [Q13] slug ASCII: employment-insurance-status-claim (expected a-z 0-9 - _)

Pass rate: 13/13 = 100%
PASS

==================================================
[employment-insurance-worker-certificate] 고용보험 자격이력내역서 신분증만으로 즉시 발급받는 법
==================================================
OK [Q1] QA cards count: 7 (expected >=7)
OK [Q2] intro 200 chars: 7/7 (expected 7/7)
OK [Q3] visual element per QA: 7/7 (expected 7/7)
OK [Q4] tables total: 2 (expected >=2)
OK [Q5] boxes total: 7 (expected >=3)
OK [Q6] highlights total: 26 (expected >=15)
OK [Q7] sourceNote ratio: 4/7 (expected >=4/7)
OK [Q8] FAQ count: 5 (expected >=5)
OK [Q9] sources URL count: 3 (expected >=3)
OK [Q10] keyFacts rows: 9 (expected >=9)
OK [Q11] title keywords in body: 4/4 (expected 4/4)
OK [Q12] speculation words ban: none (expected 0)
OK [Q13] slug ASCII: employment-insurance-worker-certificate (expected a-z 0-9 - _)

Pass rate: 13/13 = 100%
PASS

==================================================
[employment-promotion] 고용촉진장려금 지원대상과 근로조건, 다른 장려금 중복여부
==================================================
OK [Q1] QA cards count: 8 (expected >=7)
OK [Q2] intro 200 chars: 8/8 (expected 8/8)
OK [Q3] visual element per QA: 8/8 (expected 8/8)
OK [Q4] tables total: 2 (expected >=2)
OK [Q5] boxes total: 6 (expected >=3)
OK [Q6] highlights total: 32 (expected >=15)
OK [Q7] sourceNote ratio: 8/8 (expected >=4/8)
OK [Q8] FAQ count: 5 (expected >=5)
OK [Q9] sources URL count: 4 (expected >=3)
OK [Q10] keyFacts rows: 9 (expected >=9)
OK [Q11] title keywords in body: 4/4 (expected 4/4)
OK [Q12] speculation words ban: none (expected 0)
OK [Q13] slug ASCII: employment-promotion (expected a-z 0-9 - _)

Pass rate: 13/13 = 100%
PASS

==================================================
[empty-bottle-deposit] 빈용기 보증금 반납장소와 반납거부 대처법, 자동회수기 위치까지
==================================================
OK [Q1] QA cards count: 7 (expected >=7)
OK [Q2] intro 200 chars: 7/7 (expected 7/7)
OK [Q3] visual element per QA: 7/7 (expected 7/7)
OK [Q4] tables total: 3 (expected >=2)
OK [Q5] boxes total: 4 (expected >=3)
OK [Q6] highlights total: 31 (expected >=15)
OK [Q7] sourceNote ratio: 7/7 (expected >=4/7)
OK [Q8] FAQ count: 5 (expected >=5)
OK [Q9] sources URL count: 3 (expected >=3)
XX [Q10] keyFacts rows: 7 (expected >=9)
XX [Q11] title keywords in body: no titleKeywords (expected titleKeywords defined)
     add titleKeywords field to policy data
OK [Q12] speculation words ban: none (expected 0)
OK [Q13] slug ASCII: empty-bottle-deposit (expected a-z 0-9 - _)

Pass rate: 11/13 = 85%
PASS

==================================================
[energy-cashback] 에너지캐시백 절감률별 단가와 신청방법, 현금으로 받을 수 있나요?
==================================================
OK [Q1] QA cards count: 7 (expected >=7)
OK [Q2] intro 200 chars: 7/7 (expected 7/7)
OK [Q3] visual element per QA: 7/7 (expected 7/7)
OK [Q4] tables total: 3 (expected >=2)
OK [Q5] boxes total: 4 (expected >=3)
OK [Q6] highlights total: 35 (expected >=15)
OK [Q7] sourceNote ratio: 7/7 (expected >=4/7)
OK [Q8] FAQ count: 5 (expected >=5)
OK [Q9] sources URL count: 3 (expected >=3)
XX [Q10] keyFacts rows: 8 (expected >=9)
XX [Q11] title keywords in body: no titleKeywords (expected titleKeywords defined)
     add titleKeywords field to policy data
OK [Q12] speculation words ban: none (expected 0)
OK [Q13] slug ASCII: energy-cashback (expected a-z 0-9 - _)

Pass rate: 11/13 = 85%
PASS

==================================================
[energy-voucher] 에너지바우처 신청방법과 사용처, 전기요금 복지할인 중복여부
==================================================
OK [Q1] QA cards count: 7 (expected >=7)
OK [Q2] intro 200 chars: 7/7 (expected 7/7)
OK [Q3] visual element per QA: 7/7 (expected 7/7)
OK [Q4] tables total: 4 (expected >=2)
OK [Q5] boxes total: 3 (expected >=3)
OK [Q6] highlights total: 41 (expected >=15)
OK [Q7] sourceNote ratio: 7/7 (expected >=4/7)
OK [Q8] FAQ count: 5 (expected >=5)
OK [Q9] sources URL count: 3 (expected >=3)
OK [Q10] keyFacts rows: 9 (expected >=9)
OK [Q11] title keywords in body: 4/4 (expected 4/4)
OK [Q12] speculation words ban: none (expected 0)
OK [Q13] slug ASCII: energy-voucher (expected a-z 0-9 - _)

Pass rate: 13/13 = 100%
PASS

==================================================
[enterprise-support-portal] 기업지원 종합 서비스 포털 (기업마당)
==================================================
OK [Q1] QA cards count: 7 (expected >=7)
OK [Q2] intro 200 chars: 7/7 (expected 7/7)
OK [Q3] visual element per QA: 7/7 (expected 7/7)
OK [Q4] tables total: 2 (expected >=2)
OK [Q5] boxes total: 5 (expected >=3)
OK [Q6] highlights total: 40 (expected >=15)
OK [Q7] sourceNote ratio: 7/7 (expected >=4/7)
OK [Q8] FAQ count: 5 (expected >=5)
OK [Q9] sources URL count: 3 (expected >=3)
XX [Q10] keyFacts rows: 4 (expected >=9)
XX [Q11] title keywords in body: no titleKeywords (expected titleKeywords defined)
     add titleKeywords field to policy data
OK [Q12] speculation words ban: none (expected 0)
OK [Q13] slug ASCII: enterprise-support-portal (expected a-z 0-9 - _)

Pass rate: 11/13 = 85%
PASS

==================================================
[entry-exit-fact-certificate] 출입국에 관한 사실증명 인터넷 무료 발급받고 해외체류 이력 확인하는 법
==================================================
OK [Q1] QA cards count: 7 (expected >=7)
OK [Q2] intro 200 chars: 7/7 (expected 7/7)
OK [Q3] visual element per QA: 7/7 (expected 7/7)
OK [Q4] tables total: 2 (expected >=2)
OK [Q5] boxes total: 6 (expected >=3)
OK [Q6] highlights total: 27 (expected >=15)
OK [Q7] sourceNote ratio: 4/7 (expected >=4/7)
OK [Q8] FAQ count: 5 (expected >=5)
OK [Q9] sources URL count: 3 (expected >=3)
OK [Q10] keyFacts rows: 9 (expected >=9)
OK [Q11] title keywords in body: 4/4 (expected 4/4)
OK [Q12] speculation words ban: none (expected 0)
OK [Q13] slug ASCII: entry-exit-fact-certificate (expected a-z 0-9 - _)

Pass rate: 13/13 = 100%
PASS

==================================================
[environment-guardian] 환경지킴이 (공공근로·청년 일자리)
==================================================
OK [Q1] QA cards count: 7 (expected >=7)
OK [Q2] intro 200 chars: 7/7 (expected 7/7)
OK [Q3] visual element per QA: 7/7 (expected 7/7)
OK [Q4] tables total: 2 (expected >=2)
OK [Q5] boxes total: 5 (expected >=3)
OK [Q6] highlights total: 37 (expected >=15)
OK [Q7] sourceNote ratio: 7/7 (expected >=4/7)
OK [Q8] FAQ count: 5 (expected >=5)
OK [Q9] sources URL count: 3 (expected >=3)
XX [Q10] keyFacts rows: 4 (expected >=9)
XX [Q11] title keywords in body: no titleKeywords (expected titleKeywords defined)
     add titleKeywords field to policy data
OK [Q12] speculation words ban: none (expected 0)
OK [Q13] slug ASCII: environment-guardian (expected a-z 0-9 - _)

Pass rate: 11/13 = 85%
PASS

==================================================
[environmental-measurement-agency-registration] 측정대행업 등록 숙련도시험적합확인서로 시도에 1만원 10일 만에 받는 법
==================================================
OK [Q1] QA cards count: 7 (expected >=7)
OK [Q2] intro 200 chars: 7/7 (expected 7/7)
OK [Q3] visual element per QA: 7/7 (expected 7/7)
OK [Q4] tables total: 2 (expected >=2)
OK [Q5] boxes total: 7 (expected >=3)
OK [Q6] highlights total: 28 (expected >=15)
OK [Q7] sourceNote ratio: 6/7 (expected >=4/7)
OK [Q8] FAQ count: 5 (expected >=5)
OK [Q9] sources URL count: 3 (expected >=3)
OK [Q10] keyFacts rows: 9 (expected >=9)
OK [Q11] title keywords in body: 4/4 (expected 4/4)
OK [Q12] speculation words ban: none (expected 0)
OK [Q13] slug ASCII: environmental-measurement-agency-registration (expected a-z 0-9 - _)

Pass rate: 13/13 = 100%
PASS

==================================================
[explosives-storage-facility-permit] 화약류 저장소 설치허가 신체검사서와 설계도로 경찰서에 3천원 10일 만에 받는 법
==================================================
OK [Q1] QA cards count: 7 (expected >=7)
OK [Q2] intro 200 chars: 7/7 (expected 7/7)
OK [Q3] visual element per QA: 7/7 (expected 7/7)
OK [Q4] tables total: 2 (expected >=2)
OK [Q5] boxes total: 7 (expected >=3)
OK [Q6] highlights total: 28 (expected >=15)
OK [Q7] sourceNote ratio: 6/7 (expected >=4/7)
OK [Q8] FAQ count: 5 (expected >=5)
OK [Q9] sources URL count: 3 (expected >=3)
OK [Q10] keyFacts rows: 9 (expected >=9)
OK [Q11] title keywords in body: 4/4 (expected 4/4)
OK [Q12] speculation words ban: none (expected 0)
OK [Q13] slug ASCII: explosives-storage-facility-permit (expected a-z 0-9 - _)

Pass rate: 13/13 = 100%
PASS

==================================================
[export-certificate-of-origin-issuance] 수출품 원산지증명서 발급 상업송장으로 세관 대한상공회의소 1500원 즉시 3시간 만에 받는 법
==================================================
OK [Q1] QA cards count: 7 (expected >=7)
OK [Q2] intro 200 chars: 7/7 (expected 7/7)
OK [Q3] visual element per QA: 7/7 (expected 7/7)
OK [Q4] tables total: 2 (expected >=2)
OK [Q5] boxes total: 7 (expected >=3)
OK [Q6] highlights total: 28 (expected >=15)
OK [Q7] sourceNote ratio: 6/7 (expected >=4/7)
OK [Q8] FAQ count: 5 (expected >=5)
OK [Q9] sources URL count: 3 (expected >=3)
OK [Q10] keyFacts rows: 9 (expected >=9)
OK [Q11] title keywords in body: 4/4 (expected 4/4)
OK [Q12] speculation words ban: none (expected 0)
OK [Q13] slug ASCII: export-certificate-of-origin-issuance (expected a-z 0-9 - _)

Pass rate: 13/13 = 100%
PASS

==================================================
[extended-childcare-fee] 연장형 보육료 지원 일반 보육료와 차이, 어디서 받을 수 있나요?
==================================================
OK [Q1] QA cards count: 7 (expected >=7)
OK [Q2] intro 200 chars: 7/7 (expected 7/7)
OK [Q3] visual element per QA: 7/7 (expected 7/7)
OK [Q4] tables total: 2 (expected >=2)
OK [Q5] boxes total: 6 (expected >=3)
OK [Q6] highlights total: 28 (expected >=15)
OK [Q7] sourceNote ratio: 7/7 (expected >=4/7)
OK [Q8] FAQ count: 5 (expected >=5)
OK [Q9] sources URL count: 4 (expected >=3)
OK [Q10] keyFacts rows: 9 (expected >=9)
OK [Q11] title keywords in body: 4/4 (expected 4/4)
OK [Q12] speculation words ban: none (expected 0)
OK [Q13] slug ASCII: extended-childcare-fee (expected a-z 0-9 - _)

Pass rate: 13/13 = 100%
PASS

==================================================
[family-care-leave-long] 가족돌봄휴직 신청조건과 가족돌봄휴가 차이, 90일 급여까지
==================================================
OK [Q1] QA cards count: 7 (expected >=7)
OK [Q2] intro 200 chars: 7/7 (expected 7/7)
OK [Q3] visual element per QA: 7/7 (expected 7/7)
OK [Q4] tables total: 2 (expected >=2)
OK [Q5] boxes total: 5 (expected >=3)
OK [Q6] highlights total: 28 (expected >=15)
OK [Q7] sourceNote ratio: 7/7 (expected >=4/7)
OK [Q8] FAQ count: 5 (expected >=5)
OK [Q9] sources URL count: 4 (expected >=3)
OK [Q10] keyFacts rows: 9 (expected >=9)
OK [Q11] title keywords in body: 4/4 (expected 4/4)
OK [Q12] speculation words ban: none (expected 0)
OK [Q13] slug ASCII: family-care-leave-long (expected a-z 0-9 - _)

Pass rate: 13/13 = 100%
PASS

==================================================
[family-care-leave] 가족돌봄휴가 신청조건과 돌봄대상, 가족돌봄휴직과 차이까지
==================================================
OK [Q1] QA cards count: 8 (expected >=7)
OK [Q2] intro 200 chars: 8/8 (expected 8/8)
OK [Q3] visual element per QA: 8/8 (expected 8/8)
OK [Q4] tables total: 3 (expected >=2)
OK [Q5] boxes total: 5 (expected >=3)
OK [Q6] highlights total: 32 (expected >=15)
OK [Q7] sourceNote ratio: 8/8 (expected >=4/8)
OK [Q8] FAQ count: 5 (expected >=5)
OK [Q9] sources URL count: 4 (expected >=3)
OK [Q10] keyFacts rows: 9 (expected >=9)
OK [Q11] title keywords in body: 4/4 (expected 4/4)
OK [Q12] speculation words ban: none (expected 0)
OK [Q13] slug ASCII: family-care-leave (expected a-z 0-9 - _)

Pass rate: 13/13 = 100%
PASS

==================================================
[family-register-certificate] 제적등본 2008년 이전 호적 확인하고 상속 서류 준비하는 법
==================================================
OK [Q1] QA cards count: 7 (expected >=7)
OK [Q2] intro 200 chars: 7/7 (expected 7/7)
OK [Q3] visual element per QA: 7/7 (expected 7/7)
OK [Q4] tables total: 2 (expected >=2)
OK [Q5] boxes total: 5 (expected >=3)
OK [Q6] highlights total: 28 (expected >=15)
OK [Q7] sourceNote ratio: 4/7 (expected >=4/7)
OK [Q8] FAQ count: 5 (expected >=5)
OK [Q9] sources URL count: 3 (expected >=3)
OK [Q10] keyFacts rows: 9 (expected >=9)
OK [Q11] title keywords in body: 4/4 (expected 4/4)
OK [Q12] speculation words ban: none (expected 0)
OK [Q13] slug ASCII: family-register-certificate (expected a-z 0-9 - _)

Pass rate: 13/13 = 100%
PASS

==================================================
[family-register-correction] 가족관계등록부 정정신청 판결등본으로 즉시 시읍면에 신청하는 법
==================================================
OK [Q1] QA cards count: 7 (expected >=7)
OK [Q2] intro 200 chars: 7/7 (expected 7/7)
OK [Q3] visual element per QA: 7/7 (expected 7/7)
OK [Q4] tables total: 2 (expected >=2)
OK [Q5] boxes total: 7 (expected >=3)
OK [Q6] highlights total: 28 (expected >=15)
OK [Q7] sourceNote ratio: 6/7 (expected >=4/7)
OK [Q8] FAQ count: 5 (expected >=5)
OK [Q9] sources URL count: 3 (expected >=3)
OK [Q10] keyFacts rows: 9 (expected >=9)
OK [Q11] title keywords in body: 4/4 (expected 4/4)
OK [Q12] speculation words ban: none (expected 0)
OK [Q13] slug ASCII: family-register-correction (expected a-z 0-9 - _)

Pass rate: 13/13 = 100%
PASS

==================================================
[family-relation-certificate] 가족관계증명서 일반 상세 특정 차이 알고 인터넷 무료 발급받는 법
==================================================
OK [Q1] QA cards count: 7 (expected >=7)
OK [Q2] intro 200 chars: 7/7 (expected 7/7)
OK [Q3] visual element per QA: 7/7 (expected 7/7)
OK [Q4] tables total: 2 (expected >=2)
OK [Q5] boxes total: 6 (expected >=3)
OK [Q6] highlights total: 26 (expected >=15)
OK [Q7] sourceNote ratio: 7/7 (expected >=4/7)
OK [Q8] FAQ count: 5 (expected >=5)
OK [Q9] sources URL count: 3 (expected >=3)
OK [Q10] keyFacts rows: 9 (expected >=9)
OK [Q11] title keywords in body: 4/4 (expected 4/4)
OK [Q12] speculation words ban: none (expected 0)
OK [Q13] slug ASCII: family-relation-certificate (expected a-z 0-9 - _)

Pass rate: 13/13 = 100%
PASS

==================================================
[farm-business-entity-certificate] 농업경영체 등록확인서 무료 발급받고 직불금 신청 준비하는 법
==================================================
OK [Q1] QA cards count: 7 (expected >=7)
OK [Q2] intro 200 chars: 7/7 (expected 7/7)
OK [Q3] visual element per QA: 7/7 (expected 7/7)
OK [Q4] tables total: 2 (expected >=2)
OK [Q5] boxes total: 6 (expected >=3)
OK [Q6] highlights total: 28 (expected >=15)
OK [Q7] sourceNote ratio: 6/7 (expected >=4/7)
OK [Q8] FAQ count: 5 (expected >=5)
OK [Q9] sources URL count: 3 (expected >=3)
OK [Q10] keyFacts rows: 9 (expected >=9)
OK [Q11] title keywords in body: 4/4 (expected 4/4)
OK [Q12] speculation words ban: none (expected 0)
OK [Q13] slug ASCII: farm-business-entity-certificate (expected a-z 0-9 - _)

Pass rate: 13/13 = 100%
PASS

==================================================
[farm-helper] 영농도우미 지원 신청자격과 연간한도, 직접 도우미 구해도 되나요?
==================================================
OK [Q1] QA cards count: 8 (expected >=7)
OK [Q2] intro 200 chars: 8/8 (expected 8/8)
OK [Q3] visual element per QA: 8/8 (expected 8/8)
OK [Q4] tables total: 3 (expected >=2)
OK [Q5] boxes total: 6 (expected >=3)
OK [Q6] highlights total: 32 (expected >=15)
OK [Q7] sourceNote ratio: 8/8 (expected >=4/8)
OK [Q8] FAQ count: 5 (expected >=5)
OK [Q9] sources URL count: 4 (expected >=3)
OK [Q10] keyFacts rows: 9 (expected >=9)
OK [Q11] title keywords in body: 4/4 (expected 4/4)
OK [Q12] speculation words ban: none (expected 0)
OK [Q13] slug ASCII: farm-helper (expected a-z 0-9 - _)

Pass rate: 13/13 = 100%
PASS

==================================================
[farmer-insurance] 농업인 건강·연금보험료 지원, 농외소득 있어도 받나요?
==================================================
OK [Q1] QA cards count: 8 (expected >=7)
OK [Q2] intro 200 chars: 8/8 (expected 8/8)
OK [Q3] visual element per QA: 8/8 (expected 8/8)
OK [Q4] tables total: 2 (expected >=2)
OK [Q5] boxes total: 7 (expected >=3)
OK [Q6] highlights total: 32 (expected >=15)
OK [Q7] sourceNote ratio: 8/8 (expected >=4/8)
OK [Q8] FAQ count: 5 (expected >=5)
OK [Q9] sources URL count: 4 (expected >=3)
OK [Q10] keyFacts rows: 9 (expected >=9)
OK [Q11] title keywords in body: 4/4 (expected 4/4)
OK [Q12] speculation words ban: none (expected 0)
OK [Q13] slug ASCII: farmer-insurance (expected a-z 0-9 - _)

Pass rate: 13/13 = 100%
PASS

==================================================
[farmland-acquisition-certificate] 농지취득자격증명 농업경영계획서 유무로 4일 7일 14일 갈리는 법
==================================================
OK [Q1] QA cards count: 7 (expected >=7)
OK [Q2] intro 200 chars: 7/7 (expected 7/7)
OK [Q3] visual element per QA: 7/7 (expected 7/7)
OK [Q4] tables total: 2 (expected >=2)
OK [Q5] boxes total: 7 (expected >=3)
OK [Q6] highlights total: 28 (expected >=15)
OK [Q7] sourceNote ratio: 6/7 (expected >=4/7)
OK [Q8] FAQ count: 5 (expected >=5)
OK [Q9] sources URL count: 3 (expected >=3)
OK [Q10] keyFacts rows: 9 (expected >=9)
OK [Q11] title keywords in body: 4/4 (expected 4/4)
OK [Q12] speculation words ban: none (expected 0)
OK [Q13] slug ASCII: farmland-acquisition-certificate (expected a-z 0-9 - _)

Pass rate: 13/13 = 100%
PASS

==================================================
[farmland-conversion-permit] 농지전용허가 사업계획서 갖춰 면적별 10일에서 30일 만에 받는 법
==================================================
OK [Q1] QA cards count: 7 (expected >=7)
OK [Q2] intro 200 chars: 7/7 (expected 7/7)
OK [Q3] visual element per QA: 7/7 (expected 7/7)
OK [Q4] tables total: 2 (expected >=2)
OK [Q5] boxes total: 7 (expected >=3)
OK [Q6] highlights total: 28 (expected >=15)
OK [Q7] sourceNote ratio: 6/7 (expected >=4/7)
OK [Q8] FAQ count: 5 (expected >=5)
OK [Q9] sources URL count: 3 (expected >=3)
OK [Q10] keyFacts rows: 9 (expected >=9)
OK [Q11] title keywords in body: 4/4 (expected 4/4)
OK [Q12] speculation words ban: none (expected 0)
OK [Q13] slug ASCII: farmland-conversion-permit (expected a-z 0-9 - _)

Pass rate: 13/13 = 100%
PASS

==================================================
[farmland-ledger-certificate] 농지대장(구 농지원부) 등본 인터넷 무료 발급받고 60일 이내 변경신고하는 법
==================================================
OK [Q1] QA cards count: 7 (expected >=7)
OK [Q2] intro 200 chars: 7/7 (expected 7/7)
OK [Q3] visual element per QA: 7/7 (expected 7/7)
OK [Q4] tables total: 2 (expected >=2)
OK [Q5] boxes total: 5 (expected >=3)
OK [Q6] highlights total: 28 (expected >=15)
OK [Q7] sourceNote ratio: 6/7 (expected >=4/7)
OK [Q8] FAQ count: 5 (expected >=5)
OK [Q9] sources URL count: 3 (expected >=3)
OK [Q10] keyFacts rows: 9 (expected >=9)
OK [Q11] title keywords in body: 4/4 (expected 4/4)
OK [Q12] speculation words ban: none (expected 0)
OK [Q13] slug ASCII: farmland-ledger-certificate (expected a-z 0-9 - _)

Pass rate: 13/13 = 100%
PASS

==================================================
[farmland-retirement-payment] 농지이양 은퇴직불금 매도·임대 차이와 지급상한, 2026 달라진 점
==================================================
OK [Q1] QA cards count: 8 (expected >=7)
OK [Q2] intro 200 chars: 8/8 (expected 8/8)
OK [Q3] visual element per QA: 8/8 (expected 8/8)
OK [Q4] tables total: 3 (expected >=2)
OK [Q5] boxes total: 5 (expected >=3)
OK [Q6] highlights total: 32 (expected >=15)
OK [Q7] sourceNote ratio: 8/8 (expected >=4/8)
OK [Q8] FAQ count: 5 (expected >=5)
OK [Q9] sources URL count: 4 (expected >=3)
OK [Q10] keyFacts rows: 9 (expected >=9)
OK [Q11] title keywords in body: 4/4 (expected 4/4)
OK [Q12] speculation words ban: none (expected 0)
OK [Q13] slug ASCII: farmland-retirement-payment (expected a-z 0-9 - _)

Pass rate: 13/13 = 100%
PASS

==================================================
[fertilizer-production-business-registration] 비료생산업 등록 성분분석서와 재배시험성적서로 시군구 조례수수료 14일 만에 받는 법
==================================================
OK [Q1] QA cards count: 7 (expected >=7)
OK [Q2] intro 200 chars: 7/7 (expected 7/7)
OK [Q3] visual element per QA: 7/7 (expected 7/7)
OK [Q4] tables total: 2 (expected >=2)
OK [Q5] boxes total: 7 (expected >=3)
OK [Q6] highlights total: 27 (expected >=15)
OK [Q7] sourceNote ratio: 6/7 (expected >=4/7)
OK [Q8] FAQ count: 5 (expected >=5)
OK [Q9] sources URL count: 3 (expected >=3)
OK [Q10] keyFacts rows: 9 (expected >=9)
OK [Q11] title keywords in body: 4/4 (expected 4/4)
OK [Q12] speculation words ban: none (expected 0)
OK [Q13] slug ASCII: fertilizer-production-business-registration (expected a-z 0-9 - _)

Pass rate: 13/13 = 100%
PASS

==================================================
[film-video-rating-classification] 영화 비디오물 등급분류 신청서로 영상물등급위원회에 영화10일 비디오14일 만에 받는 법
==================================================
OK [Q1] QA cards count: 7 (expected >=7)
OK [Q2] intro 200 chars: 7/7 (expected 7/7)
OK [Q3] visual element per QA: 7/7 (expected 7/7)
OK [Q4] tables total: 2 (expected >=2)
OK [Q5] boxes total: 7 (expected >=3)
OK [Q6] highlights total: 28 (expected >=15)
OK [Q7] sourceNote ratio: 6/7 (expected >=4/7)
OK [Q8] FAQ count: 5 (expected >=5)
OK [Q9] sources URL count: 3 (expected >=3)
OK [Q10] keyFacts rows: 9 (expected >=9)
OK [Q11] title keywords in body: 4/4 (expected 4/4)
OK [Q12] speculation words ban: none (expected 0)
OK [Q13] slug ASCII: film-video-rating-classification (expected a-z 0-9 - _)

Pass rate: 13/13 = 100%
PASS

==================================================
[fire-safety-management-business-registration] 소방시설관리업 등록신청 기술인력대장 갖춰 소방서에 4만원 15일 만에 신청하는 법
==================================================
OK [Q1] QA cards count: 7 (expected >=7)
OK [Q2] intro 200 chars: 7/7 (expected 7/7)
OK [Q3] visual element per QA: 7/7 (expected 7/7)
OK [Q4] tables total: 2 (expected >=2)
OK [Q5] boxes total: 7 (expected >=3)
OK [Q6] highlights total: 28 (expected >=15)
OK [Q7] sourceNote ratio: 6/7 (expected >=4/7)
OK [Q8] FAQ count: 5 (expected >=5)
OK [Q9] sources URL count: 3 (expected >=3)
OK [Q10] keyFacts rows: 9 (expected >=9)
OK [Q11] title keywords in body: 4/4 (expected 4/4)
OK [Q12] speculation words ban: none (expected 0)
OK [Q13] slug ASCII: fire-safety-management-business-registration (expected a-z 0-9 - _)

Pass rate: 13/13 = 100%
PASS

==================================================
[fire-safety-manager-appointment-report] 소방안전관리자 선임신고 관리자수첩과 자격증으로 소방서에 수수료 없이 즉시 신고하는 법
==================================================
OK [Q1] QA cards count: 7 (expected >=7)
OK [Q2] intro 200 chars: 7/7 (expected 7/7)
OK [Q3] visual element per QA: 7/7 (expected 7/7)
OK [Q4] tables total: 2 (expected >=2)
OK [Q5] boxes total: 7 (expected >=3)
OK [Q6] highlights total: 28 (expected >=15)
OK [Q7] sourceNote ratio: 6/7 (expected >=4/7)
OK [Q8] FAQ count: 5 (expected >=5)
OK [Q9] sources URL count: 3 (expected >=3)
OK [Q10] keyFacts rows: 9 (expected >=9)
OK [Q11] title keywords in body: 4/4 (expected 4/4)
OK [Q12] speculation words ban: none (expected 0)
OK [Q13] slug ASCII: fire-safety-manager-appointment-report (expected a-z 0-9 - _)

Pass rate: 13/13 = 100%
PASS

==================================================
[first-meet] 첫만남이용권 신청기한과 사용처, 쌍둥이·다둥이는 어떻게 받나요?
==================================================
OK [Q1] QA cards count: 7 (expected >=7)
OK [Q2] intro 200 chars: 7/7 (expected 7/7)
OK [Q3] visual element per QA: 7/7 (expected 7/7)
OK [Q4] tables total: 5 (expected >=2)
OK [Q5] boxes total: 8 (expected >=3)
OK [Q6] highlights total: 25 (expected >=15)
OK [Q7] sourceNote ratio: 7/7 (expected >=4/7)
OK [Q8] FAQ count: 5 (expected >=5)
OK [Q9] sources URL count: 4 (expected >=3)
OK [Q10] keyFacts rows: 9 (expected >=9)
OK [Q11] title keywords in body: 2/2 (expected 2/2)
OK [Q12] speculation words ban: none (expected 0)
OK [Q13] slug ASCII: first-meet (expected a-z 0-9 - _)

Pass rate: 13/13 = 100%
PASS

==================================================
[fisherman-insurance-hospital-claim] 어선원보험 보험금 병원에서 바로 청구, 7월 21일부터 전자청구 시스템
==================================================
OK [Q1] QA cards count: 7 (expected >=7)
OK [Q2] intro 200 chars: 7/7 (expected 7/7)
OK [Q3] visual element per QA: 7/7 (expected 7/7)
OK [Q4] tables total: 2 (expected >=2)
OK [Q5] boxes total: 5 (expected >=3)
OK [Q6] highlights total: 25 (expected >=15)
OK [Q7] sourceNote ratio: 4/7 (expected >=4/7)
OK [Q8] FAQ count: 5 (expected >=5)
OK [Q9] sources URL count: 3 (expected >=3)
OK [Q10] keyFacts rows: 9 (expected >=9)
OK [Q11] title keywords in body: 4/4 (expected 4/4)
OK [Q12] speculation words ban: none (expected 0)
OK [Q13] slug ASCII: fisherman-insurance-hospital-claim (expected a-z 0-9 - _)

Pass rate: 13/13 = 100%
PASS

==================================================
[fishing-boat-business-report] 낚시어선업신고 어선검사증서와 보험증서로 시군구에 2일 만에 신청하는 법
==================================================
OK [Q1] QA cards count: 7 (expected >=7)
OK [Q2] intro 200 chars: 7/7 (expected 7/7)
OK [Q3] visual element per QA: 7/7 (expected 7/7)
OK [Q4] tables total: 2 (expected >=2)
OK [Q5] boxes total: 7 (expected >=3)
OK [Q6] highlights total: 36 (expected >=15)
OK [Q7] sourceNote ratio: 6/7 (expected >=4/7)
OK [Q8] FAQ count: 5 (expected >=5)
OK [Q9] sources URL count: 3 (expected >=3)
OK [Q10] keyFacts rows: 9 (expected >=9)
OK [Q11] title keywords in body: 4/4 (expected 4/4)
OK [Q12] speculation words ban: none (expected 0)
OK [Q13] slug ASCII: fishing-boat-business-report (expected a-z 0-9 - _)

Pass rate: 13/13 = 100%
PASS

==================================================
[fishing-license-grace-period] 어업허가유예 어선멸실 증빙서류로 시도 시군구에 2일 만에 신청하는 법
==================================================
OK [Q1] QA cards count: 7 (expected >=7)
OK [Q2] intro 200 chars: 7/7 (expected 7/7)
OK [Q3] visual element per QA: 7/7 (expected 7/7)
OK [Q4] tables total: 2 (expected >=2)
OK [Q5] boxes total: 7 (expected >=3)
OK [Q6] highlights total: 28 (expected >=15)
OK [Q7] sourceNote ratio: 6/7 (expected >=4/7)
OK [Q8] FAQ count: 5 (expected >=5)
OK [Q9] sources URL count: 3 (expected >=3)
OK [Q10] keyFacts rows: 10 (expected >=9)
OK [Q11] title keywords in body: 4/4 (expected 4/4)
OK [Q12] speculation words ban: none (expected 0)
OK [Q13] slug ASCII: fishing-license-grace-period (expected a-z 0-9 - _)

Pass rate: 13/13 = 100%
PASS

==================================================
[fishing-license-suspension-report] 허가어업 휴업신고 구비서류 없이 세무서와 함께 즉시 신고하는 법
==================================================
OK [Q1] QA cards count: 7 (expected >=7)
OK [Q2] intro 200 chars: 7/7 (expected 7/7)
OK [Q3] visual element per QA: 7/7 (expected 7/7)
OK [Q4] tables total: 2 (expected >=2)
OK [Q5] boxes total: 7 (expected >=3)
OK [Q6] highlights total: 27 (expected >=15)
OK [Q7] sourceNote ratio: 6/7 (expected >=4/7)
OK [Q8] FAQ count: 5 (expected >=5)
OK [Q9] sources URL count: 3 (expected >=3)
OK [Q10] keyFacts rows: 10 (expected >=9)
OK [Q11] title keywords in body: 4/4 (expected 4/4)
OK [Q12] speculation words ban: none (expected 0)
OK [Q13] slug ASCII: fishing-license-suspension-report (expected a-z 0-9 - _)

Pass rate: 13/13 = 100%
PASS

==================================================
[floor-noise] 층간소음 기준·신고·해결방법, 주간 39dB·야간 34dB 이웃사이센터
==================================================
OK [Q1] QA cards count: 8 (expected >=7)
OK [Q2] intro 200 chars: 8/8 (expected 8/8)
OK [Q3] visual element per QA: 8/8 (expected 8/8)
OK [Q4] tables total: 2 (expected >=2)
OK [Q5] boxes total: 6 (expected >=3)
OK [Q6] highlights total: 32 (expected >=15)
OK [Q7] sourceNote ratio: 5/8 (expected >=4/8)
OK [Q8] FAQ count: 5 (expected >=5)
OK [Q9] sources URL count: 3 (expected >=3)
OK [Q10] keyFacts rows: 9 (expected >=9)
OK [Q11] title keywords in body: 4/4 (expected 4/4)
OK [Q12] speculation words ban: none (expected 0)
OK [Q13] slug ASCII: floor-noise (expected a-z 0-9 - _)

Pass rate: 13/13 = 100%
PASS

==================================================
[food-business-closure-report] 식품관련영업 폐업신고 영업허가증반납으로 시군구 수수료없이 즉시 3시간 만에 받는 법
==================================================
OK [Q1] QA cards count: 7 (expected >=7)
OK [Q2] intro 200 chars: 7/7 (expected 7/7)
OK [Q3] visual element per QA: 7/7 (expected 7/7)
OK [Q4] tables total: 2 (expected >=2)
OK [Q5] boxes total: 7 (expected >=3)
OK [Q6] highlights total: 27 (expected >=15)
OK [Q7] sourceNote ratio: 6/7 (expected >=4/7)
OK [Q8] FAQ count: 5 (expected >=5)
OK [Q9] sources URL count: 3 (expected >=3)
OK [Q10] keyFacts rows: 9 (expected >=9)
OK [Q11] title keywords in body: 4/4 (expected 4/4)
OK [Q12] speculation words ban: none (expected 0)
OK [Q13] slug ASCII: food-business-closure-report (expected a-z 0-9 - _)

Pass rate: 13/13 = 100%
PASS

==================================================
[food-business-permit-change] 식품영업 허가사항 변경 소재지는 26500원 그외는 9300원으로 즉시 신고하는 법
==================================================
OK [Q1] QA cards count: 7 (expected >=7)
OK [Q2] intro 200 chars: 7/7 (expected 7/7)
OK [Q3] visual element per QA: 7/7 (expected 7/7)
OK [Q4] tables total: 2 (expected >=2)
OK [Q5] boxes total: 7 (expected >=3)
OK [Q6] highlights total: 26 (expected >=15)
OK [Q7] sourceNote ratio: 6/7 (expected >=4/7)
OK [Q8] FAQ count: 5 (expected >=5)
OK [Q9] sources URL count: 3 (expected >=3)
OK [Q10] keyFacts rows: 9 (expected >=9)
OK [Q11] title keywords in body: 4/4 (expected 4/4)
OK [Q12] speculation words ban: none (expected 0)
OK [Q13] slug ASCII: food-business-permit-change (expected a-z 0-9 - _)

Pass rate: 13/13 = 100%
PASS

==================================================
[food-manufacturing-registration] 식품제조가공업 등록 제조방법설명서로 2만8천원 3일 만에 받는 법
==================================================
OK [Q1] QA cards count: 7 (expected >=7)
OK [Q2] intro 200 chars: 7/7 (expected 7/7)
OK [Q3] visual element per QA: 7/7 (expected 7/7)
OK [Q4] tables total: 2 (expected >=2)
OK [Q5] boxes total: 7 (expected >=3)
OK [Q6] highlights total: 26 (expected >=15)
OK [Q7] sourceNote ratio: 6/7 (expected >=4/7)
OK [Q8] FAQ count: 5 (expected >=5)
OK [Q9] sources URL count: 3 (expected >=3)
OK [Q10] keyFacts rows: 10 (expected >=9)
OK [Q11] title keywords in body: 4/4 (expected 4/4)
OK [Q12] speculation words ban: none (expected 0)
OK [Q13] slug ASCII: food-manufacturing-registration (expected a-z 0-9 - _)

Pass rate: 13/13 = 100%
PASS

==================================================
[food-service-business-report] 식품영업신고 위생교육이수증 갖춰 시군구에 수수료 2만8천원 즉시 신고하는 법
==================================================
OK [Q1] QA cards count: 7 (expected >=7)
OK [Q2] intro 200 chars: 7/7 (expected 7/7)
OK [Q3] visual element per QA: 7/7 (expected 7/7)
OK [Q4] tables total: 2 (expected >=2)
OK [Q5] boxes total: 7 (expected >=3)
OK [Q6] highlights total: 28 (expected >=15)
OK [Q7] sourceNote ratio: 5/7 (expected >=4/7)
OK [Q8] FAQ count: 5 (expected >=5)
OK [Q9] sources URL count: 3 (expected >=3)
OK [Q10] keyFacts rows: 9 (expected >=9)
OK [Q11] title keywords in body: 4/4 (expected 4/4)
OK [Q12] speculation words ban: none (expected 0)
OK [Q13] slug ASCII: food-service-business-report (expected a-z 0-9 - _)

Pass rate: 13/13 = 100%
PASS

==================================================
[foreign-worker-employment-permit-issuance] 외국인근로자 고용허가서 발급 재발급 도입업종증명서로 지방고용노동관서 수수료없이 적격자선정 즉시 받는 법
==================================================
OK [Q1] QA cards count: 7 (expected >=7)
OK [Q2] intro 200 chars: 7/7 (expected 7/7)
OK [Q3] visual element per QA: 7/7 (expected 7/7)
OK [Q4] tables total: 2 (expected >=2)
OK [Q5] boxes total: 7 (expected >=3)
OK [Q6] highlights total: 27 (expected >=15)
OK [Q7] sourceNote ratio: 6/7 (expected >=4/7)
OK [Q8] FAQ count: 5 (expected >=5)
OK [Q9] sources URL count: 3 (expected >=3)
OK [Q10] keyFacts rows: 9 (expected >=9)
OK [Q11] title keywords in body: 4/4 (expected 4/4)
OK [Q12] speculation words ban: none (expected 0)
OK [Q13] slug ASCII: foreign-worker-employment-permit-issuance (expected a-z 0-9 - _)

Pass rate: 13/13 = 100%
PASS

==================================================
[foreigner-reentry-permit] 재입국허가 출국 전에 신청해 체류자격 유지하고 3일 만에 받는 법
==================================================
OK [Q1] QA cards count: 7 (expected >=7)
OK [Q2] intro 200 chars: 7/7 (expected 7/7)
OK [Q3] visual element per QA: 7/7 (expected 7/7)
OK [Q4] tables total: 2 (expected >=2)
OK [Q5] boxes total: 6 (expected >=3)
OK [Q6] highlights total: 28 (expected >=15)
OK [Q7] sourceNote ratio: 6/7 (expected >=4/7)
OK [Q8] FAQ count: 5 (expected >=5)
OK [Q9] sources URL count: 3 (expected >=3)
OK [Q10] keyFacts rows: 9 (expected >=9)
OK [Q11] title keywords in body: 4/4 (expected 4/4)
OK [Q12] speculation words ban: none (expected 0)
OK [Q13] slug ASCII: foreigner-reentry-permit (expected a-z 0-9 - _)

Pass rate: 13/13 = 100%
PASS

==================================================
[foreigner-registration-fact-certificate] 외국인등록 사실증명 인터넷 무료 발급받고 대출·계약에 제출하는 법
==================================================
OK [Q1] QA cards count: 7 (expected >=7)
OK [Q2] intro 200 chars: 7/7 (expected 7/7)
OK [Q3] visual element per QA: 7/7 (expected 7/7)
OK [Q4] tables total: 2 (expected >=2)
OK [Q5] boxes total: 6 (expected >=3)
OK [Q6] highlights total: 28 (expected >=15)
OK [Q7] sourceNote ratio: 5/7 (expected >=4/7)
OK [Q8] FAQ count: 5 (expected >=5)
OK [Q9] sources URL count: 3 (expected >=3)
OK [Q10] keyFacts rows: 9 (expected >=9)
OK [Q11] title keywords in body: 4/4 (expected 4/4)
OK [Q12] speculation words ban: none (expected 0)
OK [Q13] slug ASCII: foreigner-registration-fact-certificate (expected a-z 0-9 - _)

Pass rate: 13/13 = 100%
PASS

==================================================
[foreigner-registration] 외국인등록 90일 초과 체류 시 여권 사진으로 35000원 즉시 신청하는 법
==================================================
OK [Q1] QA cards count: 7 (expected >=7)
OK [Q2] intro 200 chars: 7/7 (expected 7/7)
OK [Q3] visual element per QA: 7/7 (expected 7/7)
OK [Q4] tables total: 2 (expected >=2)
OK [Q5] boxes total: 7 (expected >=3)
OK [Q6] highlights total: 28 (expected >=15)
OK [Q7] sourceNote ratio: 6/7 (expected >=4/7)
OK [Q8] FAQ count: 5 (expected >=5)
OK [Q9] sources URL count: 3 (expected >=3)
OK [Q10] keyFacts rows: 9 (expected >=9)
OK [Q11] title keywords in body: 4/4 (expected 4/4)
OK [Q12] speculation words ban: none (expected 0)
OK [Q13] slug ASCII: foreigner-registration (expected a-z 0-9 - _)

Pass rate: 13/13 = 100%
PASS

==================================================
[foreigner-stay-extension] 외국인 체류기간연장허가 만료 전에 신청해 불법체류 피하는 법
==================================================
OK [Q1] QA cards count: 7 (expected >=7)
OK [Q2] intro 200 chars: 7/7 (expected 7/7)
OK [Q3] visual element per QA: 7/7 (expected 7/7)
OK [Q4] tables total: 3 (expected >=2)
OK [Q5] boxes total: 4 (expected >=3)
OK [Q6] highlights total: 28 (expected >=15)
OK [Q7] sourceNote ratio: 5/7 (expected >=4/7)
OK [Q8] FAQ count: 5 (expected >=5)
OK [Q9] sources URL count: 3 (expected >=3)
OK [Q10] keyFacts rows: 9 (expected >=9)
OK [Q11] title keywords in body: 4/4 (expected 4/4)
OK [Q12] speculation words ban: none (expected 0)
OK [Q13] slug ASCII: foreigner-stay-extension (expected a-z 0-9 - _)

Pass rate: 13/13 = 100%
PASS

==================================================
[forest-disaster-response] 산림재난대응단 자격요건과 신청방법, 위험수당 지급까지
==================================================
OK [Q1] QA cards count: 7 (expected >=7)
OK [Q2] intro 200 chars: 7/7 (expected 7/7)
OK [Q3] visual element per QA: 7/7 (expected 7/7)
OK [Q4] tables total: 2 (expected >=2)
OK [Q5] boxes total: 5 (expected >=3)
OK [Q6] highlights total: 37 (expected >=15)
OK [Q7] sourceNote ratio: 7/7 (expected >=4/7)
OK [Q8] FAQ count: 5 (expected >=5)
OK [Q9] sources URL count: 3 (expected >=3)
XX [Q10] keyFacts rows: 4 (expected >=9)
XX [Q11] title keywords in body: no titleKeywords (expected titleKeywords defined)
     add titleKeywords field to policy data
OK [Q12] speculation words ban: none (expected 0)
OK [Q13] slug ASCII: forest-disaster-response (expected a-z 0-9 - _)

Pass rate: 11/13 = 85%
PASS

==================================================
[forest-trail-guide] 숲길등산지도사 자격증 취득방법과 신청조건, 수당까지
==================================================
OK [Q1] QA cards count: 7 (expected >=7)
OK [Q2] intro 200 chars: 7/7 (expected 7/7)
OK [Q3] visual element per QA: 7/7 (expected 7/7)
OK [Q4] tables total: 2 (expected >=2)
OK [Q5] boxes total: 5 (expected >=3)
OK [Q6] highlights total: 33 (expected >=15)
OK [Q7] sourceNote ratio: 7/7 (expected >=4/7)
OK [Q8] FAQ count: 5 (expected >=5)
OK [Q9] sources URL count: 3 (expected >=3)
XX [Q10] keyFacts rows: 4 (expected >=9)
XX [Q11] title keywords in body: no titleKeywords (expected titleKeywords defined)
     add titleKeywords field to policy data
OK [Q12] speculation words ban: none (expected 0)
OK [Q13] slug ASCII: forest-trail-guide (expected a-z 0-9 - _)

Pass rate: 11/13 = 85%
PASS

==================================================
[forest-tree-felling-report] 입목 벌채 굴취 신고 사업계획서로 시군구 수수료없이 병해충 산불피해목 30일 만에 받는 법
==================================================
OK [Q1] QA cards count: 7 (expected >=7)
OK [Q2] intro 200 chars: 7/7 (expected 7/7)
OK [Q3] visual element per QA: 7/7 (expected 7/7)
OK [Q4] tables total: 2 (expected >=2)
OK [Q5] boxes total: 7 (expected >=3)
OK [Q6] highlights total: 27 (expected >=15)
OK [Q7] sourceNote ratio: 6/7 (expected >=4/7)
OK [Q8] FAQ count: 5 (expected >=5)
OK [Q9] sources URL count: 3 (expected >=3)
OK [Q10] keyFacts rows: 9 (expected >=9)
OK [Q11] title keywords in body: 4/4 (expected 4/4)
OK [Q12] speculation words ban: none (expected 0)
OK [Q13] slug ASCII: forest-tree-felling-report (expected a-z 0-9 - _)

Pass rate: 13/13 = 100%
PASS

==================================================
[forestry-successor-selection] 임업후계자 선발 요건증명서류로 시군구에 수수료없이 10일 만에 받는 법
==================================================
OK [Q1] QA cards count: 7 (expected >=7)
OK [Q2] intro 200 chars: 7/7 (expected 7/7)
OK [Q3] visual element per QA: 7/7 (expected 7/7)
OK [Q4] tables total: 2 (expected >=2)
OK [Q5] boxes total: 7 (expected >=3)
OK [Q6] highlights total: 25 (expected >=15)
OK [Q7] sourceNote ratio: 6/7 (expected >=4/7)
OK [Q8] FAQ count: 5 (expected >=5)
OK [Q9] sources URL count: 3 (expected >=3)
OK [Q10] keyFacts rows: 9 (expected >=9)
OK [Q11] title keywords in body: 4/4 (expected 4/4)
OK [Q12] speculation words ban: none (expected 0)
OK [Q13] slug ASCII: forestry-successor-selection (expected a-z 0-9 - _)

Pass rate: 13/13 = 100%
PASS

==================================================
[foster-care-confirmation-certificate] 가정위탁보호확인서 신분증만 있으면 방문 즉시 무료 발급받는 법
==================================================
OK [Q1] QA cards count: 7 (expected >=7)
OK [Q2] intro 200 chars: 7/7 (expected 7/7)
OK [Q3] visual element per QA: 7/7 (expected 7/7)
OK [Q4] tables total: 2 (expected >=2)
OK [Q5] boxes total: 7 (expected >=3)
OK [Q6] highlights total: 28 (expected >=15)
OK [Q7] sourceNote ratio: 6/7 (expected >=4/7)
OK [Q8] FAQ count: 5 (expected >=5)
OK [Q9] sources URL count: 3 (expected >=3)
OK [Q10] keyFacts rows: 9 (expected >=9)
OK [Q11] title keywords in body: 4/4 (expected 4/4)
OK [Q12] speculation words ban: none (expected 0)
OK [Q13] slug ASCII: foster-care-confirmation-certificate (expected a-z 0-9 - _)

Pass rate: 13/13 = 100%
PASS

==================================================
[four-insurance-workplace-establishment] 4대보험 사업장 성립신고 신규 창업 시 국민연금·건강보험 3일, 고용산재 5일 만에 신청하는 법
==================================================
OK [Q1] QA cards count: 7 (expected >=7)
OK [Q2] intro 200 chars: 7/7 (expected 7/7)
OK [Q3] visual element per QA: 7/7 (expected 7/7)
OK [Q4] tables total: 2 (expected >=2)
OK [Q5] boxes total: 7 (expected >=3)
OK [Q6] highlights total: 28 (expected >=15)
OK [Q7] sourceNote ratio: 6/7 (expected >=4/7)
OK [Q8] FAQ count: 5 (expected >=5)
OK [Q9] sources URL count: 3 (expected >=3)
OK [Q10] keyFacts rows: 9 (expected >=9)
OK [Q11] title keywords in body: 4/4 (expected 4/4)
OK [Q12] speculation words ban: none (expected 0)
OK [Q13] slug ASCII: four-insurance-workplace-establishment (expected a-z 0-9 - _)

Pass rate: 13/13 = 100%
PASS

==================================================
[free-legal-aid] 무료 법률 구조 서비스
==================================================
OK [Q1] QA cards count: 7 (expected >=7)
OK [Q2] intro 200 chars: 7/7 (expected 7/7)
OK [Q3] visual element per QA: 7/7 (expected 7/7)
OK [Q4] tables total: 2 (expected >=2)
OK [Q5] boxes total: 5 (expected >=3)
OK [Q6] highlights total: 47 (expected >=15)
OK [Q7] sourceNote ratio: 7/7 (expected >=4/7)
OK [Q8] FAQ count: 5 (expected >=5)
OK [Q9] sources URL count: 3 (expected >=3)
XX [Q10] keyFacts rows: 4 (expected >=9)
XX [Q11] title keywords in body: no titleKeywords (expected titleKeywords defined)
     add titleKeywords field to policy data
OK [Q12] speculation words ban: none (expected 0)
OK [Q13] slug ASCII: free-legal-aid (expected a-z 0-9 - _)

Pass rate: 11/13 = 85%
PASS

==================================================
[freedom-of-information-request] 정보공개청구 서류 없이 10일 내 공개여부 결정받고 20일 만에 받는 법
==================================================
OK [Q1] QA cards count: 7 (expected >=7)
OK [Q2] intro 200 chars: 7/7 (expected 7/7)
OK [Q3] visual element per QA: 7/7 (expected 7/7)
OK [Q4] tables total: 2 (expected >=2)
OK [Q5] boxes total: 7 (expected >=3)
OK [Q6] highlights total: 28 (expected >=15)
OK [Q7] sourceNote ratio: 6/7 (expected >=4/7)
OK [Q8] FAQ count: 5 (expected >=5)
OK [Q9] sources URL count: 3 (expected >=3)
OK [Q10] keyFacts rows: 9 (expected >=9)
OK [Q11] title keywords in body: 4/4 (expected 4/4)
OK [Q12] speculation words ban: none (expected 0)
OK [Q13] slug ASCII: freedom-of-information-request (expected a-z 0-9 - _)

Pass rate: 13/13 = 100%
PASS

==================================================
[freight-forwarding-business-permit] 화물자동차 운송주선사업허가 자본금납입증명서로 16000원 20일 만에 받는 법
==================================================
OK [Q1] QA cards count: 7 (expected >=7)
OK [Q2] intro 200 chars: 7/7 (expected 7/7)
OK [Q3] visual element per QA: 7/7 (expected 7/7)
OK [Q4] tables total: 2 (expected >=2)
OK [Q5] boxes total: 7 (expected >=3)
OK [Q6] highlights total: 27 (expected >=15)
OK [Q7] sourceNote ratio: 6/7 (expected >=4/7)
OK [Q8] FAQ count: 5 (expected >=5)
OK [Q9] sources URL count: 3 (expected >=3)
OK [Q10] keyFacts rows: 9 (expected >=9)
OK [Q11] title keywords in body: 4/4 (expected 4/4)
OK [Q12] speculation words ban: none (expected 0)
OK [Q13] slug ASCII: freight-forwarding-business-permit (expected a-z 0-9 - _)

Pass rate: 13/13 = 100%
PASS

==================================================
[freight-truck-business-permit] 화물자동차 운송사업허가 차고지확인서 갖춰 시도에 20일 만에 신청하는 법
==================================================
OK [Q1] QA cards count: 7 (expected >=7)
OK [Q2] intro 200 chars: 7/7 (expected 7/7)
OK [Q3] visual element per QA: 7/7 (expected 7/7)
OK [Q4] tables total: 2 (expected >=2)
OK [Q5] boxes total: 7 (expected >=3)
OK [Q6] highlights total: 27 (expected >=15)
OK [Q7] sourceNote ratio: 5/7 (expected >=4/7)
OK [Q8] FAQ count: 5 (expected >=5)
OK [Q9] sources URL count: 3 (expected >=3)
OK [Q10] keyFacts rows: 9 (expected >=9)
OK [Q11] title keywords in body: 4/4 (expected 4/4)
OK [Q12] speculation words ban: none (expected 0)
OK [Q13] slug ASCII: freight-truck-business-permit (expected a-z 0-9 - _)

Pass rate: 13/13 = 100%
PASS

==================================================
[fuel-support] 고유가 피해지원금 우대·특별지원지역과 신청방법, 거동불편하면
==================================================
OK [Q1] QA cards count: 7 (expected >=7)
OK [Q2] intro 200 chars: 7/7 (expected 7/7)
OK [Q3] visual element per QA: 7/7 (expected 7/7)
OK [Q4] tables total: 3 (expected >=2)
OK [Q5] boxes total: 6 (expected >=3)
OK [Q6] highlights total: 29 (expected >=15)
OK [Q7] sourceNote ratio: 7/7 (expected >=4/7)
OK [Q8] FAQ count: 5 (expected >=5)
OK [Q9] sources URL count: 4 (expected >=3)
OK [Q10] keyFacts rows: 9 (expected >=9)
XX [Q11] title keywords in body: 2/4 (expected 4/4)
     missing in body: 지급금액, 신청기간
OK [Q12] speculation words ban: none (expected 0)
OK [Q13] slug ASCII: fuel-support (expected a-z 0-9 - _)

Pass rate: 12/13 = 92%
PASS

==================================================
[full-adoption-report] 친양자 입양 조건과 서류, 재혼 배우자 자녀도 되나
==================================================
OK [Q1] QA cards count: 7 (expected >=7)
OK [Q2] intro 200 chars: 7/7 (expected 7/7)
OK [Q3] visual element per QA: 7/7 (expected 7/7)
OK [Q4] tables total: 5 (expected >=2)
OK [Q5] boxes total: 4 (expected >=3)
OK [Q6] highlights total: 28 (expected >=15)
OK [Q7] sourceNote ratio: 7/7 (expected >=4/7)
OK [Q8] FAQ count: 5 (expected >=5)
OK [Q9] sources URL count: 4 (expected >=3)
OK [Q10] keyFacts rows: 12 (expected >=9)
OK [Q11] title keywords in body: 4/4 (expected 4/4)
OK [Q12] speculation words ban: none (expected 0)
OK [Q13] slug ASCII: full-adoption-report (expected a-z 0-9 - _)

Pass rate: 13/13 = 100%
PASS

==================================================
[game-addiction-healing] 게임 과몰입 치유프로그램 신청방법, 우리 아이 과몰입인지 아는 법
==================================================
OK [Q1] QA cards count: 7 (expected >=7)
OK [Q2] intro 200 chars: 7/7 (expected 7/7)
OK [Q3] visual element per QA: 7/7 (expected 7/7)
OK [Q4] tables total: 2 (expected >=2)
OK [Q5] boxes total: 5 (expected >=3)
OK [Q6] highlights total: 36 (expected >=15)
OK [Q7] sourceNote ratio: 7/7 (expected >=4/7)
OK [Q8] FAQ count: 5 (expected >=5)
OK [Q9] sources URL count: 3 (expected >=3)
XX [Q10] keyFacts rows: 7 (expected >=9)
XX [Q11] title keywords in body: no titleKeywords (expected titleKeywords defined)
     add titleKeywords field to policy data
OK [Q12] speculation words ban: none (expected 0)
OK [Q13] slug ASCII: game-addiction-healing (expected a-z 0-9 - _)

Pass rate: 11/13 = 85%
PASS

==================================================
[game-business-change-registration] PC방 게임제공업 변경등록 허가증과 임대차계약서로 시군구에 3일 만에 신청하는 법
==================================================
OK [Q1] QA cards count: 7 (expected >=7)
OK [Q2] intro 200 chars: 7/7 (expected 7/7)
OK [Q3] visual element per QA: 7/7 (expected 7/7)
OK [Q4] tables total: 2 (expected >=2)
OK [Q5] boxes total: 7 (expected >=3)
OK [Q6] highlights total: 25 (expected >=15)
OK [Q7] sourceNote ratio: 6/7 (expected >=4/7)
OK [Q8] FAQ count: 5 (expected >=5)
OK [Q9] sources URL count: 3 (expected >=3)
OK [Q10] keyFacts rows: 9 (expected >=9)
OK [Q11] title keywords in body: 4/4 (expected 4/4)
OK [Q12] speculation words ban: none (expected 0)
OK [Q13] slug ASCII: game-business-change-registration (expected a-z 0-9 - _)

Pass rate: 13/13 = 100%
PASS

==================================================
[ged-certificate-issuance] 검정고시 합격증명서 인터넷 발급 무료로 즉시 받는 법
==================================================
OK [Q1] QA cards count: 7 (expected >=7)
OK [Q2] intro 200 chars: 7/7 (expected 7/7)
OK [Q3] visual element per QA: 7/7 (expected 7/7)
OK [Q4] tables total: 2 (expected >=2)
OK [Q5] boxes total: 7 (expected >=3)
OK [Q6] highlights total: 27 (expected >=15)
OK [Q7] sourceNote ratio: 6/7 (expected >=4/7)
OK [Q8] FAQ count: 5 (expected >=5)
OK [Q9] sources URL count: 3 (expected >=3)
OK [Q10] keyFacts rows: 9 (expected >=9)
OK [Q11] title keywords in body: 4/4 (expected 4/4)
OK [Q12] speculation words ban: none (expected 0)
OK [Q13] slug ASCII: ged-certificate-issuance (expected a-z 0-9 - _)

Pass rate: 13/13 = 100%
PASS

==================================================
[ged-exam-application] 검정고시 응시신청 졸업증명서 갖춰 시도교육청에 즉시 접수하는 법
==================================================
OK [Q1] QA cards count: 7 (expected >=7)
OK [Q2] intro 200 chars: 7/7 (expected 7/7)
OK [Q3] visual element per QA: 7/7 (expected 7/7)
OK [Q4] tables total: 2 (expected >=2)
OK [Q5] boxes total: 7 (expected >=3)
OK [Q6] highlights total: 27 (expected >=15)
OK [Q7] sourceNote ratio: 6/7 (expected >=4/7)
OK [Q8] FAQ count: 5 (expected >=5)
OK [Q9] sources URL count: 3 (expected >=3)
OK [Q10] keyFacts rows: 9 (expected >=9)
OK [Q11] title keywords in body: 4/4 (expected 4/4)
OK [Q12] speculation words ban: none (expected 0)
OK [Q13] slug ASCII: ged-exam-application (expected a-z 0-9 - _)

Pass rate: 13/13 = 100%
PASS

==================================================
[general-management-stability-fund] 일반경영안정자금 업력 무관 7천만원, 조건 없다는 게 무슨 뜻인가
==================================================
OK [Q1] QA cards count: 7 (expected >=7)
OK [Q2] intro 200 chars: 7/7 (expected 7/7)
OK [Q3] visual element per QA: 7/7 (expected 7/7)
OK [Q4] tables total: 6 (expected >=2)
OK [Q5] boxes total: 7 (expected >=3)
OK [Q6] highlights total: 28 (expected >=15)
OK [Q7] sourceNote ratio: 7/7 (expected >=4/7)
OK [Q8] FAQ count: 5 (expected >=5)
OK [Q9] sources URL count: 4 (expected >=3)
OK [Q10] keyFacts rows: 11 (expected >=9)
OK [Q11] title keywords in body: 4/4 (expected 4/4)
OK [Q12] speculation words ban: none (expected 0)
OK [Q13] slug ASCII: general-management-stability-fund (expected a-z 0-9 - _)

Pass rate: 13/13 = 100%
PASS

==================================================
[general-student-loan] 일반상환 학자금대출 재학중 이자와 상환시기, 국가장학금과 차이
==================================================
OK [Q1] QA cards count: 8 (expected >=7)
OK [Q2] intro 200 chars: 8/8 (expected 8/8)
OK [Q3] visual element per QA: 8/8 (expected 8/8)
OK [Q4] tables total: 3 (expected >=2)
OK [Q5] boxes total: 5 (expected >=3)
OK [Q6] highlights total: 32 (expected >=15)
OK [Q7] sourceNote ratio: 8/8 (expected >=4/8)
OK [Q8] FAQ count: 5 (expected >=5)
OK [Q9] sources URL count: 4 (expected >=3)
OK [Q10] keyFacts rows: 9 (expected >=9)
OK [Q11] title keywords in body: 4/4 (expected 4/4)
OK [Q12] speculation words ban: none (expected 0)
OK [Q13] slug ASCII: general-student-loan (expected a-z 0-9 - _)

Pass rate: 13/13 = 100%
PASS

==================================================
[gift-tax] 증여세 면제한도 계산기로 확인하고 3개월 안에 신고하는 법
==================================================
OK [Q1] QA cards count: 7 (expected >=7)
OK [Q2] intro 200 chars: 7/7 (expected 7/7)
OK [Q3] visual element per QA: 7/7 (expected 7/7)
OK [Q4] tables total: 2 (expected >=2)
OK [Q5] boxes total: 5 (expected >=3)
OK [Q6] highlights total: 28 (expected >=15)
XX [Q7] sourceNote ratio: 0/7 (expected >=4/7)
OK [Q8] FAQ count: 5 (expected >=5)
OK [Q9] sources URL count: 3 (expected >=3)
XX [Q10] keyFacts rows: 7 (expected >=9)
OK [Q11] title keywords in body: 4/4 (expected 4/4)
OK [Q12] speculation words ban: none (expected 0)
OK [Q13] slug ASCII: gift-tax (expected a-z 0-9 - _)

Pass rate: 11/13 = 85%
PASS

==================================================
[group-food-service-facility-report] 집단급식소 설치운영신고 교육이수증으로 시군구에 2만8천원 즉시 신고하는 법
==================================================
OK [Q1] QA cards count: 7 (expected >=7)
OK [Q2] intro 200 chars: 7/7 (expected 7/7)
OK [Q3] visual element per QA: 7/7 (expected 7/7)
OK [Q4] tables total: 2 (expected >=2)
OK [Q5] boxes total: 7 (expected >=3)
OK [Q6] highlights total: 25 (expected >=15)
OK [Q7] sourceNote ratio: 6/7 (expected >=4/7)
OK [Q8] FAQ count: 5 (expected >=5)
OK [Q9] sources URL count: 3 (expected >=3)
OK [Q10] keyFacts rows: 9 (expected >=9)
OK [Q11] title keywords in body: 4/4 (expected 4/4)
OK [Q12] speculation words ban: none (expected 0)
OK [Q13] slug ASCII: group-food-service-facility-report (expected a-z 0-9 - _)

Pass rate: 13/13 = 100%
PASS

==================================================
[gyeonggi-youth-welfare-point] 경기도 청년 복지포인트 사용처와 신청방법, 중소기업 노동자 지원과 차이
==================================================
OK [Q1] QA cards count: 8 (expected >=7)
OK [Q2] intro 200 chars: 8/8 (expected 8/8)
OK [Q3] visual element per QA: 8/8 (expected 8/8)
OK [Q4] tables total: 3 (expected >=2)
OK [Q5] boxes total: 5 (expected >=3)
OK [Q6] highlights total: 32 (expected >=15)
OK [Q7] sourceNote ratio: 4/8 (expected >=4/8)
OK [Q8] FAQ count: 5 (expected >=5)
OK [Q9] sources URL count: 3 (expected >=3)
OK [Q10] keyFacts rows: 9 (expected >=9)
XX [Q11] title keywords in body: 3/4 (expected 4/4)
     missing in body: 잡아바 신청
OK [Q12] speculation words ban: none (expected 0)
OK [Q13] slug ASCII: gyeonggi-youth-welfare-point (expected a-z 0-9 - _)

Pass rate: 12/13 = 92%
PASS

==================================================
[hangang-overnight-festival] 한강무박2일 8월 8일 일정 확인하고 우천 취소 공지 조회하는 법
==================================================
OK [Q1] QA cards count: 7 (expected >=7)
OK [Q2] intro 200 chars: 7/7 (expected 7/7)
OK [Q3] visual element per QA: 7/7 (expected 7/7)
OK [Q4] tables total: 2 (expected >=2)
OK [Q5] boxes total: 5 (expected >=3)
OK [Q6] highlights total: 28 (expected >=15)
OK [Q7] sourceNote ratio: 7/7 (expected >=4/7)
OK [Q8] FAQ count: 5 (expected >=5)
OK [Q9] sources URL count: 3 (expected >=3)
OK [Q10] keyFacts rows: 10 (expected >=9)
OK [Q11] title keywords in body: 4/4 (expected 4/4)
OK [Q12] speculation words ban: none (expected 0)
OK [Q13] slug ASCII: hangang-overnight-festival (expected a-z 0-9 - _)

Pass rate: 13/13 = 100%
PASS

==================================================
[happiness-card-bebang] 베팡 신청방법과 국민·롯데·삼성카드 비교, 어디가 유리할까?
==================================================
OK [Q1] QA cards count: 8 (expected >=7)
OK [Q2] intro 200 chars: 8/8 (expected 8/8)
OK [Q3] visual element per QA: 8/8 (expected 8/8)
OK [Q4] tables total: 2 (expected >=2)
OK [Q5] boxes total: 6 (expected >=3)
OK [Q6] highlights total: 32 (expected >=15)
OK [Q7] sourceNote ratio: 4/8 (expected >=4/8)
OK [Q8] FAQ count: 5 (expected >=5)
OK [Q9] sources URL count: 3 (expected >=3)
OK [Q10] keyFacts rows: 9 (expected >=9)
OK [Q11] title keywords in body: 4/4 (expected 4/4)
OK [Q12] speculation words ban: none (expected 0)
OK [Q13] slug ASCII: happiness-card-bebang (expected a-z 0-9 - _)

Pass rate: 13/13 = 100%
PASS

==================================================
[happy-birth-onestop-service] 행복출산 원스톱서비스 출생신고와 함께 양육수당 아동수당 첫만남이용권 한번에 신청하는 법
==================================================
OK [Q1] QA cards count: 7 (expected >=7)
OK [Q2] intro 200 chars: 7/7 (expected 7/7)
OK [Q3] visual element per QA: 7/7 (expected 7/7)
OK [Q4] tables total: 2 (expected >=2)
OK [Q5] boxes total: 7 (expected >=3)
OK [Q6] highlights total: 25 (expected >=15)
OK [Q7] sourceNote ratio: 5/7 (expected >=4/7)
OK [Q8] FAQ count: 5 (expected >=5)
OK [Q9] sources URL count: 3 (expected >=3)
OK [Q10] keyFacts rows: 9 (expected >=9)
OK [Q11] title keywords in body: 4/4 (expected 4/4)
OK [Q12] speculation words ban: none (expected 0)
OK [Q13] slug ASCII: happy-birth-onestop-service (expected a-z 0-9 - _)

Pass rate: 13/13 = 100%
PASS

==================================================
[happy-birth-onestop] 행복출산 원스톱서비스 신청방법과 맘편한임신 차이, 60일 소급까지
==================================================
OK [Q1] QA cards count: 8 (expected >=7)
OK [Q2] intro 200 chars: 8/8 (expected 8/8)
OK [Q3] visual element per QA: 8/8 (expected 8/8)
OK [Q4] tables total: 4 (expected >=2)
OK [Q5] boxes total: 4 (expected >=3)
OK [Q6] highlights total: 32 (expected >=15)
OK [Q7] sourceNote ratio: 8/8 (expected >=4/8)
OK [Q8] FAQ count: 5 (expected >=5)
OK [Q9] sources URL count: 4 (expected >=3)
OK [Q10] keyFacts rows: 9 (expected >=9)
OK [Q11] title keywords in body: 4/4 (expected 4/4)
OK [Q12] speculation words ban: none (expected 0)
OK [Q13] slug ASCII: happy-birth-onestop (expected a-z 0-9 - _)

Pass rate: 13/13 = 100%
PASS

==================================================
[hazard-prevention-plan-submission] 유해위험 방지계획서 제출 기계설비배치도로 안전보건공단에 15일 만에 받는 법
==================================================
OK [Q1] QA cards count: 7 (expected >=7)
OK [Q2] intro 200 chars: 7/7 (expected 7/7)
OK [Q3] visual element per QA: 7/7 (expected 7/7)
OK [Q4] tables total: 2 (expected >=2)
OK [Q5] boxes total: 7 (expected >=3)
OK [Q6] highlights total: 27 (expected >=15)
OK [Q7] sourceNote ratio: 6/7 (expected >=4/7)
OK [Q8] FAQ count: 5 (expected >=5)
OK [Q9] sources URL count: 3 (expected >=3)
OK [Q10] keyFacts rows: 9 (expected >=9)
OK [Q11] title keywords in body: 4/4 (expected 4/4)
OK [Q12] speculation words ban: none (expected 0)
OK [Q13] slug ASCII: hazard-prevention-plan-submission (expected a-z 0-9 - _)

Pass rate: 13/13 = 100%
PASS

==================================================
[hazardous-material-facility-permit] 위험물제조소 설치허가 위치구조설비도면 갖춰 소방서에 5일 만에 신청하는 법
==================================================
OK [Q1] QA cards count: 7 (expected >=7)
OK [Q2] intro 200 chars: 7/7 (expected 7/7)
OK [Q3] visual element per QA: 7/7 (expected 7/7)
OK [Q4] tables total: 2 (expected >=2)
OK [Q5] boxes total: 7 (expected >=3)
OK [Q6] highlights total: 26 (expected >=15)
OK [Q7] sourceNote ratio: 4/7 (expected >=4/7)
OK [Q8] FAQ count: 5 (expected >=5)
OK [Q9] sources URL count: 3 (expected >=3)
OK [Q10] keyFacts rows: 9 (expected >=9)
OK [Q11] title keywords in body: 4/4 (expected 4/4)
OK [Q12] speculation words ban: none (expected 0)
OK [Q13] slug ASCII: hazardous-material-facility-permit (expected a-z 0-9 - _)

Pass rate: 13/13 = 100%
PASS

==================================================
[hazardous-material-tank-safety-inspection] 위험물탱크안전성능검사 구조명세서로 소방서에 기밀 수압 충수시험 4일 만에 받는 법
==================================================
OK [Q1] QA cards count: 7 (expected >=7)
OK [Q2] intro 200 chars: 7/7 (expected 7/7)
OK [Q3] visual element per QA: 7/7 (expected 7/7)
OK [Q4] tables total: 2 (expected >=2)
OK [Q5] boxes total: 7 (expected >=3)
OK [Q6] highlights total: 26 (expected >=15)
OK [Q7] sourceNote ratio: 6/7 (expected >=4/7)
OK [Q8] FAQ count: 5 (expected >=5)
OK [Q9] sources URL count: 3 (expected >=3)
OK [Q10] keyFacts rows: 9 (expected >=9)
OK [Q11] title keywords in body: 4/4 (expected 4/4)
OK [Q12] speculation words ban: none (expected 0)
OK [Q13] slug ASCII: hazardous-material-tank-safety-inspection (expected a-z 0-9 - _)

Pass rate: 13/13 = 100%
PASS

==================================================
[health-certificate] 보건증 인터넷 발급받고 유효기간 조회하는 법
==================================================
OK [Q1] QA cards count: 7 (expected >=7)
OK [Q2] intro 200 chars: 7/7 (expected 7/7)
OK [Q3] visual element per QA: 7/7 (expected 7/7)
OK [Q4] tables total: 4 (expected >=2)
OK [Q5] boxes total: 3 (expected >=3)
OK [Q6] highlights total: 28 (expected >=15)
OK [Q7] sourceNote ratio: 7/7 (expected >=4/7)
OK [Q8] FAQ count: 5 (expected >=5)
OK [Q9] sources URL count: 3 (expected >=3)
OK [Q10] keyFacts rows: 9 (expected >=9)
OK [Q11] title keywords in body: 4/4 (expected 4/4)
OK [Q12] speculation words ban: none (expected 0)
OK [Q13] slug ASCII: health-certificate (expected a-z 0-9 - _)

Pass rate: 13/13 = 100%
PASS

==================================================
[health-condition-discount-insurance] 혈압 혈당 정상이면 보험료 최대 42% 할인, 건강할인제도란
==================================================
OK [Q1] QA cards count: 7 (expected >=7)
OK [Q2] intro 200 chars: 7/7 (expected 7/7)
OK [Q3] visual element per QA: 7/7 (expected 7/7)
OK [Q4] tables total: 2 (expected >=2)
OK [Q5] boxes total: 5 (expected >=3)
OK [Q6] highlights total: 28 (expected >=15)
OK [Q7] sourceNote ratio: 7/7 (expected >=4/7)
OK [Q8] FAQ count: 5 (expected >=5)
OK [Q9] sources URL count: 3 (expected >=3)
OK [Q10] keyFacts rows: 9 (expected >=9)
OK [Q11] title keywords in body: 4/4 (expected 4/4)
OK [Q12] speculation words ban: none (expected 0)
OK [Q13] slug ASCII: health-condition-discount-insurance (expected a-z 0-9 - _)

Pass rate: 13/13 = 100%
PASS

==================================================
[health-functional-food-business-report] 건강기능식품 판매업신고 교육이수증으로 인터넷 2만5천원 3일 만에 받는 법
==================================================
OK [Q1] QA cards count: 7 (expected >=7)
OK [Q2] intro 200 chars: 7/7 (expected 7/7)
OK [Q3] visual element per QA: 7/7 (expected 7/7)
OK [Q4] tables total: 2 (expected >=2)
OK [Q5] boxes total: 7 (expected >=3)
OK [Q6] highlights total: 26 (expected >=15)
OK [Q7] sourceNote ratio: 6/7 (expected >=4/7)
OK [Q8] FAQ count: 5 (expected >=5)
OK [Q9] sources URL count: 3 (expected >=3)
OK [Q10] keyFacts rows: 9 (expected >=9)
OK [Q11] title keywords in body: 4/4 (expected 4/4)
OK [Q12] speculation words ban: none (expected 0)
OK [Q13] slug ASCII: health-functional-food-business-report (expected a-z 0-9 - _)

Pass rate: 13/13 = 100%
PASS

==================================================
[health-insurance-dependent-registration] 건강보험 피부양자 등록 신청서로 3일 만에 자격 취득 신고하는 법
==================================================
OK [Q1] QA cards count: 7 (expected >=7)
OK [Q2] intro 200 chars: 7/7 (expected 7/7)
OK [Q3] visual element per QA: 7/7 (expected 7/7)
OK [Q4] tables total: 2 (expected >=2)
OK [Q5] boxes total: 7 (expected >=3)
OK [Q6] highlights total: 27 (expected >=15)
OK [Q7] sourceNote ratio: 6/7 (expected >=4/7)
OK [Q8] FAQ count: 5 (expected >=5)
OK [Q9] sources URL count: 3 (expected >=3)
OK [Q10] keyFacts rows: 9 (expected >=9)
OK [Q11] title keywords in body: 4/4 (expected 4/4)
OK [Q12] speculation words ban: none (expected 0)
OK [Q13] slug ASCII: health-insurance-dependent-registration (expected a-z 0-9 - _)

Pass rate: 13/13 = 100%
PASS

==================================================
[health-insurance-eligibility-certificate] 건강보험 자격득실확인서 인터넷 무료 발급받고 가입이력 확인하는 법
==================================================
OK [Q1] QA cards count: 7 (expected >=7)
OK [Q2] intro 200 chars: 7/7 (expected 7/7)
OK [Q3] visual element per QA: 7/7 (expected 7/7)
OK [Q4] tables total: 2 (expected >=2)
OK [Q5] boxes total: 7 (expected >=3)
OK [Q6] highlights total: 28 (expected >=15)
OK [Q7] sourceNote ratio: 6/7 (expected >=4/7)
OK [Q8] FAQ count: 5 (expected >=5)
OK [Q9] sources URL count: 3 (expected >=3)
OK [Q10] keyFacts rows: 9 (expected >=9)
OK [Q11] title keywords in body: 4/4 (expected 4/4)
OK [Q12] speculation words ban: none (expected 0)
OK [Q13] slug ASCII: health-insurance-eligibility-certificate (expected a-z 0-9 - _)

Pass rate: 13/13 = 100%
PASS

==================================================
[health-insurance-installment-payment] 건강보험료 3회 체납 시 분할납부신청서로 즉시 승인받는 법
==================================================
OK [Q1] QA cards count: 7 (expected >=7)
OK [Q2] intro 200 chars: 7/7 (expected 7/7)
OK [Q3] visual element per QA: 7/7 (expected 7/7)
OK [Q4] tables total: 2 (expected >=2)
OK [Q5] boxes total: 7 (expected >=3)
OK [Q6] highlights total: 28 (expected >=15)
OK [Q7] sourceNote ratio: 5/7 (expected >=4/7)
OK [Q8] FAQ count: 5 (expected >=5)
OK [Q9] sources URL count: 3 (expected >=3)
OK [Q10] keyFacts rows: 9 (expected >=9)
OK [Q11] title keywords in body: 4/4 (expected 4/4)
OK [Q12] speculation words ban: none (expected 0)
OK [Q13] slug ASCII: health-insurance-installment-payment (expected a-z 0-9 - _)

Pass rate: 13/13 = 100%
PASS

==================================================
[health-insurance-medical-expense-claim] 건강보험 요양비 처방전과 세금계산서로 40일 만에 환급받는 법
==================================================
OK [Q1] QA cards count: 7 (expected >=7)
OK [Q2] intro 200 chars: 7/7 (expected 7/7)
OK [Q3] visual element per QA: 7/7 (expected 7/7)
OK [Q4] tables total: 2 (expected >=2)
OK [Q5] boxes total: 7 (expected >=3)
OK [Q6] highlights total: 26 (expected >=15)
OK [Q7] sourceNote ratio: 4/7 (expected >=4/7)
OK [Q8] FAQ count: 5 (expected >=5)
OK [Q9] sources URL count: 3 (expected >=3)
OK [Q10] keyFacts rows: 9 (expected >=9)
OK [Q11] title keywords in body: 4/4 (expected 4/4)
OK [Q12] speculation words ban: none (expected 0)
OK [Q13] slug ASCII: health-insurance-medical-expense-claim (expected a-z 0-9 - _)

Pass rate: 13/13 = 100%
PASS

==================================================
[health-insurance-payment-certificate] 건강보험료 납부확인서 2001년 이후 납부내역 인터넷 무료로 즉시 발급받는 법
==================================================
OK [Q1] QA cards count: 7 (expected >=7)
OK [Q2] intro 200 chars: 7/7 (expected 7/7)
OK [Q3] visual element per QA: 7/7 (expected 7/7)
OK [Q4] tables total: 2 (expected >=2)
OK [Q5] boxes total: 7 (expected >=3)
OK [Q6] highlights total: 27 (expected >=15)
OK [Q7] sourceNote ratio: 6/7 (expected >=4/7)
OK [Q8] FAQ count: 5 (expected >=5)
OK [Q9] sources URL count: 3 (expected >=3)
OK [Q10] keyFacts rows: 9 (expected >=9)
OK [Q11] title keywords in body: 4/4 (expected 4/4)
OK [Q12] speculation words ban: none (expected 0)
OK [Q13] slug ASCII: health-insurance-payment-certificate (expected a-z 0-9 - _)

Pass rate: 13/13 = 100%
PASS

==================================================
[health-insurance-qualification-loss-report] 건강보험 자격상실신고 사망 국적상실 시 구비서류 없이 3일 신고하는 법
==================================================
OK [Q1] QA cards count: 7 (expected >=7)
OK [Q2] intro 200 chars: 7/7 (expected 7/7)
OK [Q3] visual element per QA: 7/7 (expected 7/7)
OK [Q4] tables total: 2 (expected >=2)
OK [Q5] boxes total: 7 (expected >=3)
OK [Q6] highlights total: 27 (expected >=15)
OK [Q7] sourceNote ratio: 4/7 (expected >=4/7)
OK [Q8] FAQ count: 5 (expected >=5)
OK [Q9] sources URL count: 3 (expected >=3)
OK [Q10] keyFacts rows: 9 (expected >=9)
OK [Q11] title keywords in body: 4/4 (expected 4/4)
OK [Q12] speculation words ban: none (expected 0)
OK [Q13] slug ASCII: health-insurance-qualification-loss-report (expected a-z 0-9 - _)

Pass rate: 13/13 = 100%
PASS

==================================================
[heart-disease-diagnosis-rider] 심장질환 진단비, 허혈성이랑 확대형 뭐가 다른가요
==================================================
OK [Q1] QA cards count: 7 (expected >=7)
OK [Q2] intro 200 chars: 7/7 (expected 7/7)
OK [Q3] visual element per QA: 7/7 (expected 7/7)
OK [Q4] tables total: 3 (expected >=2)
OK [Q5] boxes total: 4 (expected >=3)
OK [Q6] highlights total: 28 (expected >=15)
OK [Q7] sourceNote ratio: 7/7 (expected >=4/7)
OK [Q8] FAQ count: 5 (expected >=5)
OK [Q9] sources URL count: 3 (expected >=3)
XX [Q10] keyFacts rows: 4 (expected >=9)
XX [Q11] title keywords in body: 2/4 (expected 4/4)
     missing in body: 심장질환진단비 종류, 부정맥 보험 보장
OK [Q12] speculation words ban: none (expected 0)
OK [Q13] slug ASCII: heart-disease-diagnosis-rider (expected a-z 0-9 - _)

Pass rate: 11/13 = 85%
PASS

==================================================
[hidden-insurance-money] 숨은보험금 조회 방법과 종류별 차이, 소멸시효까지 정리
==================================================
OK [Q1] QA cards count: 7 (expected >=7)
OK [Q2] intro 200 chars: 7/7 (expected 7/7)
OK [Q3] visual element per QA: 7/7 (expected 7/7)
OK [Q4] tables total: 2 (expected >=2)
OK [Q5] boxes total: 5 (expected >=3)
OK [Q6] highlights total: 21 (expected >=15)
OK [Q7] sourceNote ratio: 7/7 (expected >=4/7)
OK [Q8] FAQ count: 5 (expected >=5)
OK [Q9] sources URL count: 3 (expected >=3)
OK [Q10] keyFacts rows: 9 (expected >=9)
XX [Q11] title keywords in body: 3/4 (expected 4/4)
     missing in body: 조회방법
OK [Q12] speculation words ban: none (expected 0)
OK [Q13] slug ASCII: hidden-insurance-money (expected a-z 0-9 - _)

Pass rate: 12/13 = 92%
PASS

==================================================
[high-pressure-gas-facility-permit] 고압가스 제조판매저장소설치 허가 사업계획서와 기술검토서로 시군구에 5일 만에 신청하는 법
==================================================
OK [Q1] QA cards count: 7 (expected >=7)
OK [Q2] intro 200 chars: 7/7 (expected 7/7)
OK [Q3] visual element per QA: 7/7 (expected 7/7)
OK [Q4] tables total: 2 (expected >=2)
OK [Q5] boxes total: 7 (expected >=3)
OK [Q6] highlights total: 28 (expected >=15)
OK [Q7] sourceNote ratio: 4/7 (expected >=4/7)
OK [Q8] FAQ count: 5 (expected >=5)
OK [Q9] sources URL count: 3 (expected >=3)
OK [Q10] keyFacts rows: 9 (expected >=9)
OK [Q11] title keywords in body: 4/4 (expected 4/4)
OK [Q12] speculation words ban: none (expected 0)
OK [Q13] slug ASCII: high-pressure-gas-facility-permit (expected a-z 0-9 - _)

Pass rate: 13/13 = 100%
PASS

==================================================
[high-school-transfer-assignment] 고등학교 전학 편입학 배정원서 하나로 재적학교에 즉시 신청하는 법
==================================================
OK [Q1] QA cards count: 7 (expected >=7)
OK [Q2] intro 200 chars: 7/7 (expected 7/7)
OK [Q3] visual element per QA: 7/7 (expected 7/7)
OK [Q4] tables total: 2 (expected >=2)
OK [Q5] boxes total: 7 (expected >=3)
OK [Q6] highlights total: 28 (expected >=15)
OK [Q7] sourceNote ratio: 4/7 (expected >=4/7)
OK [Q8] FAQ count: 5 (expected >=5)
OK [Q9] sources URL count: 3 (expected >=3)
OK [Q10] keyFacts rows: 9 (expected >=9)
OK [Q11] title keywords in body: 4/4 (expected 4/4)
OK [Q12] speculation words ban: none (expected 0)
OK [Q13] slug ASCII: high-school-transfer-assignment (expected a-z 0-9 - _)

Pass rate: 13/13 = 100%
PASS

==================================================
[highway-toll-discount] 고속도로 통행료 감면 확대 2026 하반기, 장애인·유공자 세대원차·다자녀 주말
==================================================
OK [Q1] QA cards count: 7 (expected >=7)
OK [Q2] intro 200 chars: 7/7 (expected 7/7)
OK [Q3] visual element per QA: 7/7 (expected 7/7)
OK [Q4] tables total: 2 (expected >=2)
OK [Q5] boxes total: 7 (expected >=3)
OK [Q6] highlights total: 24 (expected >=15)
OK [Q7] sourceNote ratio: 4/7 (expected >=4/7)
OK [Q8] FAQ count: 5 (expected >=5)
OK [Q9] sources URL count: 3 (expected >=3)
OK [Q10] keyFacts rows: 9 (expected >=9)
OK [Q11] title keywords in body: 4/4 (expected 4/4)
OK [Q12] speculation words ban: none (expected 0)
OK [Q13] slug ASCII: highway-toll-discount (expected a-z 0-9 - _)

Pass rate: 13/13 = 100%
PASS

==================================================
[home-care-facility-establishment-report] 재가노인복지시설 설치신고 사업계획서 갖춰 시군구에 수수료 없이 7일 만에 신청하는 법
==================================================
OK [Q1] QA cards count: 7 (expected >=7)
OK [Q2] intro 200 chars: 7/7 (expected 7/7)
OK [Q3] visual element per QA: 7/7 (expected 7/7)
OK [Q4] tables total: 2 (expected >=2)
OK [Q5] boxes total: 7 (expected >=3)
OK [Q6] highlights total: 28 (expected >=15)
OK [Q7] sourceNote ratio: 4/7 (expected >=4/7)
OK [Q8] FAQ count: 5 (expected >=5)
OK [Q9] sources URL count: 3 (expected >=3)
OK [Q10] keyFacts rows: 9 (expected >=9)
OK [Q11] title keywords in body: 4/4 (expected 4/4)
OK [Q12] speculation words ban: none (expected 0)
OK [Q13] slug ASCII: home-care-facility-establishment-report (expected a-z 0-9 - _)

Pass rate: 13/13 = 100%
PASS

==================================================
[home-childcare-allowance] 가정양육수당 부모급여와 차이, 어린이집 가면 어떻게 되나요?
==================================================
OK [Q1] QA cards count: 8 (expected >=7)
OK [Q2] intro 200 chars: 8/8 (expected 8/8)
OK [Q3] visual element per QA: 8/8 (expected 8/8)
OK [Q4] tables total: 3 (expected >=2)
OK [Q5] boxes total: 5 (expected >=3)
OK [Q6] highlights total: 32 (expected >=15)
OK [Q7] sourceNote ratio: 8/8 (expected >=4/8)
OK [Q8] FAQ count: 5 (expected >=5)
OK [Q9] sources URL count: 4 (expected >=3)
OK [Q10] keyFacts rows: 9 (expected >=9)
OK [Q11] title keywords in body: 4/4 (expected 4/4)
OK [Q12] speculation words ban: none (expected 0)
OK [Q13] slug ASCII: home-childcare-allowance (expected a-z 0-9 - _)

Pass rate: 13/13 = 100%
PASS

==================================================
[home-equity-pension] 주택연금 가입조건과 지급방식, 세금혜택은 어떻게 되나요?
==================================================
OK [Q1] QA cards count: 7 (expected >=7)
OK [Q2] intro 200 chars: 7/7 (expected 7/7)
OK [Q3] visual element per QA: 7/7 (expected 7/7)
OK [Q4] tables total: 3 (expected >=2)
OK [Q5] boxes total: 4 (expected >=3)
OK [Q6] highlights total: 28 (expected >=15)
OK [Q7] sourceNote ratio: 7/7 (expected >=4/7)
OK [Q8] FAQ count: 5 (expected >=5)
OK [Q9] sources URL count: 4 (expected >=3)
OK [Q10] keyFacts rows: 9 (expected >=9)
OK [Q11] title keywords in body: 4/4 (expected 4/4)
OK [Q12] speculation words ban: none (expected 0)
OK [Q13] slug ASCII: home-equity-pension (expected a-z 0-9 - _)

Pass rate: 13/13 = 100%
PASS

==================================================
[home-improvement-support] 주거급여 수선유지급여 신청자격과 임차급여 중복여부, 최대 1,601만원
==================================================
OK [Q1] QA cards count: 7 (expected >=7)
OK [Q2] intro 200 chars: 7/7 (expected 7/7)
OK [Q3] visual element per QA: 7/7 (expected 7/7)
OK [Q4] tables total: 3 (expected >=2)
OK [Q5] boxes total: 4 (expected >=3)
OK [Q6] highlights total: 27 (expected >=15)
OK [Q7] sourceNote ratio: 7/7 (expected >=4/7)
OK [Q8] FAQ count: 5 (expected >=5)
OK [Q9] sources URL count: 4 (expected >=3)
XX [Q10] keyFacts rows: 8 (expected >=9)
XX [Q11] title keywords in body: no titleKeywords (expected titleKeywords defined)
     add titleKeywords field to policy data
OK [Q12] speculation words ban: none (expected 0)
OK [Q13] slug ASCII: home-improvement-support (expected a-z 0-9 - _)

Pass rate: 11/13 = 85%
PASS

==================================================
[hospital-tier-classification-guide] 병원 급수, 왜 보험금이 다르게 나오는지 알아보기
==================================================
OK [Q1] QA cards count: 7 (expected >=7)
OK [Q2] intro 200 chars: 7/7 (expected 7/7)
OK [Q3] visual element per QA: 7/7 (expected 7/7)
OK [Q4] tables total: 2 (expected >=2)
OK [Q5] boxes total: 5 (expected >=3)
OK [Q6] highlights total: 28 (expected >=15)
OK [Q7] sourceNote ratio: 7/7 (expected >=4/7)
OK [Q8] FAQ count: 5 (expected >=5)
OK [Q9] sources URL count: 3 (expected >=3)
OK [Q10] keyFacts rows: 9 (expected >=9)
OK [Q11] title keywords in body: 4/4 (expected 4/4)
OK [Q12] speculation words ban: none (expected 0)
OK [Q13] slug ASCII: hospital-tier-classification-guide (expected a-z 0-9 - _)

Pass rate: 13/13 = 100%
PASS

==================================================
[household-liability-insurance-guide] 일상생활배상책임보험, 두 개 가입하면 두 배로 받나요
==================================================
OK [Q1] QA cards count: 7 (expected >=7)
OK [Q2] intro 200 chars: 7/7 (expected 7/7)
OK [Q3] visual element per QA: 7/7 (expected 7/7)
OK [Q4] tables total: 2 (expected >=2)
OK [Q5] boxes total: 5 (expected >=3)
OK [Q6] highlights total: 28 (expected >=15)
OK [Q7] sourceNote ratio: 7/7 (expected >=4/7)
OK [Q8] FAQ count: 5 (expected >=5)
OK [Q9] sources URL count: 3 (expected >=3)
OK [Q10] keyFacts rows: 9 (expected >=9)
OK [Q11] title keywords in body: 4/4 (expected 4/4)
OK [Q12] speculation words ban: none (expected 0)
OK [Q13] slug ASCII: household-liability-insurance-guide (expected a-z 0-9 - _)

Pass rate: 13/13 = 100%
PASS

==================================================
[housing-benefit] 주거급여 신청자격과 임차·자가가구 지원, 다른 급여 중복여부
==================================================
OK [Q1] QA cards count: 7 (expected >=7)
OK [Q2] intro 200 chars: 7/7 (expected 7/7)
OK [Q3] visual element per QA: 7/7 (expected 7/7)
OK [Q4] tables total: 3 (expected >=2)
OK [Q5] boxes total: 4 (expected >=3)
OK [Q6] highlights total: 26 (expected >=15)
OK [Q7] sourceNote ratio: 7/7 (expected >=4/7)
OK [Q8] FAQ count: 5 (expected >=5)
OK [Q9] sources URL count: 4 (expected >=3)
OK [Q10] keyFacts rows: 10 (expected >=9)
OK [Q11] title keywords in body: 4/4 (expected 4/4)
OK [Q12] speculation words ban: none (expected 0)
OK [Q13] slug ASCII: housing-benefit (expected a-z 0-9 - _)

Pass rate: 13/13 = 100%
PASS

==================================================
[housing-lease-report] 주택임대차신고 계약체결일부터 30일 이내 인터넷으로 하는 법
==================================================
OK [Q1] QA cards count: 7 (expected >=7)
OK [Q2] intro 200 chars: 7/7 (expected 7/7)
OK [Q3] visual element per QA: 7/7 (expected 7/7)
OK [Q4] tables total: 2 (expected >=2)
OK [Q5] boxes total: 7 (expected >=3)
OK [Q6] highlights total: 28 (expected >=15)
OK [Q7] sourceNote ratio: 4/7 (expected >=4/7)
OK [Q8] FAQ count: 5 (expected >=5)
OK [Q9] sources URL count: 3 (expected >=3)
OK [Q10] keyFacts rows: 9 (expected >=9)
OK [Q11] title keywords in body: 4/4 (expected 4/4)
OK [Q12] speculation words ban: none (expected 0)
OK [Q13] slug ASCII: housing-lease-report (expected a-z 0-9 - _)

Pass rate: 13/13 = 100%
PASS

==================================================
[housing-pension] 주택연금 가입조건 55세, 사망하면 집은 어떻게 되나요?
==================================================
OK [Q1] QA cards count: 7 (expected >=7)
OK [Q2] intro 200 chars: 7/7 (expected 7/7)
OK [Q3] visual element per QA: 7/7 (expected 7/7)
OK [Q4] tables total: 4 (expected >=2)
OK [Q5] boxes total: 5 (expected >=3)
OK [Q6] highlights total: 28 (expected >=15)
OK [Q7] sourceNote ratio: 7/7 (expected >=4/7)
OK [Q8] FAQ count: 5 (expected >=5)
OK [Q9] sources URL count: 3 (expected >=3)
OK [Q10] keyFacts rows: 9 (expected >=9)
OK [Q11] title keywords in body: 4/4 (expected 4/4)
OK [Q12] speculation words ban: none (expected 0)
OK [Q13] slug ASCII: housing-pension (expected a-z 0-9 - _)

Pass rate: 13/13 = 100%
PASS

==================================================
[housing-scholar] 주거안정장학금 신청자격과 거주 증빙, 국가장학금 중복여부
==================================================
OK [Q1] QA cards count: 8 (expected >=7)
OK [Q2] intro 200 chars: 8/8 (expected 8/8)
OK [Q3] visual element per QA: 8/8 (expected 8/8)
OK [Q4] tables total: 2 (expected >=2)
OK [Q5] boxes total: 6 (expected >=3)
OK [Q6] highlights total: 32 (expected >=15)
OK [Q7] sourceNote ratio: 8/8 (expected >=4/8)
OK [Q8] FAQ count: 5 (expected >=5)
OK [Q9] sources URL count: 4 (expected >=3)
OK [Q10] keyFacts rows: 9 (expected >=9)
OK [Q11] title keywords in body: 4/4 (expected 4/4)
OK [Q12] speculation words ban: none (expected 0)
OK [Q13] slug ASCII: housing-scholar (expected a-z 0-9 - _)

Pass rate: 13/13 = 100%
PASS

==================================================
[hug-dundun-jeonse] 든든전세주택 11차 수시모집 공고 어디서 조회하고 입주신청하나
==================================================
OK [Q1] QA cards count: 10 (expected >=7)
OK [Q2] intro 200 chars: 10/10 (expected 10/10)
OK [Q3] visual element per QA: 10/10 (expected 10/10)
OK [Q4] tables total: 8 (expected >=2)
OK [Q5] boxes total: 6 (expected >=3)
OK [Q6] highlights total: 40 (expected >=15)
OK [Q7] sourceNote ratio: 10/10 (expected >=5/10)
OK [Q8] FAQ count: 5 (expected >=5)
OK [Q9] sources URL count: 5 (expected >=3)
OK [Q10] keyFacts rows: 10 (expected >=9)
OK [Q11] title keywords in body: 4/4 (expected 4/4)
OK [Q12] speculation words ban: none (expected 0)
OK [Q13] slug ASCII: hug-dundun-jeonse (expected a-z 0-9 - _)

Pass rate: 13/13 = 100%
PASS

==================================================
[hug-jeonse-deposit-guarantee] 전세보증금반환보증 가입 거절되는 이유, 부채비율 90% 선을 넘었나
==================================================
OK [Q1] QA cards count: 7 (expected >=7)
OK [Q2] intro 200 chars: 7/7 (expected 7/7)
OK [Q3] visual element per QA: 7/7 (expected 7/7)
OK [Q4] tables total: 7 (expected >=2)
OK [Q5] boxes total: 6 (expected >=3)
OK [Q6] highlights total: 28 (expected >=15)
OK [Q7] sourceNote ratio: 7/7 (expected >=4/7)
OK [Q8] FAQ count: 5 (expected >=5)
OK [Q9] sources URL count: 3 (expected >=3)
OK [Q10] keyFacts rows: 13 (expected >=9)
OK [Q11] title keywords in body: 4/4 (expected 4/4)
OK [Q12] speculation words ban: none (expected 0)
OK [Q13] slug ASCII: hug-jeonse-deposit-guarantee (expected a-z 0-9 - _)

Pass rate: 13/13 = 100%
PASS

==================================================
[hygiene-product-manufacturing-report] 위생용품제조업 영업신고 교육수료증으로 2만8천원 3일 만에 받는 법
==================================================
OK [Q1] QA cards count: 7 (expected >=7)
OK [Q2] intro 200 chars: 7/7 (expected 7/7)
OK [Q3] visual element per QA: 7/7 (expected 7/7)
OK [Q4] tables total: 2 (expected >=2)
OK [Q5] boxes total: 7 (expected >=3)
OK [Q6] highlights total: 27 (expected >=15)
OK [Q7] sourceNote ratio: 5/7 (expected >=4/7)
OK [Q8] FAQ count: 5 (expected >=5)
OK [Q9] sources URL count: 3 (expected >=3)
OK [Q10] keyFacts rows: 9 (expected >=9)
OK [Q11] title keywords in body: 4/4 (expected 4/4)
OK [Q12] speculation words ban: none (expected 0)
OK [Q13] slug ASCII: hygiene-product-manufacturing-report (expected a-z 0-9 - _)

Pass rate: 13/13 = 100%
PASS

==================================================
[hypertension-medical-fee] 고혈압·당뇨병 등록관리 진료비 지원, 건강생활실천지원금과 차이
==================================================
OK [Q1] QA cards count: 7 (expected >=7)
OK [Q2] intro 200 chars: 7/7 (expected 7/7)
OK [Q3] visual element per QA: 7/7 (expected 7/7)
OK [Q4] tables total: 2 (expected >=2)
OK [Q5] boxes total: 5 (expected >=3)
OK [Q6] highlights total: 28 (expected >=15)
OK [Q7] sourceNote ratio: 7/7 (expected >=4/7)
OK [Q8] FAQ count: 5 (expected >=5)
OK [Q9] sources URL count: 3 (expected >=3)
OK [Q10] keyFacts rows: 9 (expected >=9)
XX [Q11] title keywords in body: 3/4 (expected 4/4)
     missing in body: 진료비지원
OK [Q12] speculation words ban: none (expected 0)
OK [Q13] slug ASCII: hypertension-medical-fee (expected a-z 0-9 - _)

Pass rate: 12/13 = 92%
PASS

==================================================
[illegal-loan-prevention] 불법사금융예방대출 신청자격과 완제자 인센티브, 금리는 얼마
==================================================
OK [Q1] QA cards count: 7 (expected >=7)
OK [Q2] intro 200 chars: 7/7 (expected 7/7)
OK [Q3] visual element per QA: 7/7 (expected 7/7)
OK [Q4] tables total: 4 (expected >=2)
OK [Q5] boxes total: 3 (expected >=3)
OK [Q6] highlights total: 36 (expected >=15)
OK [Q7] sourceNote ratio: 7/7 (expected >=4/7)
OK [Q8] FAQ count: 5 (expected >=5)
OK [Q9] sources URL count: 3 (expected >=3)
OK [Q10] keyFacts rows: 9 (expected >=9)
XX [Q11] title keywords in body: no titleKeywords (expected titleKeywords defined)
     add titleKeywords field to policy data
OK [Q12] speculation words ban: none (expected 0)
OK [Q13] slug ASCII: illegal-loan-prevention (expected a-z 0-9 - _)

Pass rate: 12/13 = 92%
PASS

==================================================
[imported-food-business-registration] 수입식품등 영업등록 신청 교육이수증으로 지방식약청 28000원 3일 만에 받는 법
==================================================
OK [Q1] QA cards count: 7 (expected >=7)
OK [Q2] intro 200 chars: 7/7 (expected 7/7)
OK [Q3] visual element per QA: 7/7 (expected 7/7)
OK [Q4] tables total: 2 (expected >=2)
OK [Q5] boxes total: 7 (expected >=3)
OK [Q6] highlights total: 28 (expected >=15)
OK [Q7] sourceNote ratio: 5/7 (expected >=4/7)
OK [Q8] FAQ count: 5 (expected >=5)
OK [Q9] sources URL count: 3 (expected >=3)
OK [Q10] keyFacts rows: 9 (expected >=9)
OK [Q11] title keywords in body: 4/4 (expected 4/4)
OK [Q12] speculation words ban: none (expected 0)
OK [Q13] slug ASCII: imported-food-business-registration (expected a-z 0-9 - _)

Pass rate: 13/13 = 100%
PASS

==================================================
[income-amount-certificate] 소득금액증명원 인터넷 무료 발급받고 대출·전세자금에 제출하는 법
==================================================
OK [Q1] QA cards count: 7 (expected >=7)
OK [Q2] intro 200 chars: 7/7 (expected 7/7)
OK [Q3] visual element per QA: 7/7 (expected 7/7)
OK [Q4] tables total: 3 (expected >=2)
OK [Q5] boxes total: 6 (expected >=3)
OK [Q6] highlights total: 28 (expected >=15)
OK [Q7] sourceNote ratio: 4/7 (expected >=4/7)
OK [Q8] FAQ count: 5 (expected >=5)
OK [Q9] sources URL count: 3 (expected >=3)
OK [Q10] keyFacts rows: 9 (expected >=9)
OK [Q11] title keywords in body: 4/4 (expected 4/4)
OK [Q12] speculation words ban: none (expected 0)
OK [Q13] slug ASCII: income-amount-certificate (expected a-z 0-9 - _)

Pass rate: 13/13 = 100%
PASS

==================================================
[income-contingent-loan] 취업후상환 학자금대출 의무상환 기준과 금리, 소득요건 폐지까지
==================================================
OK [Q1] QA cards count: 7 (expected >=7)
OK [Q2] intro 200 chars: 7/7 (expected 7/7)
OK [Q3] visual element per QA: 7/7 (expected 7/7)
OK [Q4] tables total: 3 (expected >=2)
OK [Q5] boxes total: 4 (expected >=3)
OK [Q6] highlights total: 28 (expected >=15)
OK [Q7] sourceNote ratio: 4/7 (expected >=4/7)
OK [Q8] FAQ count: 5 (expected >=5)
OK [Q9] sources URL count: 3 (expected >=3)
OK [Q10] keyFacts rows: 9 (expected >=9)
OK [Q11] title keywords in body: 4/4 (expected 4/4)
OK [Q12] speculation words ban: none (expected 0)
OK [Q13] slug ASCII: income-contingent-loan (expected a-z 0-9 - _)

Pass rate: 13/13 = 100%
PASS

==================================================
[indemnity-insurance-exclusions] 실손보험이 보장 안 하는 것들, 건강검진부터 미용시술까지
==================================================
OK [Q1] QA cards count: 7 (expected >=7)
OK [Q2] intro 200 chars: 7/7 (expected 7/7)
OK [Q3] visual element per QA: 7/7 (expected 7/7)
OK [Q4] tables total: 2 (expected >=2)
OK [Q5] boxes total: 6 (expected >=3)
OK [Q6] highlights total: 28 (expected >=15)
OK [Q7] sourceNote ratio: 7/7 (expected >=4/7)
OK [Q8] FAQ count: 5 (expected >=5)
OK [Q9] sources URL count: 3 (expected >=3)
OK [Q10] keyFacts rows: 9 (expected >=9)
OK [Q11] title keywords in body: 4/4 (expected 4/4)
OK [Q12] speculation words ban: none (expected 0)
OK [Q13] slug ASCII: indemnity-insurance-exclusions (expected a-z 0-9 - _)

Pass rate: 13/13 = 100%
PASS

==================================================
[indemnity-insurance-generations] 실비보험 2세대 3세대 5세대, 뭐가 다르고 갈아타야 할까요?
==================================================
OK [Q1] QA cards count: 7 (expected >=7)
OK [Q2] intro 200 chars: 7/7 (expected 7/7)
OK [Q3] visual element per QA: 7/7 (expected 7/7)
OK [Q4] tables total: 4 (expected >=2)
OK [Q5] boxes total: 3 (expected >=3)
OK [Q6] highlights total: 28 (expected >=15)
OK [Q7] sourceNote ratio: 7/7 (expected >=4/7)
OK [Q8] FAQ count: 5 (expected >=5)
OK [Q9] sources URL count: 4 (expected >=3)
OK [Q10] keyFacts rows: 9 (expected >=9)
XX [Q11] title keywords in body: 3/4 (expected 4/4)
     missing in body: 실비보험 세대비교
XX [Q12] speculation words ban: 1 found (expected 0)
     found: 약 N (수치 앞 약)
OK [Q13] slug ASCII: indemnity-insurance-generations (expected a-z 0-9 - _)

Pass rate: 11/13 = 85%
PASS

==================================================
[indemnity-insurance-switch-strategy] 실손보험 세대가 왜 자꾸 바뀌나요, 자기부담률·재가입주기 변천사
==================================================
OK [Q1] QA cards count: 7 (expected >=7)
OK [Q2] intro 200 chars: 7/7 (expected 7/7)
OK [Q3] visual element per QA: 7/7 (expected 7/7)
OK [Q4] tables total: 3 (expected >=2)
OK [Q5] boxes total: 4 (expected >=3)
OK [Q6] highlights total: 28 (expected >=15)
OK [Q7] sourceNote ratio: 7/7 (expected >=4/7)
OK [Q8] FAQ count: 5 (expected >=5)
OK [Q9] sources URL count: 3 (expected >=3)
OK [Q10] keyFacts rows: 9 (expected >=9)
OK [Q11] title keywords in body: 4/4 (expected 4/4)
OK [Q12] speculation words ban: none (expected 0)
OK [Q13] slug ASCII: indemnity-insurance-switch-strategy (expected a-z 0-9 - _)

Pass rate: 13/13 = 100%
PASS

==================================================
[individual-house-price-confirmation] 개별주택가격 확인 재산세 기준 인터넷·모바일로 즉시 조회하는 법
==================================================
OK [Q1] QA cards count: 7 (expected >=7)
OK [Q2] intro 200 chars: 7/7 (expected 7/7)
OK [Q3] visual element per QA: 7/7 (expected 7/7)
OK [Q4] tables total: 2 (expected >=2)
OK [Q5] boxes total: 7 (expected >=3)
OK [Q6] highlights total: 28 (expected >=15)
OK [Q7] sourceNote ratio: 4/7 (expected >=4/7)
OK [Q8] FAQ count: 5 (expected >=5)
OK [Q9] sources URL count: 3 (expected >=3)
OK [Q10] keyFacts rows: 9 (expected >=9)
OK [Q11] title keywords in body: 4/4 (expected 4/4)
OK [Q12] speculation words ban: none (expected 0)
OK [Q13] slug ASCII: individual-house-price-confirmation (expected a-z 0-9 - _)

Pass rate: 13/13 = 100%
PASS

==================================================
[individual-land-price-confirmation] 개별공시지가 확인서 조례 수수료로 시군구에 즉시 발급받는 법
==================================================
OK [Q1] QA cards count: 7 (expected >=7)
OK [Q2] intro 200 chars: 7/7 (expected 7/7)
OK [Q3] visual element per QA: 7/7 (expected 7/7)
OK [Q4] tables total: 2 (expected >=2)
OK [Q5] boxes total: 7 (expected >=3)
OK [Q6] highlights total: 28 (expected >=15)
OK [Q7] sourceNote ratio: 4/7 (expected >=4/7)
OK [Q8] FAQ count: 5 (expected >=5)
OK [Q9] sources URL count: 3 (expected >=3)
OK [Q10] keyFacts rows: 9 (expected >=9)
OK [Q11] title keywords in body: 4/4 (expected 4/4)
OK [Q12] speculation words ban: none (expected 0)
OK [Q13] slug ASCII: individual-land-price-confirmation (expected a-z 0-9 - _)

Pass rate: 13/13 = 100%
PASS

==================================================
[individual-land-price-objection] 개별공시지가 이의신청 공시일부터 30일 이내 재산세 낮추는 법
==================================================
OK [Q1] QA cards count: 7 (expected >=7)
OK [Q2] intro 200 chars: 7/7 (expected 7/7)
OK [Q3] visual element per QA: 7/7 (expected 7/7)
OK [Q4] tables total: 2 (expected >=2)
OK [Q5] boxes total: 7 (expected >=3)
OK [Q6] highlights total: 27 (expected >=15)
OK [Q7] sourceNote ratio: 6/7 (expected >=4/7)
OK [Q8] FAQ count: 5 (expected >=5)
OK [Q9] sources URL count: 3 (expected >=3)
OK [Q10] keyFacts rows: 9 (expected >=9)
OK [Q11] title keywords in body: 4/4 (expected 4/4)
OK [Q12] speculation words ban: none (expected 0)
OK [Q13] slug ASCII: individual-land-price-objection (expected a-z 0-9 - _)

Pass rate: 13/13 = 100%
PASS

==================================================
[industrial-accident-benefit-subrogation] 산재보험급여 대체지급 근로복지공단에 10일 만에 대위청구하는 법
==================================================
OK [Q1] QA cards count: 7 (expected >=7)
OK [Q2] intro 200 chars: 7/7 (expected 7/7)
OK [Q3] visual element per QA: 7/7 (expected 7/7)
OK [Q4] tables total: 2 (expected >=2)
OK [Q5] boxes total: 7 (expected >=3)
OK [Q6] highlights total: 28 (expected >=15)
OK [Q7] sourceNote ratio: 4/7 (expected >=4/7)
OK [Q8] FAQ count: 5 (expected >=5)
OK [Q9] sources URL count: 3 (expected >=3)
OK [Q10] keyFacts rows: 9 (expected >=9)
OK [Q11] title keywords in body: 4/4 (expected 4/4)
OK [Q12] speculation words ban: none (expected 0)
OK [Q13] slug ASCII: industrial-accident-benefit-subrogation (expected a-z 0-9 - _)

Pass rate: 13/13 = 100%
PASS

==================================================
[industrial-accident-disability-benefit] 산재 장해급여 치료 끝난 후 근로복지공단에 청구하는 법
==================================================
OK [Q1] QA cards count: 7 (expected >=7)
OK [Q2] intro 200 chars: 7/7 (expected 7/7)
OK [Q3] visual element per QA: 7/7 (expected 7/7)
OK [Q4] tables total: 2 (expected >=2)
OK [Q5] boxes total: 6 (expected >=3)
OK [Q6] highlights total: 28 (expected >=15)
OK [Q7] sourceNote ratio: 4/7 (expected >=4/7)
OK [Q8] FAQ count: 5 (expected >=5)
OK [Q9] sources URL count: 3 (expected >=3)
OK [Q10] keyFacts rows: 9 (expected >=9)
OK [Q11] title keywords in body: 4/4 (expected 4/4)
OK [Q12] speculation words ban: none (expected 0)
OK [Q13] slug ASCII: industrial-accident-disability-benefit (expected a-z 0-9 - _)

Pass rate: 13/13 = 100%
PASS

==================================================
[industrial-accident-insurance] 산재보험 업무상 재해 인정범위와 휴업급여, 후유장해 보상까지
==================================================
OK [Q1] QA cards count: 8 (expected >=7)
OK [Q2] intro 200 chars: 8/8 (expected 8/8)
OK [Q3] visual element per QA: 8/8 (expected 8/8)
XX [Q4] tables total: 1 (expected >=2)
OK [Q5] boxes total: 7 (expected >=3)
OK [Q6] highlights total: 32 (expected >=15)
OK [Q7] sourceNote ratio: 6/8 (expected >=4/8)
OK [Q8] FAQ count: 5 (expected >=5)
OK [Q9] sources URL count: 4 (expected >=3)
OK [Q10] keyFacts rows: 9 (expected >=9)
OK [Q11] title keywords in body: 4/4 (expected 4/4)
OK [Q12] speculation words ban: none (expected 0)
OK [Q13] slug ASCII: industrial-accident-insurance (expected a-z 0-9 - _)

Pass rate: 12/13 = 92%
PASS

==================================================
[industrial-accident-medical-benefit] 산재보험 요양급여 소견서 챙겨서 근로복지공단에 신청하는 법
==================================================
OK [Q1] QA cards count: 7 (expected >=7)
OK [Q2] intro 200 chars: 7/7 (expected 7/7)
OK [Q3] visual element per QA: 7/7 (expected 7/7)
OK [Q4] tables total: 2 (expected >=2)
OK [Q5] boxes total: 7 (expected >=3)
OK [Q6] highlights total: 28 (expected >=15)
OK [Q7] sourceNote ratio: 5/7 (expected >=4/7)
OK [Q8] FAQ count: 5 (expected >=5)
OK [Q9] sources URL count: 3 (expected >=3)
OK [Q10] keyFacts rows: 9 (expected >=9)
OK [Q11] title keywords in body: 4/4 (expected 4/4)
OK [Q12] speculation words ban: none (expected 0)
OK [Q13] slug ASCII: industrial-accident-medical-benefit (expected a-z 0-9 - _)

Pass rate: 13/13 = 100%
PASS

==================================================
[industrial-accident-nursing-benefit] 산재보험 간병급여 간병인 증명서류로 근로복지공단에 7일 만에 청구하는 법
==================================================
OK [Q1] QA cards count: 7 (expected >=7)
OK [Q2] intro 200 chars: 7/7 (expected 7/7)
OK [Q3] visual element per QA: 7/7 (expected 7/7)
OK [Q4] tables total: 2 (expected >=2)
OK [Q5] boxes total: 7 (expected >=3)
OK [Q6] highlights total: 28 (expected >=15)
OK [Q7] sourceNote ratio: 4/7 (expected >=4/7)
OK [Q8] FAQ count: 5 (expected >=5)
OK [Q9] sources URL count: 3 (expected >=3)
OK [Q10] keyFacts rows: 9 (expected >=9)
OK [Q11] title keywords in body: 4/4 (expected 4/4)
OK [Q12] speculation words ban: none (expected 0)
OK [Q13] slug ASCII: industrial-accident-nursing-benefit (expected a-z 0-9 - _)

Pass rate: 13/13 = 100%
PASS

==================================================
[industrial-accident-re-examination-request] 산재 심사청구 결정 불복 시 진료기록으로 60일 만에 재심사받는 법
==================================================
OK [Q1] QA cards count: 7 (expected >=7)
OK [Q2] intro 200 chars: 7/7 (expected 7/7)
OK [Q3] visual element per QA: 7/7 (expected 7/7)
OK [Q4] tables total: 2 (expected >=2)
OK [Q5] boxes total: 7 (expected >=3)
OK [Q6] highlights total: 28 (expected >=15)
OK [Q7] sourceNote ratio: 5/7 (expected >=4/7)
OK [Q8] FAQ count: 5 (expected >=5)
OK [Q9] sources URL count: 3 (expected >=3)
OK [Q10] keyFacts rows: 9 (expected >=9)
OK [Q11] title keywords in body: 4/4 (expected 4/4)
OK [Q12] speculation words ban: none (expected 0)
OK [Q13] slug ASCII: industrial-accident-re-examination-request (expected a-z 0-9 - _)

Pass rate: 13/13 = 100%
PASS

==================================================
[industrial-accident-return-to-work-subsidy] 산재 직장복귀지원금 임금원천징수부로 7일 만에 청구하는 법
==================================================
OK [Q1] QA cards count: 7 (expected >=7)
OK [Q2] intro 200 chars: 7/7 (expected 7/7)
OK [Q3] visual element per QA: 7/7 (expected 7/7)
OK [Q4] tables total: 2 (expected >=2)
OK [Q5] boxes total: 7 (expected >=3)
OK [Q6] highlights total: 27 (expected >=15)
OK [Q7] sourceNote ratio: 5/7 (expected >=4/7)
OK [Q8] FAQ count: 5 (expected >=5)
OK [Q9] sources URL count: 3 (expected >=3)
OK [Q10] keyFacts rows: 9 (expected >=9)
OK [Q11] title keywords in body: 4/4 (expected 4/4)
OK [Q12] speculation words ban: none (expected 0)
OK [Q13] slug ASCII: industrial-accident-return-to-work-subsidy (expected a-z 0-9 - _)

Pass rate: 13/13 = 100%
PASS

==================================================
[industrial-accident-survivor-benefit] 산재 유족급여 장례비 사망진단서로 근로복지공단에 청구하는 법
==================================================
OK [Q1] QA cards count: 7 (expected >=7)
OK [Q2] intro 200 chars: 7/7 (expected 7/7)
OK [Q3] visual element per QA: 7/7 (expected 7/7)
OK [Q4] tables total: 2 (expected >=2)
OK [Q5] boxes total: 7 (expected >=3)
OK [Q6] highlights total: 28 (expected >=15)
OK [Q7] sourceNote ratio: 5/7 (expected >=4/7)
OK [Q8] FAQ count: 5 (expected >=5)
OK [Q9] sources URL count: 3 (expected >=3)
OK [Q10] keyFacts rows: 9 (expected >=9)
OK [Q11] title keywords in body: 4/4 (expected 4/4)
OK [Q12] speculation words ban: none (expected 0)
OK [Q13] slug ASCII: industrial-accident-survivor-benefit (expected a-z 0-9 - _)

Pass rate: 13/13 = 100%
PASS

==================================================
[industrial-accident-survivor-pension-change] 산재 유족연금 수급권자 변경 사망진단서로 10일 만에 신고하는 법
==================================================
OK [Q1] QA cards count: 7 (expected >=7)
OK [Q2] intro 200 chars: 7/7 (expected 7/7)
OK [Q3] visual element per QA: 7/7 (expected 7/7)
OK [Q4] tables total: 2 (expected >=2)
OK [Q5] boxes total: 7 (expected >=3)
OK [Q6] highlights total: 28 (expected >=15)
OK [Q7] sourceNote ratio: 5/7 (expected >=4/7)
OK [Q8] FAQ count: 5 (expected >=5)
OK [Q9] sources URL count: 3 (expected >=3)
OK [Q10] keyFacts rows: 9 (expected >=9)
OK [Q11] title keywords in body: 4/4 (expected 4/4)
OK [Q12] speculation words ban: none (expected 0)
OK [Q13] slug ASCII: industrial-accident-survivor-pension-change (expected a-z 0-9 - _)

Pass rate: 13/13 = 100%
PASS

==================================================
[industrial-accident-temporary-disability-benefit] 산재 휴업급여 임금대장으로 7일 만에 청구 2년 넘으면 상병보상연금
==================================================
OK [Q1] QA cards count: 7 (expected >=7)
OK [Q2] intro 200 chars: 7/7 (expected 7/7)
OK [Q3] visual element per QA: 7/7 (expected 7/7)
OK [Q4] tables total: 2 (expected >=2)
OK [Q5] boxes total: 7 (expected >=3)
OK [Q6] highlights total: 27 (expected >=15)
OK [Q7] sourceNote ratio: 6/7 (expected >=4/7)
OK [Q8] FAQ count: 5 (expected >=5)
OK [Q9] sources URL count: 3 (expected >=3)
OK [Q10] keyFacts rows: 9 (expected >=9)
OK [Q11] title keywords in body: 4/4 (expected 4/4)
OK [Q12] speculation words ban: none (expected 0)
OK [Q13] slug ASCII: industrial-accident-temporary-disability-benefit (expected a-z 0-9 - _)

Pass rate: 13/13 = 100%
PASS

==================================================
[industrial-property-application] 산업재산권 출원 명세서와 도면으로 특허 실용신안 상표 디자인 7일 만에 접수하는 법
==================================================
OK [Q1] QA cards count: 7 (expected >=7)
OK [Q2] intro 200 chars: 7/7 (expected 7/7)
OK [Q3] visual element per QA: 7/7 (expected 7/7)
OK [Q4] tables total: 2 (expected >=2)
OK [Q5] boxes total: 7 (expected >=3)
OK [Q6] highlights total: 28 (expected >=15)
OK [Q7] sourceNote ratio: 6/7 (expected >=4/7)
OK [Q8] FAQ count: 5 (expected >=5)
OK [Q9] sources URL count: 3 (expected >=3)
OK [Q10] keyFacts rows: 9 (expected >=9)
OK [Q11] title keywords in body: 4/4 (expected 4/4)
OK [Q12] speculation words ban: none (expected 0)
OK [Q13] slug ASCII: industrial-property-application (expected a-z 0-9 - _)

Pass rate: 13/13 = 100%
PASS

==================================================
[infant-childcare-fee] 영유아보육료 본인부담과 가정양육수당 차이, 누리과정까지
==================================================
OK [Q1] QA cards count: 8 (expected >=7)
OK [Q2] intro 200 chars: 8/8 (expected 8/8)
OK [Q3] visual element per QA: 8/8 (expected 8/8)
OK [Q4] tables total: 3 (expected >=2)
OK [Q5] boxes total: 5 (expected >=3)
OK [Q6] highlights total: 32 (expected >=15)
OK [Q7] sourceNote ratio: 8/8 (expected >=4/8)
OK [Q8] FAQ count: 5 (expected >=5)
OK [Q9] sources URL count: 4 (expected >=3)
OK [Q10] keyFacts rows: 9 (expected >=9)
XX [Q11] title keywords in body: 3/4 (expected 4/4)
     missing in body: 보건복지부
OK [Q12] speculation words ban: none (expected 0)
OK [Q13] slug ASCII: infant-childcare-fee (expected a-z 0-9 - _)

Pass rate: 12/13 = 92%
PASS

==================================================
[infant-developmental-checkup] 영유아 발달정밀검사비 지원대상과 신청기한, 검사비 받는 방법
==================================================
OK [Q1] QA cards count: 7 (expected >=7)
OK [Q2] intro 200 chars: 7/7 (expected 7/7)
OK [Q3] visual element per QA: 7/7 (expected 7/7)
OK [Q4] tables total: 3 (expected >=2)
OK [Q5] boxes total: 4 (expected >=3)
OK [Q6] highlights total: 56 (expected >=15)
OK [Q7] sourceNote ratio: 7/7 (expected >=4/7)
OK [Q8] FAQ count: 5 (expected >=5)
OK [Q9] sources URL count: 3 (expected >=3)
OK [Q10] keyFacts rows: 9 (expected >=9)
XX [Q11] title keywords in body: no titleKeywords (expected titleKeywords defined)
     add titleKeywords field to policy data
OK [Q12] speculation words ban: none (expected 0)
OK [Q13] slug ASCII: infant-developmental-checkup (expected a-z 0-9 - _)

Pass rate: 12/13 = 92%
PASS

==================================================
[infant-health-checkup] 영유아 건강검진 신청방법과 비용, 결과 이상 있으면 어떻게 하나요?
==================================================
OK [Q1] QA cards count: 8 (expected >=7)
OK [Q2] intro 200 chars: 8/8 (expected 8/8)
OK [Q3] visual element per QA: 8/8 (expected 8/8)
OK [Q4] tables total: 2 (expected >=2)
OK [Q5] boxes total: 7 (expected >=3)
OK [Q6] highlights total: 32 (expected >=15)
OK [Q7] sourceNote ratio: 8/8 (expected >=4/8)
OK [Q8] FAQ count: 5 (expected >=5)
OK [Q9] sources URL count: 4 (expected >=3)
OK [Q10] keyFacts rows: 9 (expected >=9)
OK [Q11] title keywords in body: 4/4 (expected 4/4)
OK [Q12] speculation words ban: none (expected 0)
OK [Q13] slug ASCII: infant-health-checkup (expected a-z 0-9 - _)

Pass rate: 13/13 = 100%
PASS

==================================================
[infertility-treatment-leave] 난임치료휴가 유급 2일 무급 4일, 분할사용과 신청방법
==================================================
OK [Q1] QA cards count: 8 (expected >=7)
OK [Q2] intro 200 chars: 8/8 (expected 8/8)
OK [Q3] visual element per QA: 8/8 (expected 8/8)
OK [Q4] tables total: 4 (expected >=2)
OK [Q5] boxes total: 4 (expected >=3)
OK [Q6] highlights total: 32 (expected >=15)
OK [Q7] sourceNote ratio: 8/8 (expected >=4/8)
OK [Q8] FAQ count: 5 (expected >=5)
OK [Q9] sources URL count: 4 (expected >=3)
OK [Q10] keyFacts rows: 9 (expected >=9)
OK [Q11] title keywords in body: 4/4 (expected 4/4)
OK [Q12] speculation words ban: none (expected 0)
OK [Q13] slug ASCII: infertility-treatment-leave (expected a-z 0-9 - _)

Pass rate: 13/13 = 100%
PASS

==================================================
[inheritance-division] 상속재산 분할·법정상속분·유류분·상속세 총정리
==================================================
OK [Q1] QA cards count: 7 (expected >=7)
OK [Q2] intro 200 chars: 7/7 (expected 7/7)
OK [Q3] visual element per QA: 7/7 (expected 7/7)
OK [Q4] tables total: 2 (expected >=2)
OK [Q5] boxes total: 7 (expected >=3)
OK [Q6] highlights total: 28 (expected >=15)
OK [Q7] sourceNote ratio: 4/7 (expected >=4/7)
OK [Q8] FAQ count: 5 (expected >=5)
OK [Q9] sources URL count: 3 (expected >=3)
OK [Q10] keyFacts rows: 9 (expected >=9)
OK [Q11] title keywords in body: 4/4 (expected 4/4)
OK [Q12] speculation words ban: none (expected 0)
OK [Q13] slug ASCII: inheritance-division (expected a-z 0-9 - _)

Pass rate: 13/13 = 100%
PASS

==================================================
[inheritance-registration] 상속등기 신청방법과 서류, 취득세 2.8%까지 총정리
==================================================
OK [Q1] QA cards count: 7 (expected >=7)
OK [Q2] intro 200 chars: 7/7 (expected 7/7)
OK [Q3] visual element per QA: 7/7 (expected 7/7)
OK [Q4] tables total: 4 (expected >=2)
OK [Q5] boxes total: 3 (expected >=3)
OK [Q6] highlights total: 28 (expected >=15)
OK [Q7] sourceNote ratio: 7/7 (expected >=4/7)
OK [Q8] FAQ count: 5 (expected >=5)
OK [Q9] sources URL count: 3 (expected >=3)
XX [Q10] keyFacts rows: 8 (expected >=9)
XX [Q11] title keywords in body: 2/4 (expected 4/4)
     missing in body: 신청방법, 필요서류
OK [Q12] speculation words ban: none (expected 0)
OK [Q13] slug ASCII: inheritance-registration (expected a-z 0-9 - _)

Pass rate: 11/13 = 85%
PASS

==================================================
[inheritance-renunciation] 상속포기·한정승인 차이와 3개월 기한, 빚 상속 총정리
==================================================
OK [Q1] QA cards count: 7 (expected >=7)
OK [Q2] intro 200 chars: 7/7 (expected 7/7)
OK [Q3] visual element per QA: 7/7 (expected 7/7)
OK [Q4] tables total: 2 (expected >=2)
OK [Q5] boxes total: 7 (expected >=3)
OK [Q6] highlights total: 28 (expected >=15)
OK [Q7] sourceNote ratio: 4/7 (expected >=4/7)
OK [Q8] FAQ count: 5 (expected >=5)
OK [Q9] sources URL count: 3 (expected >=3)
OK [Q10] keyFacts rows: 9 (expected >=9)
OK [Q11] title keywords in body: 4/4 (expected 4/4)
OK [Q12] speculation words ban: none (expected 0)
OK [Q13] slug ASCII: inheritance-renunciation (expected a-z 0-9 - _)

Pass rate: 13/13 = 100%
PASS

==================================================
[inheritance-tax] 상속세 계산기로 면제한도 확인하고 6개월 안에 신고하는 법
==================================================
OK [Q1] QA cards count: 7 (expected >=7)
OK [Q2] intro 200 chars: 7/7 (expected 7/7)
OK [Q3] visual element per QA: 7/7 (expected 7/7)
OK [Q4] tables total: 2 (expected >=2)
OK [Q5] boxes total: 5 (expected >=3)
OK [Q6] highlights total: 28 (expected >=15)
XX [Q7] sourceNote ratio: 0/7 (expected >=4/7)
OK [Q8] FAQ count: 5 (expected >=5)
OK [Q9] sources URL count: 3 (expected >=3)
XX [Q10] keyFacts rows: 6 (expected >=9)
OK [Q11] title keywords in body: 4/4 (expected 4/4)
OK [Q12] speculation words ban: none (expected 0)
OK [Q13] slug ASCII: inheritance-tax (expected a-z 0-9 - _)

Pass rate: 11/13 = 85%
PASS

==================================================
[innobiz-certificate] 이노비즈 확인서 서류 없이 지방중기청에 7일 만에 발급받는 법
==================================================
OK [Q1] QA cards count: 7 (expected >=7)
OK [Q2] intro 200 chars: 7/7 (expected 7/7)
OK [Q3] visual element per QA: 7/7 (expected 7/7)
OK [Q4] tables total: 2 (expected >=2)
OK [Q5] boxes total: 7 (expected >=3)
OK [Q6] highlights total: 28 (expected >=15)
OK [Q7] sourceNote ratio: 5/7 (expected >=4/7)
OK [Q8] FAQ count: 5 (expected >=5)
OK [Q9] sources URL count: 3 (expected >=3)
OK [Q10] keyFacts rows: 9 (expected >=9)
OK [Q11] title keywords in body: 4/4 (expected 4/4)
OK [Q12] speculation words ban: none (expected 0)
OK [Q13] slug ASCII: innobiz-certificate (expected a-z 0-9 - _)

Pass rate: 13/13 = 100%
PASS

==================================================
[innovation-growth-fund] 혁신성장촉진자금 8월 10일 접수 바뀐다, 선착순이 아니라면 뭘 준비하나
==================================================
OK [Q1] QA cards count: 7 (expected >=7)
OK [Q2] intro 200 chars: 7/7 (expected 7/7)
OK [Q3] visual element per QA: 7/7 (expected 7/7)
OK [Q4] tables total: 6 (expected >=2)
OK [Q5] boxes total: 6 (expected >=3)
OK [Q6] highlights total: 28 (expected >=15)
OK [Q7] sourceNote ratio: 7/7 (expected >=4/7)
OK [Q8] FAQ count: 5 (expected >=5)
OK [Q9] sources URL count: 4 (expected >=3)
OK [Q10] keyFacts rows: 11 (expected >=9)
OK [Q11] title keywords in body: 4/4 (expected 4/4)
OK [Q12] speculation words ban: none (expected 0)
OK [Q13] slug ASCII: innovation-growth-fund (expected a-z 0-9 - _)

Pass rate: 13/13 = 100%
PASS

==================================================
[insurance-claim-denial-rate] 보험금 잘 주는 회사 vs 안 주는 회사, 부지급률로 비교하는 법
==================================================
OK [Q1] QA cards count: 7 (expected >=7)
OK [Q2] intro 200 chars: 7/7 (expected 7/7)
OK [Q3] visual element per QA: 7/7 (expected 7/7)
OK [Q4] tables total: 3 (expected >=2)
OK [Q5] boxes total: 4 (expected >=3)
OK [Q6] highlights total: 28 (expected >=15)
OK [Q7] sourceNote ratio: 7/7 (expected >=4/7)
OK [Q8] FAQ count: 5 (expected >=5)
OK [Q9] sources URL count: 3 (expected >=3)
OK [Q10] keyFacts rows: 9 (expected >=9)
OK [Q11] title keywords in body: 4/4 (expected 4/4)
OK [Q12] speculation words ban: none (expected 0)
OK [Q13] slug ASCII: insurance-claim-denial-rate (expected a-z 0-9 - _)

Pass rate: 13/13 = 100%
PASS

==================================================
[insurance-disclosure-duty-guide] 보험 고지의무 안 지키면 벌어지는 일, 실제 분쟁사례로 보기
==================================================
OK [Q1] QA cards count: 7 (expected >=7)
OK [Q2] intro 200 chars: 7/7 (expected 7/7)
OK [Q3] visual element per QA: 7/7 (expected 7/7)
OK [Q4] tables total: 4 (expected >=2)
OK [Q5] boxes total: 3 (expected >=3)
OK [Q6] highlights total: 28 (expected >=15)
OK [Q7] sourceNote ratio: 7/7 (expected >=4/7)
OK [Q8] FAQ count: 5 (expected >=5)
OK [Q9] sources URL count: 3 (expected >=3)
XX [Q10] keyFacts rows: 4 (expected >=9)
XX [Q11] title keywords in body: 0/4 (expected 4/4)
     missing in body: 보험 고지의무, 계약전 알릴의무, 고지의무 위반 보험금, 건강고지형 간편고지형 차이
OK [Q12] speculation words ban: none (expected 0)
OK [Q13] slug ASCII: insurance-disclosure-duty-guide (expected a-z 0-9 - _)

Pass rate: 11/13 = 85%
PASS

==================================================
[insured-turnover-confirmation] 피보험자 이직확인서 사업주가 서류 없이 10일 만에 발급받는 법
==================================================
OK [Q1] QA cards count: 7 (expected >=7)
OK [Q2] intro 200 chars: 7/7 (expected 7/7)
OK [Q3] visual element per QA: 7/7 (expected 7/7)
OK [Q4] tables total: 2 (expected >=2)
OK [Q5] boxes total: 7 (expected >=3)
OK [Q6] highlights total: 28 (expected >=15)
OK [Q7] sourceNote ratio: 5/7 (expected >=4/7)
OK [Q8] FAQ count: 5 (expected >=5)
OK [Q9] sources URL count: 3 (expected >=3)
OK [Q10] keyFacts rows: 9 (expected >=9)
OK [Q11] title keywords in body: 4/4 (expected 4/4)
OK [Q12] speculation words ban: none (expected 0)
OK [Q13] slug ASCII: insured-turnover-confirmation (expected a-z 0-9 - _)

Pass rate: 13/13 = 100%
PASS

==================================================
[integrated-career-certificate] 고용24 통합경력증명서 발급받고 이력서 자동완성하는 법
==================================================
OK [Q1] QA cards count: 7 (expected >=7)
OK [Q2] intro 200 chars: 7/7 (expected 7/7)
OK [Q3] visual element per QA: 7/7 (expected 7/7)
OK [Q4] tables total: 5 (expected >=2)
OK [Q5] boxes total: 3 (expected >=3)
OK [Q6] highlights total: 28 (expected >=15)
OK [Q7] sourceNote ratio: 7/7 (expected >=4/7)
OK [Q8] FAQ count: 5 (expected >=5)
OK [Q9] sources URL count: 3 (expected >=3)
OK [Q10] keyFacts rows: 9 (expected >=9)
OK [Q11] title keywords in body: 4/4 (expected 4/4)
OK [Q12] speculation words ban: none (expected 0)
OK [Q13] slug ASCII: integrated-career-certificate (expected a-z 0-9 - _)

Pass rate: 13/13 = 100%
PASS

==================================================
[international-drivers-license] 국제운전면허증 9000원 경찰서 즉시발급 vs 인터넷 14일 차이
==================================================
OK [Q1] QA cards count: 7 (expected >=7)
OK [Q2] intro 200 chars: 7/7 (expected 7/7)
OK [Q3] visual element per QA: 7/7 (expected 7/7)
OK [Q4] tables total: 3 (expected >=2)
OK [Q5] boxes total: 7 (expected >=3)
OK [Q6] highlights total: 28 (expected >=15)
OK [Q7] sourceNote ratio: 5/7 (expected >=4/7)
OK [Q8] FAQ count: 5 (expected >=5)
OK [Q9] sources URL count: 3 (expected >=3)
OK [Q10] keyFacts rows: 9 (expected >=9)
OK [Q11] title keywords in body: 4/4 (expected 4/4)
OK [Q12] speculation words ban: none (expected 0)
OK [Q13] slug ASCII: international-drivers-license (expected a-z 0-9 - _)

Pass rate: 13/13 = 100%
PASS

==================================================
[international-freight-forwarding-registration] 국제물류주선업 등록 등록기준증명서로 시도에 2만원 신규10일 변경5일 만에 받는 법
==================================================
OK [Q1] QA cards count: 7 (expected >=7)
OK [Q2] intro 200 chars: 7/7 (expected 7/7)
OK [Q3] visual element per QA: 7/7 (expected 7/7)
OK [Q4] tables total: 2 (expected >=2)
OK [Q5] boxes total: 7 (expected >=3)
OK [Q6] highlights total: 27 (expected >=15)
OK [Q7] sourceNote ratio: 6/7 (expected >=4/7)
OK [Q8] FAQ count: 5 (expected >=5)
OK [Q9] sources URL count: 3 (expected >=3)
OK [Q10] keyFacts rows: 9 (expected >=9)
OK [Q11] title keywords in body: 4/4 (expected 4/4)
OK [Q12] speculation words ban: none (expected 0)
OK [Q13] slug ASCII: international-freight-forwarding-registration (expected a-z 0-9 - _)

Pass rate: 13/13 = 100%
PASS

==================================================
[international-vaccination-certificate-reissue] 국제공인예방접종 증명서 재발급 인적사항 변경으로 국립검역소 1000원 즉시 받는 법
==================================================
OK [Q1] QA cards count: 7 (expected >=7)
OK [Q2] intro 200 chars: 7/7 (expected 7/7)
OK [Q3] visual element per QA: 7/7 (expected 7/7)
OK [Q4] tables total: 3 (expected >=2)
OK [Q5] boxes total: 7 (expected >=3)
OK [Q6] highlights total: 27 (expected >=15)
OK [Q7] sourceNote ratio: 5/7 (expected >=4/7)
OK [Q8] FAQ count: 5 (expected >=5)
OK [Q9] sources URL count: 3 (expected >=3)
OK [Q10] keyFacts rows: 9 (expected >=9)
OK [Q11] title keywords in body: 4/4 (expected 4/4)
OK [Q12] speculation words ban: none (expected 0)
OK [Q13] slug ASCII: international-vaccination-certificate-reissue (expected a-z 0-9 - _)

Pass rate: 13/13 = 100%
PASS

==================================================
[inverter-ac-electricity-saving] 인버터 에어컨 전기세 아끼는 법, 껐다 켰다가 답일까
==================================================
OK [Q1] QA cards count: 7 (expected >=7)
OK [Q2] intro 200 chars: 7/7 (expected 7/7)
OK [Q3] visual element per QA: 7/7 (expected 7/7)
OK [Q4] tables total: 4 (expected >=2)
OK [Q5] boxes total: 4 (expected >=3)
OK [Q6] highlights total: 28 (expected >=15)
OK [Q7] sourceNote ratio: 7/7 (expected >=4/7)
OK [Q8] FAQ count: 5 (expected >=5)
OK [Q9] sources URL count: 3 (expected >=3)
OK [Q10] keyFacts rows: 9 (expected >=9)
OK [Q11] title keywords in body: 4/4 (expected 4/4)
OK [Q12] speculation words ban: none (expected 0)
OK [Q13] slug ASCII: inverter-ac-electricity-saving (expected a-z 0-9 - _)

Pass rate: 13/13 = 100%
PASS

==================================================
[investment-advisory-discretionary-business-registration] 투자자문업 투자일임업 등록 임원경력증명서로 금융위원회에 수수료없이 2개월 만에 받는 법
==================================================
OK [Q1] QA cards count: 7 (expected >=7)
OK [Q2] intro 200 chars: 7/7 (expected 7/7)
OK [Q3] visual element per QA: 7/7 (expected 7/7)
OK [Q4] tables total: 2 (expected >=2)
OK [Q5] boxes total: 7 (expected >=3)
OK [Q6] highlights total: 28 (expected >=15)
OK [Q7] sourceNote ratio: 5/7 (expected >=4/7)
OK [Q8] FAQ count: 5 (expected >=5)
OK [Q9] sources URL count: 3 (expected >=3)
OK [Q10] keyFacts rows: 9 (expected >=9)
OK [Q11] title keywords in body: 4/4 (expected 4/4)
OK [Q12] speculation words ban: none (expected 0)
OK [Q13] slug ASCII: investment-advisory-discretionary-business-registration (expected a-z 0-9 - _)

Pass rate: 13/13 = 100%
PASS

==================================================
[isa-bank-comparison] ISA 계좌 은행별 정기예금 금리 비교, 어디가 제일 유리할까
==================================================
OK [Q1] QA cards count: 7 (expected >=7)
OK [Q2] intro 200 chars: 7/7 (expected 7/7)
OK [Q3] visual element per QA: 7/7 (expected 7/7)
OK [Q4] tables total: 2 (expected >=2)
OK [Q5] boxes total: 7 (expected >=3)
OK [Q6] highlights total: 23 (expected >=15)
OK [Q7] sourceNote ratio: 7/7 (expected >=4/7)
OK [Q8] FAQ count: 5 (expected >=5)
OK [Q9] sources URL count: 3 (expected >=3)
OK [Q10] keyFacts rows: 9 (expected >=9)
OK [Q11] title keywords in body: 4/4 (expected 4/4)
OK [Q12] speculation words ban: none (expected 0)
OK [Q13] slug ASCII: isa-bank-comparison (expected a-z 0-9 - _)

Pass rate: 13/13 = 100%
PASS

==================================================
[isolated-youth-onestop] 고립·은둔 청소년 원스톱 지원, 비밀보장과 심리치료까지
==================================================
OK [Q1] QA cards count: 8 (expected >=7)
OK [Q2] intro 200 chars: 8/8 (expected 8/8)
OK [Q3] visual element per QA: 8/8 (expected 8/8)
OK [Q4] tables total: 2 (expected >=2)
OK [Q5] boxes total: 7 (expected >=3)
OK [Q6] highlights total: 32 (expected >=15)
OK [Q7] sourceNote ratio: 8/8 (expected >=4/8)
OK [Q8] FAQ count: 5 (expected >=5)
OK [Q9] sources URL count: 4 (expected >=3)
OK [Q10] keyFacts rows: 9 (expected >=9)
OK [Q11] title keywords in body: 4/4 (expected 4/4)
OK [Q12] speculation words ban: none (expected 0)
OK [Q13] slug ASCII: isolated-youth-onestop (expected a-z 0-9 - _)

Pass rate: 13/13 = 100%
PASS

==================================================
[it-communications-construction-business-registration] 정보통신공사업등록 기업진단보고서로 한국정보통신공사협회 3만원 10일 만에 받는 법
==================================================
OK [Q1] QA cards count: 7 (expected >=7)
OK [Q2] intro 200 chars: 7/7 (expected 7/7)
OK [Q3] visual element per QA: 7/7 (expected 7/7)
OK [Q4] tables total: 2 (expected >=2)
OK [Q5] boxes total: 7 (expected >=3)
OK [Q6] highlights total: 28 (expected >=15)
OK [Q7] sourceNote ratio: 6/7 (expected >=4/7)
OK [Q8] FAQ count: 5 (expected >=5)
OK [Q9] sources URL count: 3 (expected >=3)
OK [Q10] keyFacts rows: 9 (expected >=9)
OK [Q11] title keywords in body: 4/4 (expected 4/4)
OK [Q12] speculation words ban: none (expected 0)
OK [Q13] slug ASCII: it-communications-construction-business-registration (expected a-z 0-9 - _)

Pass rate: 13/13 = 100%
PASS

==================================================
[jeonse-fraud-victim] 전세사기 피해자 인정요건과 우선매수권·LH매입, 당장 살 곳 없으면
==================================================
OK [Q1] QA cards count: 8 (expected >=7)
OK [Q2] intro 200 chars: 8/8 (expected 8/8)
OK [Q3] visual element per QA: 8/8 (expected 8/8)
XX [Q4] tables total: 1 (expected >=2)
OK [Q5] boxes total: 7 (expected >=3)
OK [Q6] highlights total: 32 (expected >=15)
OK [Q7] sourceNote ratio: 7/8 (expected >=4/8)
OK [Q8] FAQ count: 5 (expected >=5)
OK [Q9] sources URL count: 4 (expected >=3)
OK [Q10] keyFacts rows: 9 (expected >=9)
OK [Q11] title keywords in body: 4/4 (expected 4/4)
OK [Q12] speculation words ban: none (expected 0)
OK [Q13] slug ASCII: jeonse-fraud-victim (expected a-z 0-9 - _)

Pass rate: 12/13 = 92%
PASS

==================================================
[jeonse-protection] 전세보증금 지키는 법·전세사기 예방, 대항력·확정일자
==================================================
OK [Q1] QA cards count: 7 (expected >=7)
OK [Q2] intro 200 chars: 7/7 (expected 7/7)
OK [Q3] visual element per QA: 7/7 (expected 7/7)
OK [Q4] tables total: 2 (expected >=2)
OK [Q5] boxes total: 7 (expected >=3)
OK [Q6] highlights total: 28 (expected >=15)
OK [Q7] sourceNote ratio: 4/7 (expected >=4/7)
OK [Q8] FAQ count: 5 (expected >=5)
OK [Q9] sources URL count: 3 (expected >=3)
OK [Q10] keyFacts rows: 9 (expected >=9)
OK [Q11] title keywords in body: 4/4 (expected 4/4)
OK [Q12] speculation words ban: none (expected 0)
OK [Q13] slug ASCII: jeonse-protection (expected a-z 0-9 - _)

Pass rate: 13/13 = 100%
PASS

==================================================
[jeonse-right-registration] 전세권설정등기 신청방법과 비용, 확정일자와 뭐가 다른가요?
==================================================
OK [Q1] QA cards count: 7 (expected >=7)
OK [Q2] intro 200 chars: 7/7 (expected 7/7)
OK [Q3] visual element per QA: 7/7 (expected 7/7)
OK [Q4] tables total: 4 (expected >=2)
OK [Q5] boxes total: 4 (expected >=3)
OK [Q6] highlights total: 28 (expected >=15)
OK [Q7] sourceNote ratio: 7/7 (expected >=4/7)
OK [Q8] FAQ count: 5 (expected >=5)
OK [Q9] sources URL count: 4 (expected >=3)
XX [Q10] keyFacts rows: 8 (expected >=9)
XX [Q11] title keywords in body: 2/4 (expected 4/4)
     missing in body: 신청방법, 확정일자 차이
OK [Q12] speculation words ban: none (expected 0)
OK [Q13] slug ASCII: jeonse-right-registration (expected a-z 0-9 - _)

Pass rate: 11/13 = 85%
PASS

==================================================
[job-seeker-benefit] 구직급여(실업급여) 수급자격과 신청방법, 비자발적 이직 인정기준
==================================================
OK [Q1] QA cards count: 7 (expected >=7)
OK [Q2] intro 200 chars: 7/7 (expected 7/7)
OK [Q3] visual element per QA: 7/7 (expected 7/7)
OK [Q4] tables total: 3 (expected >=2)
OK [Q5] boxes total: 4 (expected >=3)
OK [Q6] highlights total: 36 (expected >=15)
OK [Q7] sourceNote ratio: 7/7 (expected >=4/7)
OK [Q8] FAQ count: 5 (expected >=5)
OK [Q9] sources URL count: 4 (expected >=3)
XX [Q10] keyFacts rows: 8 (expected >=9)
XX [Q11] title keywords in body: no titleKeywords (expected titleKeywords defined)
     add titleKeywords field to policy data
OK [Q12] speculation words ban: none (expected 0)
OK [Q13] slug ASCII: job-seeker-benefit (expected a-z 0-9 - _)

Pass rate: 11/13 = 85%
PASS

==================================================
[job-seeker-leap-package] 구직자 도약보장 패키지
==================================================
OK [Q1] QA cards count: 7 (expected >=7)
OK [Q2] intro 200 chars: 7/7 (expected 7/7)
OK [Q3] visual element per QA: 7/7 (expected 7/7)
OK [Q4] tables total: 3 (expected >=2)
OK [Q5] boxes total: 4 (expected >=3)
OK [Q6] highlights total: 28 (expected >=15)
OK [Q7] sourceNote ratio: 7/7 (expected >=4/7)
OK [Q8] FAQ count: 5 (expected >=5)
OK [Q9] sources URL count: 3 (expected >=3)
XX [Q10] keyFacts rows: 7 (expected >=9)
XX [Q11] title keywords in body: no titleKeywords (expected titleKeywords defined)
     add titleKeywords field to policy data
OK [Q12] speculation words ban: none (expected 0)
OK [Q13] slug ASCII: job-seeker-leap-package (expected a-z 0-9 - _)

Pass rate: 11/13 = 85%
PASS

==================================================
[k-mooc-online] K-MOOC 수강방법과 수료증·학점인정, 외국어 강좌도 있나요?
==================================================
OK [Q1] QA cards count: 8 (expected >=7)
OK [Q2] intro 200 chars: 8/8 (expected 8/8)
OK [Q3] visual element per QA: 8/8 (expected 8/8)
OK [Q4] tables total: 2 (expected >=2)
OK [Q5] boxes total: 7 (expected >=3)
OK [Q6] highlights total: 32 (expected >=15)
OK [Q7] sourceNote ratio: 8/8 (expected >=4/8)
OK [Q8] FAQ count: 5 (expected >=5)
OK [Q9] sources URL count: 4 (expected >=3)
OK [Q10] keyFacts rows: 9 (expected >=9)
OK [Q11] title keywords in body: 4/4 (expected 4/4)
OK [Q12] speculation words ban: none (expected 0)
OK [Q13] slug ASCII: k-mooc-online (expected a-z 0-9 - _)

Pass rate: 13/13 = 100%
PASS

==================================================
[k-move-school] K-Move스쿨 신청자격과 연수국가, 취업이 보장되나요?
==================================================
OK [Q1] QA cards count: 8 (expected >=7)
OK [Q2] intro 200 chars: 8/8 (expected 8/8)
OK [Q3] visual element per QA: 8/8 (expected 8/8)
OK [Q4] tables total: 2 (expected >=2)
OK [Q5] boxes total: 6 (expected >=3)
OK [Q6] highlights total: 32 (expected >=15)
OK [Q7] sourceNote ratio: 8/8 (expected >=4/8)
OK [Q8] FAQ count: 5 (expected >=5)
OK [Q9] sources URL count: 4 (expected >=3)
OK [Q10] keyFacts rows: 9 (expected >=9)
OK [Q11] title keywords in body: 4/4 (expected 4/4)
OK [Q12] speculation words ban: none (expected 0)
OK [Q13] slug ASCII: k-move-school (expected a-z 0-9 - _)

Pass rate: 13/13 = 100%
PASS

==================================================
[k-pass-modu-card] K-패스 모두의카드, 신청·전환·차이·환급 총정리
==================================================
OK [Q1] QA cards count: 7 (expected >=7)
OK [Q2] intro 200 chars: 7/7 (expected 7/7)
OK [Q3] visual element per QA: 7/7 (expected 7/7)
OK [Q4] tables total: 3 (expected >=2)
OK [Q5] boxes total: 4 (expected >=3)
OK [Q6] highlights total: 28 (expected >=15)
OK [Q7] sourceNote ratio: 4/7 (expected >=4/7)
OK [Q8] FAQ count: 5 (expected >=5)
OK [Q9] sources URL count: 3 (expected >=3)
OK [Q10] keyFacts rows: 10 (expected >=9)
OK [Q11] title keywords in body: 4/4 (expected 4/4)
OK [Q12] speculation words ban: none (expected 0)
OK [Q13] slug ASCII: k-pass-modu-card (expected a-z 0-9 - _)

Pass rate: 13/13 = 100%
PASS

==================================================
[k-pass] K-패스 모두의카드 정률제 정액제 차이와 가입방법, 반값이벤트까지
==================================================
OK [Q1] QA cards count: 7 (expected >=7)
OK [Q2] intro 200 chars: 7/7 (expected 7/7)
OK [Q3] visual element per QA: 7/7 (expected 7/7)
OK [Q4] tables total: 4 (expected >=2)
OK [Q5] boxes total: 3 (expected >=3)
OK [Q6] highlights total: 35 (expected >=15)
OK [Q7] sourceNote ratio: 7/7 (expected >=4/7)
OK [Q8] FAQ count: 5 (expected >=5)
OK [Q9] sources URL count: 3 (expected >=3)
XX [Q10] keyFacts rows: 8 (expected >=9)
XX [Q11] title keywords in body: no titleKeywords (expected titleKeywords defined)
     add titleKeywords field to policy data
OK [Q12] speculation words ban: none (expected 0)
OK [Q13] slug ASCII: k-pass (expected a-z 0-9 - _)

Pass rate: 11/13 = 85%
PASS

==================================================
[kespa-cup-2026] 2026 케스파컵 일정, 디즈니+에서 어떻게 보나
==================================================
OK [Q1] QA cards count: 7 (expected >=7)
OK [Q2] intro 200 chars: 7/7 (expected 7/7)
OK [Q3] visual element per QA: 7/7 (expected 7/7)
OK [Q4] tables total: 2 (expected >=2)
OK [Q5] boxes total: 6 (expected >=3)
OK [Q6] highlights total: 22 (expected >=15)
OK [Q7] sourceNote ratio: 7/7 (expected >=4/7)
OK [Q8] FAQ count: 5 (expected >=5)
OK [Q9] sources URL count: 4 (expected >=3)
OK [Q10] keyFacts rows: 9 (expected >=9)
OK [Q11] title keywords in body: 4/4 (expected 4/4)
OK [Q12] speculation words ban: none (expected 0)
OK [Q13] slug ASCII: kespa-cup-2026 (expected a-z 0-9 - _)

Pass rate: 13/13 = 100%
PASS

==================================================
[labor-consultant-corporation-establishment-approval] 노무법인 설립인가 신청 업무계획서와 정관으로 지방고용노동관서 수수료없이 14일 만에 받는 법
==================================================
OK [Q1] QA cards count: 7 (expected >=7)
OK [Q2] intro 200 chars: 7/7 (expected 7/7)
OK [Q3] visual element per QA: 7/7 (expected 7/7)
OK [Q4] tables total: 2 (expected >=2)
OK [Q5] boxes total: 7 (expected >=3)
OK [Q6] highlights total: 28 (expected >=15)
OK [Q7] sourceNote ratio: 6/7 (expected >=4/7)
OK [Q8] FAQ count: 5 (expected >=5)
OK [Q9] sources URL count: 3 (expected >=3)
OK [Q10] keyFacts rows: 9 (expected >=9)
OK [Q11] title keywords in body: 4/4 (expected 4/4)
OK [Q12] speculation words ban: none (expected 0)
OK [Q13] slug ASCII: labor-consultant-corporation-establishment-approval (expected a-z 0-9 - _)

Pass rate: 13/13 = 100%
PASS

==================================================
[labor-union-certificate-reissue] 노동조합 설립신고증 분실 시 서류 없이 관할기관에 2일 만에 재교부받는 법
==================================================
OK [Q1] QA cards count: 7 (expected >=7)
OK [Q2] intro 200 chars: 7/7 (expected 7/7)
OK [Q3] visual element per QA: 7/7 (expected 7/7)
OK [Q4] tables total: 2 (expected >=2)
OK [Q5] boxes total: 7 (expected >=3)
OK [Q6] highlights total: 28 (expected >=15)
OK [Q7] sourceNote ratio: 6/7 (expected >=4/7)
OK [Q8] FAQ count: 5 (expected >=5)
OK [Q9] sources URL count: 3 (expected >=3)
OK [Q10] keyFacts rows: 9 (expected >=9)
OK [Q11] title keywords in body: 4/4 (expected 4/4)
OK [Q12] speculation words ban: none (expected 0)
OK [Q13] slug ASCII: labor-union-certificate-reissue (expected a-z 0-9 - _)

Pass rate: 13/13 = 100%
PASS

==================================================
[labor-union-establishment-report] 노동조합 설립신고 규약으로 관할기관에 수수료없이 3일 만에 받는 법
==================================================
OK [Q1] QA cards count: 7 (expected >=7)
OK [Q2] intro 200 chars: 7/7 (expected 7/7)
OK [Q3] visual element per QA: 7/7 (expected 7/7)
OK [Q4] tables total: 2 (expected >=2)
OK [Q5] boxes total: 7 (expected >=3)
OK [Q6] highlights total: 28 (expected >=15)
OK [Q7] sourceNote ratio: 6/7 (expected >=4/7)
OK [Q8] FAQ count: 5 (expected >=5)
OK [Q9] sources URL count: 3 (expected >=3)
OK [Q10] keyFacts rows: 9 (expected >=9)
OK [Q11] title keywords in body: 4/4 (expected 4/4)
OK [Q12] speculation words ban: none (expected 0)
OK [Q13] slug ASCII: labor-union-establishment-report (expected a-z 0-9 - _)

Pass rate: 13/13 = 100%
PASS

==================================================
[land-register-certificate] 토지대장 임야대장 인터넷 무료 발급받고 지목·면적 확인하는 법
==================================================
OK [Q1] QA cards count: 7 (expected >=7)
OK [Q2] intro 200 chars: 7/7 (expected 7/7)
OK [Q3] visual element per QA: 7/7 (expected 7/7)
OK [Q4] tables total: 2 (expected >=2)
OK [Q5] boxes total: 6 (expected >=3)
OK [Q6] highlights total: 28 (expected >=15)
OK [Q7] sourceNote ratio: 4/7 (expected >=4/7)
OK [Q8] FAQ count: 5 (expected >=5)
OK [Q9] sources URL count: 3 (expected >=3)
OK [Q10] keyFacts rows: 9 (expected >=9)
OK [Q11] title keywords in body: 4/4 (expected 4/4)
OK [Q12] speculation words ban: none (expected 0)
OK [Q13] slug ASCII: land-register-certificate (expected a-z 0-9 - _)

Pass rate: 13/13 = 100%
PASS

==================================================
[land-transaction-permit] 토지거래허가구역 매수 전 자금조달계획서로 15일 만에 허가받는 법
==================================================
OK [Q1] QA cards count: 7 (expected >=7)
OK [Q2] intro 200 chars: 7/7 (expected 7/7)
OK [Q3] visual element per QA: 7/7 (expected 7/7)
OK [Q4] tables total: 2 (expected >=2)
OK [Q5] boxes total: 7 (expected >=3)
OK [Q6] highlights total: 28 (expected >=15)
OK [Q7] sourceNote ratio: 5/7 (expected >=4/7)
OK [Q8] FAQ count: 5 (expected >=5)
OK [Q9] sources URL count: 3 (expected >=3)
OK [Q10] keyFacts rows: 9 (expected >=9)
OK [Q11] title keywords in body: 4/4 (expected 4/4)
OK [Q12] speculation words ban: none (expected 0)
OK [Q13] slug ASCII: land-transaction-permit (expected a-z 0-9 - _)

Pass rate: 13/13 = 100%
PASS

==================================================
[land-use-conversion] 내 땅 토지이용계획 열람하고 농지·산지 전용 조건 확인하는 법
==================================================
OK [Q1] QA cards count: 7 (expected >=7)
OK [Q2] intro 200 chars: 7/7 (expected 7/7)
OK [Q3] visual element per QA: 7/7 (expected 7/7)
OK [Q4] tables total: 6 (expected >=2)
OK [Q5] boxes total: 3 (expected >=3)
OK [Q6] highlights total: 28 (expected >=15)
OK [Q7] sourceNote ratio: 7/7 (expected >=4/7)
OK [Q8] FAQ count: 5 (expected >=5)
OK [Q9] sources URL count: 3 (expected >=3)
OK [Q10] keyFacts rows: 9 (expected >=9)
OK [Q11] title keywords in body: 4/4 (expected 4/4)
OK [Q12] speculation words ban: none (expected 0)
OK [Q13] slug ASCII: land-use-conversion (expected a-z 0-9 - _)

Pass rate: 13/13 = 100%
PASS

==================================================
[large-scale-store-closure-report] 대규모점포 휴업 폐업신고 서류 없이 시군구에 3일 만에 신고하는 법
==================================================
OK [Q1] QA cards count: 7 (expected >=7)
OK [Q2] intro 200 chars: 7/7 (expected 7/7)
OK [Q3] visual element per QA: 7/7 (expected 7/7)
OK [Q4] tables total: 2 (expected >=2)
OK [Q5] boxes total: 7 (expected >=3)
OK [Q6] highlights total: 28 (expected >=15)
OK [Q7] sourceNote ratio: 4/7 (expected >=4/7)
OK [Q8] FAQ count: 5 (expected >=5)
OK [Q9] sources URL count: 3 (expected >=3)
OK [Q10] keyFacts rows: 9 (expected >=9)
OK [Q11] title keywords in body: 4/4 (expected 4/4)
OK [Q12] speculation words ban: none (expected 0)
OK [Q13] slug ASCII: large-scale-store-closure-report (expected a-z 0-9 - _)

Pass rate: 13/13 = 100%
PASS

==================================================
[large-scale-store-registration] 대규모점포 개설등록 상권영향평가서 갖춰 시군구에 30일 만에 신청하는 법
==================================================
OK [Q1] QA cards count: 7 (expected >=7)
OK [Q2] intro 200 chars: 7/7 (expected 7/7)
OK [Q3] visual element per QA: 7/7 (expected 7/7)
OK [Q4] tables total: 2 (expected >=2)
OK [Q5] boxes total: 7 (expected >=3)
OK [Q6] highlights total: 28 (expected >=15)
OK [Q7] sourceNote ratio: 5/7 (expected >=4/7)
OK [Q8] FAQ count: 5 (expected >=5)
OK [Q9] sources URL count: 3 (expected >=3)
OK [Q10] keyFacts rows: 9 (expected >=9)
OK [Q11] title keywords in body: 4/4 (expected 4/4)
OK [Q12] speculation words ban: none (expected 0)
OK [Q13] slug ASCII: large-scale-store-registration (expected a-z 0-9 - _)

Pass rate: 13/13 = 100%
PASS

==================================================
[leap-loan] 새도약론 대출한도와 새도약기금 차이, 특별채무조정까지
==================================================
OK [Q1] QA cards count: 7 (expected >=7)
OK [Q2] intro 200 chars: 7/7 (expected 7/7)
OK [Q3] visual element per QA: 7/7 (expected 7/7)
OK [Q4] tables total: 3 (expected >=2)
OK [Q5] boxes total: 5 (expected >=3)
OK [Q6] highlights total: 28 (expected >=15)
OK [Q7] sourceNote ratio: 7/7 (expected >=4/7)
OK [Q8] FAQ count: 5 (expected >=5)
OK [Q9] sources URL count: 4 (expected >=3)
OK [Q10] keyFacts rows: 9 (expected >=9)
OK [Q11] title keywords in body: 4/4 (expected 4/4)
OK [Q12] speculation words ban: none (expected 0)
OK [Q13] slug ASCII: leap-loan (expected a-z 0-9 - _)

Pass rate: 13/13 = 100%
PASS

==================================================
[leap-savings] 장기간부 도약적금 가입시기와 납입한도, 왜 군 간부에게만 주나요?
==================================================
OK [Q1] QA cards count: 7 (expected >=7)
OK [Q2] intro 200 chars: 7/7 (expected 7/7)
OK [Q3] visual element per QA: 7/7 (expected 7/7)
OK [Q4] tables total: 2 (expected >=2)
OK [Q5] boxes total: 6 (expected >=3)
OK [Q6] highlights total: 29 (expected >=15)
OK [Q7] sourceNote ratio: 7/7 (expected >=4/7)
OK [Q8] FAQ count: 5 (expected >=5)
OK [Q9] sources URL count: 4 (expected >=3)
OK [Q10] keyFacts rows: 9 (expected >=9)
OK [Q11] title keywords in body: 4/4 (expected 4/4)
OK [Q12] speculation words ban: none (expected 0)
OK [Q13] slug ASCII: leap-savings (expected a-z 0-9 - _)

Pass rate: 13/13 = 100%
PASS

==================================================
[learning-card] 국민내일배움카드 신청자격과 자기부담금, 수강 가능한 훈련과정
==================================================
OK [Q1] QA cards count: 7 (expected >=7)
OK [Q2] intro 200 chars: 7/7 (expected 7/7)
OK [Q3] visual element per QA: 7/7 (expected 7/7)
OK [Q4] tables total: 4 (expected >=2)
OK [Q5] boxes total: 9 (expected >=3)
OK [Q6] highlights total: 25 (expected >=15)
OK [Q7] sourceNote ratio: 7/7 (expected >=4/7)
OK [Q8] FAQ count: 5 (expected >=5)
OK [Q9] sources URL count: 4 (expected >=3)
OK [Q10] keyFacts rows: 9 (expected >=9)
OK [Q11] title keywords in body: 1/1 (expected 1/1)
OK [Q12] speculation words ban: none (expected 0)
OK [Q13] slug ASCII: learning-card (expected a-z 0-9 - _)

Pass rate: 13/13 = 100%
PASS

==================================================
[lease-fixed-date] 전월세 계약 후 확정일자 인터넷·방문으로 받아 보증금 지키는 법
==================================================
OK [Q1] QA cards count: 7 (expected >=7)
OK [Q2] intro 200 chars: 7/7 (expected 7/7)
OK [Q3] visual element per QA: 7/7 (expected 7/7)
OK [Q4] tables total: 2 (expected >=2)
OK [Q5] boxes total: 7 (expected >=3)
OK [Q6] highlights total: 28 (expected >=15)
OK [Q7] sourceNote ratio: 5/7 (expected >=4/7)
OK [Q8] FAQ count: 5 (expected >=5)
OK [Q9] sources URL count: 3 (expected >=3)
OK [Q10] keyFacts rows: 9 (expected >=9)
OK [Q11] title keywords in body: 4/4 (expected 4/4)
OK [Q12] speculation words ban: none (expected 0)
OK [Q13] slug ASCII: lease-fixed-date (expected a-z 0-9 - _)

Pass rate: 13/13 = 100%
PASS

==================================================
[led-lighting-support] 에너지 취약계층 고효율 조명기기 무상교체 지원
==================================================
OK [Q1] QA cards count: 7 (expected >=7)
OK [Q2] intro 200 chars: 7/7 (expected 7/7)
OK [Q3] visual element per QA: 7/7 (expected 7/7)
OK [Q4] tables total: 2 (expected >=2)
OK [Q5] boxes total: 7 (expected >=3)
OK [Q6] highlights total: 28 (expected >=15)
OK [Q7] sourceNote ratio: 7/7 (expected >=4/7)
OK [Q8] FAQ count: 5 (expected >=5)
OK [Q9] sources URL count: 3 (expected >=3)
OK [Q10] keyFacts rows: 9 (expected >=9)
OK [Q11] title keywords in body: 4/4 (expected 4/4)
OK [Q12] speculation words ban: none (expected 0)
OK [Q13] slug ASCII: led-lighting-support (expected a-z 0-9 - _)

Pass rate: 13/13 = 100%
PASS

==================================================
[legal-aid-system] 법률구조제도 소득기준과 소송대리 신청절차, 비용은 얼마나 드나요?
==================================================
OK [Q1] QA cards count: 7 (expected >=7)
OK [Q2] intro 200 chars: 7/7 (expected 7/7)
OK [Q3] visual element per QA: 7/7 (expected 7/7)
OK [Q4] tables total: 3 (expected >=2)
OK [Q5] boxes total: 4 (expected >=3)
OK [Q6] highlights total: 34 (expected >=15)
OK [Q7] sourceNote ratio: 7/7 (expected >=4/7)
OK [Q8] FAQ count: 5 (expected >=5)
OK [Q9] sources URL count: 3 (expected >=3)
OK [Q10] keyFacts rows: 9 (expected >=9)
XX [Q11] title keywords in body: no titleKeywords (expected titleKeywords defined)
     add titleKeywords field to policy data
OK [Q12] speculation words ban: none (expected 0)
OK [Q13] slug ASCII: legal-aid-system (expected a-z 0-9 - _)

Pass rate: 12/13 = 92%
PASS

==================================================
[leverage-etf-investor-protection] 레버리지 ETF 기본예탁금 3천만원 상향, 사전교육·괴리율 확인까지 총정리
==================================================
OK [Q1] QA cards count: 7 (expected >=7)
OK [Q2] intro 200 chars: 7/7 (expected 7/7)
OK [Q3] visual element per QA: 7/7 (expected 7/7)
OK [Q4] tables total: 2 (expected >=2)
OK [Q5] boxes total: 5 (expected >=3)
OK [Q6] highlights total: 22 (expected >=15)
OK [Q7] sourceNote ratio: 7/7 (expected >=4/7)
OK [Q8] FAQ count: 5 (expected >=5)
OK [Q9] sources URL count: 3 (expected >=3)
OK [Q10] keyFacts rows: 9 (expected >=9)
OK [Q11] title keywords in body: 4/4 (expected 4/4)
OK [Q12] speculation words ban: none (expected 0)
OK [Q13] slug ASCII: leverage-etf-investor-protection (expected a-z 0-9 - _)

Pass rate: 13/13 = 100%
PASS

==================================================
[lh-apply-plus] LH청약플러스 신청방법, 인증서와 서류 뭘 준비해야 하나
==================================================
OK [Q1] QA cards count: 7 (expected >=7)
OK [Q2] intro 200 chars: 7/7 (expected 7/7)
OK [Q3] visual element per QA: 7/7 (expected 7/7)
OK [Q4] tables total: 6 (expected >=2)
OK [Q5] boxes total: 4 (expected >=3)
OK [Q6] highlights total: 28 (expected >=15)
OK [Q7] sourceNote ratio: 7/7 (expected >=4/7)
OK [Q8] FAQ count: 5 (expected >=5)
OK [Q9] sources URL count: 4 (expected >=3)
OK [Q10] keyFacts rows: 12 (expected >=9)
OK [Q11] title keywords in body: 4/4 (expected 4/4)
OK [Q12] speculation words ban: none (expected 0)
OK [Q13] slug ASCII: lh-apply-plus (expected a-z 0-9 - _)

Pass rate: 13/13 = 100%
PASS

==================================================
[life-vs-nonlife-insurance] 생명보험 손해보험 제3보험, 실손보험은 어디에 속하나요
==================================================
OK [Q1] QA cards count: 7 (expected >=7)
OK [Q2] intro 200 chars: 7/7 (expected 7/7)
OK [Q3] visual element per QA: 7/7 (expected 7/7)
OK [Q4] tables total: 4 (expected >=2)
OK [Q5] boxes total: 5 (expected >=3)
OK [Q6] highlights total: 28 (expected >=15)
OK [Q7] sourceNote ratio: 7/7 (expected >=4/7)
OK [Q8] FAQ count: 5 (expected >=5)
OK [Q9] sources URL count: 3 (expected >=3)
OK [Q10] keyFacts rows: 9 (expected >=9)
OK [Q11] title keywords in body: 4/4 (expected 4/4)
OK [Q12] speculation words ban: none (expected 0)
OK [Q13] slug ASCII: life-vs-nonlife-insurance (expected a-z 0-9 - _)

Pass rate: 13/13 = 100%
PASS

==================================================
[lifelong-education-instructor-certificate] 평생교육사 자격증 발급 재발급 성적증명서로 수수료 없이 8일에서 12일 만에 받는 법
==================================================
OK [Q1] QA cards count: 7 (expected >=7)
OK [Q2] intro 200 chars: 7/7 (expected 7/7)
OK [Q3] visual element per QA: 7/7 (expected 7/7)
OK [Q4] tables total: 2 (expected >=2)
OK [Q5] boxes total: 7 (expected >=3)
OK [Q6] highlights total: 28 (expected >=15)
OK [Q7] sourceNote ratio: 4/7 (expected >=4/7)
OK [Q8] FAQ count: 5 (expected >=5)
OK [Q9] sources URL count: 3 (expected >=3)
OK [Q10] keyFacts rows: 9 (expected >=9)
OK [Q11] title keywords in body: 4/4 (expected 4/4)
OK [Q12] speculation words ban: none (expected 0)
OK [Q13] slug ASCII: lifelong-education-instructor-certificate (expected a-z 0-9 - _)

Pass rate: 13/13 = 100%
PASS

==================================================
[lifelong-education-voucher] 평생교육이용권 유형별 신청자격과 지원금액, 수강 가능한 강좌
==================================================
OK [Q1] QA cards count: 7 (expected >=7)
OK [Q2] intro 200 chars: 7/7 (expected 7/7)
OK [Q3] visual element per QA: 7/7 (expected 7/7)
OK [Q4] tables total: 3 (expected >=2)
OK [Q5] boxes total: 4 (expected >=3)
OK [Q6] highlights total: 29 (expected >=15)
XX [Q7] sourceNote ratio: 0/7 (expected >=4/7)
OK [Q8] FAQ count: 5 (expected >=5)
OK [Q9] sources URL count: 3 (expected >=3)
OK [Q10] keyFacts rows: 9 (expected >=9)
XX [Q11] title keywords in body: no titleKeywords (expected titleKeywords defined)
     add titleKeywords field to policy data
OK [Q12] speculation words ban: none (expected 0)
OK [Q13] slug ASCII: lifelong-education-voucher (expected a-z 0-9 - _)

Pass rate: 11/13 = 85%
PASS

==================================================
[lim-youngwoong-concert-2026] 임영웅 콘서트 고양 좌석 등급별 가격, 잔여석 실시간으로 어떻게 보나
==================================================
OK [Q1] QA cards count: 7 (expected >=7)
OK [Q2] intro 200 chars: 7/7 (expected 7/7)
OK [Q3] visual element per QA: 7/7 (expected 7/7)
OK [Q4] tables total: 3 (expected >=2)
OK [Q5] boxes total: 5 (expected >=3)
OK [Q6] highlights total: 28 (expected >=15)
OK [Q7] sourceNote ratio: 7/7 (expected >=4/7)
OK [Q8] FAQ count: 5 (expected >=5)
OK [Q9] sources URL count: 3 (expected >=3)
OK [Q10] keyFacts rows: 9 (expected >=9)
OK [Q11] title keywords in body: 4/4 (expected 4/4)
OK [Q12] speculation words ban: none (expected 0)
OK [Q13] slug ASCII: lim-youngwoong-concert-2026 (expected a-z 0-9 - _)

Pass rate: 13/13 = 100%
PASS

==================================================
[liquor-manufacturing-site-relocation-report] 주류 제조장·판매장 이전 신고 사업계획서로 세무서 수수료없이 소매업 7일 만에 받는 법
==================================================
OK [Q1] QA cards count: 7 (expected >=7)
OK [Q2] intro 200 chars: 7/7 (expected 7/7)
OK [Q3] visual element per QA: 7/7 (expected 7/7)
OK [Q4] tables total: 2 (expected >=2)
OK [Q5] boxes total: 7 (expected >=3)
OK [Q6] highlights total: 28 (expected >=15)
OK [Q7] sourceNote ratio: 5/7 (expected >=4/7)
OK [Q8] FAQ count: 5 (expected >=5)
OK [Q9] sources URL count: 3 (expected >=3)
OK [Q10] keyFacts rows: 9 (expected >=9)
OK [Q11] title keywords in body: 4/4 (expected 4/4)
OK [Q12] speculation words ban: none (expected 0)
OK [Q13] slug ASCII: liquor-manufacturing-site-relocation-report (expected a-z 0-9 - _)

Pass rate: 13/13 = 100%
PASS

==================================================
[liquor-sales-license-application] 주류판매업 면허신청 자본금납입증명서로 세무서에 도매5만원 소매3만원 40일 만에 받는 법
==================================================
OK [Q1] QA cards count: 7 (expected >=7)
OK [Q2] intro 200 chars: 7/7 (expected 7/7)
OK [Q3] visual element per QA: 7/7 (expected 7/7)
OK [Q4] tables total: 2 (expected >=2)
OK [Q5] boxes total: 7 (expected >=3)
OK [Q6] highlights total: 28 (expected >=15)
OK [Q7] sourceNote ratio: 5/7 (expected >=4/7)
OK [Q8] FAQ count: 5 (expected >=5)
OK [Q9] sources URL count: 3 (expected >=3)
OK [Q10] keyFacts rows: 9 (expected >=9)
OK [Q11] title keywords in body: 4/4 (expected 4/4)
OK [Q12] speculation words ban: none (expected 0)
OK [Q13] slug ASCII: liquor-sales-license-application (expected a-z 0-9 - _)

Pass rate: 13/13 = 100%
PASS

==================================================
[livelihood-account] 생계비계좌 개설 조건과 은행, 월 250만원 압류방지 신청방법
==================================================
OK [Q1] QA cards count: 7 (expected >=7)
OK [Q2] intro 200 chars: 7/7 (expected 7/7)
OK [Q3] visual element per QA: 7/7 (expected 7/7)
OK [Q4] tables total: 4 (expected >=2)
OK [Q5] boxes total: 3 (expected >=3)
OK [Q6] highlights total: 28 (expected >=15)
OK [Q7] sourceNote ratio: 7/7 (expected >=4/7)
OK [Q8] FAQ count: 5 (expected >=5)
OK [Q9] sources URL count: 3 (expected >=3)
XX [Q10] keyFacts rows: 8 (expected >=9)
OK [Q11] title keywords in body: 4/4 (expected 4/4)
OK [Q12] speculation words ban: none (expected 0)
OK [Q13] slug ASCII: livelihood-account (expected a-z 0-9 - _)

Pass rate: 12/13 = 92%
PASS

==================================================
[livestock-business-transfer-report] 축산업 영업자 지위승계 신고 가축분뇨처리계획서로 시군구 승계30일 이내 하는 법
==================================================
OK [Q1] QA cards count: 7 (expected >=7)
OK [Q2] intro 200 chars: 7/7 (expected 7/7)
OK [Q3] visual element per QA: 7/7 (expected 7/7)
OK [Q4] tables total: 2 (expected >=2)
OK [Q5] boxes total: 7 (expected >=3)
OK [Q6] highlights total: 28 (expected >=15)
OK [Q7] sourceNote ratio: 5/7 (expected >=4/7)
OK [Q8] FAQ count: 5 (expected >=5)
OK [Q9] sources URL count: 3 (expected >=3)
OK [Q10] keyFacts rows: 9 (expected >=9)
OK [Q11] title keywords in body: 4/4 (expected 4/4)
OK [Q12] speculation words ban: none (expected 0)
OK [Q13] slug ASCII: livestock-business-transfer-report (expected a-z 0-9 - _)

Pass rate: 13/13 = 100%
PASS

==================================================
[livestock-product-business-report] 정육점 축산물판매업 영업신고 시설내역서로 인터넷 9천원 3일 만에 받는 법
==================================================
OK [Q1] QA cards count: 7 (expected >=7)
OK [Q2] intro 200 chars: 7/7 (expected 7/7)
OK [Q3] visual element per QA: 7/7 (expected 7/7)
OK [Q4] tables total: 2 (expected >=2)
OK [Q5] boxes total: 7 (expected >=3)
OK [Q6] highlights total: 28 (expected >=15)
OK [Q7] sourceNote ratio: 5/7 (expected >=4/7)
OK [Q8] FAQ count: 5 (expected >=5)
OK [Q9] sources URL count: 3 (expected >=3)
OK [Q10] keyFacts rows: 9 (expected >=9)
OK [Q11] title keywords in body: 4/4 (expected 4/4)
OK [Q12] speculation words ban: none (expected 0)
OK [Q13] slug ASCII: livestock-product-business-report (expected a-z 0-9 - _)

Pass rate: 13/13 = 100%
PASS

==================================================
[living-stability-loan] 중저신용자 생활안정자금 신청자격과 금리, 다주택자도 되나요?
==================================================
OK [Q1] QA cards count: 8 (expected >=7)
OK [Q2] intro 200 chars: 8/8 (expected 8/8)
OK [Q3] visual element per QA: 8/8 (expected 8/8)
OK [Q4] tables total: 2 (expected >=2)
OK [Q5] boxes total: 8 (expected >=3)
OK [Q6] highlights total: 32 (expected >=15)
OK [Q7] sourceNote ratio: 4/8 (expected >=4/8)
OK [Q8] FAQ count: 5 (expected >=5)
OK [Q9] sources URL count: 3 (expected >=3)
OK [Q10] keyFacts rows: 9 (expected >=9)
OK [Q11] title keywords in body: 4/4 (expected 4/4)
OK [Q12] speculation words ban: none (expected 0)
OK [Q13] slug ASCII: living-stability-loan (expected a-z 0-9 - _)

Pass rate: 13/13 = 100%
PASS

==================================================
[loan-business-registration] 대부업 대부중개업 등록 교육이수증과 자본증명서로 시도에 10만원 14일 만에 신청하는 법
==================================================
OK [Q1] QA cards count: 7 (expected >=7)
OK [Q2] intro 200 chars: 7/7 (expected 7/7)
OK [Q3] visual element per QA: 7/7 (expected 7/7)
OK [Q4] tables total: 2 (expected >=2)
OK [Q5] boxes total: 7 (expected >=3)
OK [Q6] highlights total: 28 (expected >=15)
OK [Q7] sourceNote ratio: 5/7 (expected >=4/7)
OK [Q8] FAQ count: 5 (expected >=5)
OK [Q9] sources URL count: 3 (expected >=3)
OK [Q10] keyFacts rows: 9 (expected >=9)
OK [Q11] title keywords in body: 4/4 (expected 4/4)
OK [Q12] speculation words ban: none (expected 0)
OK [Q13] slug ASCII: loan-business-registration (expected a-z 0-9 - _)

Pass rate: 13/13 = 100%
PASS

==================================================
[local-gift-card] 지역사랑상품권 구매방법과 사용처, 할인율과 환불여부까지
==================================================
OK [Q1] QA cards count: 7 (expected >=7)
OK [Q2] intro 200 chars: 7/7 (expected 7/7)
OK [Q3] visual element per QA: 7/7 (expected 7/7)
OK [Q4] tables total: 2 (expected >=2)
OK [Q5] boxes total: 6 (expected >=3)
OK [Q6] highlights total: 28 (expected >=15)
OK [Q7] sourceNote ratio: 7/7 (expected >=4/7)
OK [Q8] FAQ count: 5 (expected >=5)
OK [Q9] sources URL count: 4 (expected >=3)
OK [Q10] keyFacts rows: 9 (expected >=9)
XX [Q11] title keywords in body: 3/4 (expected 4/4)
     missing in body: 행정안전부
OK [Q12] speculation words ban: none (expected 0)
OK [Q13] slug ASCII: local-gift-card (expected a-z 0-9 - _)

Pass rate: 12/13 = 92%
PASS

==================================================
[local-tax-collection-deferral] 지방세 징수유예 재해 장기치료 시 담보서로 10일 만에 신청하는 법
==================================================
OK [Q1] QA cards count: 7 (expected >=7)
OK [Q2] intro 200 chars: 7/7 (expected 7/7)
OK [Q3] visual element per QA: 7/7 (expected 7/7)
OK [Q4] tables total: 2 (expected >=2)
OK [Q5] boxes total: 7 (expected >=3)
OK [Q6] highlights total: 28 (expected >=15)
OK [Q7] sourceNote ratio: 6/7 (expected >=4/7)
OK [Q8] FAQ count: 5 (expected >=5)
OK [Q9] sources URL count: 3 (expected >=3)
OK [Q10] keyFacts rows: 9 (expected >=9)
OK [Q11] title keywords in body: 4/4 (expected 4/4)
OK [Q12] speculation words ban: none (expected 0)
OK [Q13] slug ASCII: local-tax-collection-deferral (expected a-z 0-9 - _)

Pass rate: 13/13 = 100%
PASS

==================================================
[local-tax-item-certificate] 지방세 세목별 과세증명서 인터넷 무료 발급받고 재산세·자동차세 납부실적 증명하는 법
==================================================
OK [Q1] QA cards count: 7 (expected >=7)
OK [Q2] intro 200 chars: 7/7 (expected 7/7)
OK [Q3] visual element per QA: 7/7 (expected 7/7)
OK [Q4] tables total: 2 (expected >=2)
OK [Q5] boxes total: 5 (expected >=3)
OK [Q6] highlights total: 28 (expected >=15)
OK [Q7] sourceNote ratio: 4/7 (expected >=4/7)
OK [Q8] FAQ count: 5 (expected >=5)
OK [Q9] sources URL count: 3 (expected >=3)
OK [Q10] keyFacts rows: 9 (expected >=9)
OK [Q11] title keywords in body: 4/4 (expected 4/4)
OK [Q12] speculation words ban: none (expected 0)
OK [Q13] slug ASCII: local-tax-item-certificate (expected a-z 0-9 - _)

Pass rate: 13/13 = 100%
PASS

==================================================
[local-tax-payment-certificate] 지방세 납세증명서 인터넷 무료 발급받고 대출·입찰에 제출하는 법
==================================================
OK [Q1] QA cards count: 7 (expected >=7)
OK [Q2] intro 200 chars: 7/7 (expected 7/7)
OK [Q3] visual element per QA: 7/7 (expected 7/7)
OK [Q4] tables total: 2 (expected >=2)
OK [Q5] boxes total: 6 (expected >=3)
OK [Q6] highlights total: 28 (expected >=15)
OK [Q7] sourceNote ratio: 4/7 (expected >=4/7)
OK [Q8] FAQ count: 5 (expected >=5)
OK [Q9] sources URL count: 3 (expected >=3)
OK [Q10] keyFacts rows: 9 (expected >=9)
OK [Q11] title keywords in body: 4/4 (expected 4/4)
OK [Q12] speculation words ban: none (expected 0)
OK [Q13] slug ASCII: local-tax-payment-certificate (expected a-z 0-9 - _)

Pass rate: 13/13 = 100%
PASS

==================================================
[local-tax-payment-confirmation] 취득세 등록면허세 납부확인서 신분증만 있으면 무료로 즉시 발급받는 법
==================================================
OK [Q1] QA cards count: 7 (expected >=7)
OK [Q2] intro 200 chars: 7/7 (expected 7/7)
OK [Q3] visual element per QA: 7/7 (expected 7/7)
OK [Q4] tables total: 2 (expected >=2)
OK [Q5] boxes total: 7 (expected >=3)
OK [Q6] highlights total: 28 (expected >=15)
OK [Q7] sourceNote ratio: 5/7 (expected >=4/7)
OK [Q8] FAQ count: 5 (expected >=5)
OK [Q9] sources URL count: 3 (expected >=3)
OK [Q10] keyFacts rows: 9 (expected >=9)
OK [Q11] title keywords in body: 4/4 (expected 4/4)
OK [Q12] speculation words ban: none (expected 0)
OK [Q13] slug ASCII: local-tax-payment-confirmation (expected a-z 0-9 - _)

Pass rate: 13/13 = 100%
PASS

==================================================
[local-tax-refund-claim] 지방세 잘못 냈거나 더 냈으면 위택스로 환급 청구하는 법
==================================================
OK [Q1] QA cards count: 7 (expected >=7)
OK [Q2] intro 200 chars: 7/7 (expected 7/7)
OK [Q3] visual element per QA: 7/7 (expected 7/7)
OK [Q4] tables total: 2 (expected >=2)
OK [Q5] boxes total: 6 (expected >=3)
OK [Q6] highlights total: 28 (expected >=15)
OK [Q7] sourceNote ratio: 5/7 (expected >=4/7)
OK [Q8] FAQ count: 5 (expected >=5)
OK [Q9] sources URL count: 3 (expected >=3)
OK [Q10] keyFacts rows: 9 (expected >=9)
OK [Q11] title keywords in body: 4/4 (expected 4/4)
OK [Q12] speculation words ban: none (expected 0)
OK [Q13] slug ASCII: local-tax-refund-claim (expected a-z 0-9 - _)

Pass rate: 13/13 = 100%
PASS

==================================================
[long-term-care-elderly] 노인장기요양 등급별 월한도액과 시설·재가급여 차이, 본인부담 감경까지
==================================================
OK [Q1] QA cards count: 8 (expected >=7)
OK [Q2] intro 200 chars: 8/8 (expected 8/8)
OK [Q3] visual element per QA: 8/8 (expected 8/8)
OK [Q4] tables total: 4 (expected >=2)
OK [Q5] boxes total: 4 (expected >=3)
OK [Q6] highlights total: 32 (expected >=15)
OK [Q7] sourceNote ratio: 8/8 (expected >=4/8)
OK [Q8] FAQ count: 5 (expected >=5)
OK [Q9] sources URL count: 4 (expected >=3)
OK [Q10] keyFacts rows: 9 (expected >=9)
OK [Q11] title keywords in body: 4/4 (expected 4/4)
OK [Q12] speculation words ban: none (expected 0)
OK [Q13] slug ASCII: long-term-care-elderly (expected a-z 0-9 - _)

Pass rate: 13/13 = 100%
PASS

==================================================
[long-term-care-institution-designation] 장기요양기관 지정 신청 사업계획서와 운영규정으로 수수료없이 30일 만에 받는 법
==================================================
OK [Q1] QA cards count: 7 (expected >=7)
OK [Q2] intro 200 chars: 7/7 (expected 7/7)
OK [Q3] visual element per QA: 7/7 (expected 7/7)
OK [Q4] tables total: 2 (expected >=2)
OK [Q5] boxes total: 7 (expected >=3)
OK [Q6] highlights total: 29 (expected >=15)
OK [Q7] sourceNote ratio: 5/7 (expected >=4/7)
OK [Q8] FAQ count: 5 (expected >=5)
OK [Q9] sources URL count: 3 (expected >=3)
OK [Q10] keyFacts rows: 9 (expected >=9)
OK [Q11] title keywords in body: 4/4 (expected 4/4)
OK [Q12] speculation words ban: none (expected 0)
OK [Q13] slug ASCII: long-term-care-institution-designation (expected a-z 0-9 - _)

Pass rate: 13/13 = 100%
PASS

==================================================
[loss-sharing-mortgage] 손익공유형모기지 최초 5년 1.3% 신청하고 손익 나눠 갚는 법
==================================================
OK [Q1] QA cards count: 7 (expected >=7)
OK [Q2] intro 200 chars: 7/7 (expected 7/7)
OK [Q3] visual element per QA: 7/7 (expected 7/7)
OK [Q4] tables total: 2 (expected >=2)
OK [Q5] boxes total: 6 (expected >=3)
OK [Q6] highlights total: 28 (expected >=15)
OK [Q7] sourceNote ratio: 5/7 (expected >=4/7)
OK [Q8] FAQ count: 5 (expected >=5)
OK [Q9] sources URL count: 3 (expected >=3)
OK [Q10] keyFacts rows: 9 (expected >=9)
OK [Q11] title keywords in body: 4/4 (expected 4/4)
OK [Q12] speculation words ban: none (expected 0)
OK [Q13] slug ASCII: loss-sharing-mortgage (expected a-z 0-9 - _)

Pass rate: 13/13 = 100%
PASS

==================================================
[low-income-energy-efficiency] 저소득층 에너지 효율 개선사업
==================================================
OK [Q1] QA cards count: 7 (expected >=7)
OK [Q2] intro 200 chars: 7/7 (expected 7/7)
OK [Q3] visual element per QA: 7/7 (expected 7/7)
OK [Q4] tables total: 2 (expected >=2)
OK [Q5] boxes total: 6 (expected >=3)
OK [Q6] highlights total: 29 (expected >=15)
OK [Q7] sourceNote ratio: 7/7 (expected >=4/7)
OK [Q8] FAQ count: 5 (expected >=5)
OK [Q9] sources URL count: 3 (expected >=3)
OK [Q10] keyFacts rows: 10 (expected >=9)
XX [Q11] title keywords in body: no titleKeywords (expected titleKeywords defined)
     add titleKeywords field to policy data
OK [Q12] speculation words ban: none (expected 0)
OK [Q13] slug ASCII: low-income-energy-efficiency (expected a-z 0-9 - _)

Pass rate: 12/13 = 92%
PASS

==================================================
[low-income-pension] 저소득 지역가입자 국민연금 보험료 지원, 12개월 지나면 어떻게 되나요?
==================================================
OK [Q1] QA cards count: 8 (expected >=7)
OK [Q2] intro 200 chars: 8/8 (expected 8/8)
OK [Q3] visual element per QA: 8/8 (expected 8/8)
OK [Q4] tables total: 2 (expected >=2)
OK [Q5] boxes total: 6 (expected >=3)
OK [Q6] highlights total: 32 (expected >=15)
OK [Q7] sourceNote ratio: 8/8 (expected >=4/8)
OK [Q8] FAQ count: 5 (expected >=5)
OK [Q9] sources URL count: 4 (expected >=3)
OK [Q10] keyFacts rows: 9 (expected >=9)
OK [Q11] title keywords in body: 4/4 (expected 4/4)
OK [Q12] speculation words ban: none (expected 0)
OK [Q13] slug ASCII: low-income-pension (expected a-z 0-9 - _)

Pass rate: 13/13 = 100%
PASS

==================================================
[low-income-single-parent] 한부모가족 아동양육비 청소년한부모와 차이, 주거지원도 되나요?
==================================================
OK [Q1] QA cards count: 8 (expected >=7)
OK [Q2] intro 200 chars: 8/8 (expected 8/8)
OK [Q3] visual element per QA: 8/8 (expected 8/8)
OK [Q4] tables total: 3 (expected >=2)
OK [Q5] boxes total: 5 (expected >=3)
OK [Q6] highlights total: 32 (expected >=15)
OK [Q7] sourceNote ratio: 8/8 (expected >=4/8)
OK [Q8] FAQ count: 5 (expected >=5)
OK [Q9] sources URL count: 4 (expected >=3)
OK [Q10] keyFacts rows: 9 (expected >=9)
OK [Q11] title keywords in body: 4/4 (expected 4/4)
OK [Q12] speculation words ban: none (expected 0)
OK [Q13] slug ASCII: low-income-single-parent (expected a-z 0-9 - _)

Pass rate: 13/13 = 100%
PASS

==================================================
[lpg-business-change-permit] LPG 충전사업 변경허가 기술검토서 갖춰 시군구에 1만5천원 4일 만에 신청하는 법
==================================================
OK [Q1] QA cards count: 7 (expected >=7)
OK [Q2] intro 200 chars: 7/7 (expected 7/7)
OK [Q3] visual element per QA: 7/7 (expected 7/7)
OK [Q4] tables total: 2 (expected >=2)
OK [Q5] boxes total: 7 (expected >=3)
OK [Q6] highlights total: 28 (expected >=15)
OK [Q7] sourceNote ratio: 6/7 (expected >=4/7)
OK [Q8] FAQ count: 5 (expected >=5)
OK [Q9] sources URL count: 3 (expected >=3)
OK [Q10] keyFacts rows: 9 (expected >=9)
OK [Q11] title keywords in body: 4/4 (expected 4/4)
OK [Q12] speculation words ban: none (expected 0)
OK [Q13] slug ASCII: lpg-business-change-permit (expected a-z 0-9 - _)

Pass rate: 13/13 = 100%
PASS

==================================================
[lpg-business-permit] LPG 충전판매사업 허가신청 사업계획서와 기술검토서로 시군구 3만원 5일 만에 받는 법
==================================================
OK [Q1] QA cards count: 7 (expected >=7)
OK [Q2] intro 200 chars: 7/7 (expected 7/7)
OK [Q3] visual element per QA: 7/7 (expected 7/7)
OK [Q4] tables total: 2 (expected >=2)
OK [Q5] boxes total: 7 (expected >=3)
OK [Q6] highlights total: 28 (expected >=15)
OK [Q7] sourceNote ratio: 6/7 (expected >=4/7)
OK [Q8] FAQ count: 5 (expected >=5)
OK [Q9] sources URL count: 3 (expected >=3)
OK [Q10] keyFacts rows: 9 (expected >=9)
OK [Q11] title keywords in body: 4/4 (expected 4/4)
OK [Q12] speculation words ban: none (expected 0)
OK [Q13] slug ASCII: lpg-business-permit (expected a-z 0-9 - _)

Pass rate: 13/13 = 100%
PASS

==================================================
[lpg-safety-manager-appointment-report] LPG 안전관리자 선임 해임 퇴직신고 자격증명서로 시군구 수수료없이 즉시 3시간 만에 하는 법
==================================================
OK [Q1] QA cards count: 7 (expected >=7)
OK [Q2] intro 200 chars: 7/7 (expected 7/7)
OK [Q3] visual element per QA: 7/7 (expected 7/7)
OK [Q4] tables total: 2 (expected >=2)
OK [Q5] boxes total: 7 (expected >=3)
OK [Q6] highlights total: 28 (expected >=15)
OK [Q7] sourceNote ratio: 5/7 (expected >=4/7)
OK [Q8] FAQ count: 5 (expected >=5)
OK [Q9] sources URL count: 3 (expected >=3)
OK [Q10] keyFacts rows: 9 (expected >=9)
OK [Q11] title keywords in body: 4/4 (expected 4/4)
OK [Q12] speculation words ban: none (expected 0)
OK [Q13] slug ASCII: lpg-safety-manager-appointment-report (expected a-z 0-9 - _)

Pass rate: 13/13 = 100%
PASS

==================================================
[ltci-grade-criteria-guide] 장기요양등급 1~5등급, 인지지원등급까지 점수 기준 총정리
==================================================
OK [Q1] QA cards count: 7 (expected >=7)
OK [Q2] intro 200 chars: 7/7 (expected 7/7)
OK [Q3] visual element per QA: 7/7 (expected 7/7)
OK [Q4] tables total: 2 (expected >=2)
OK [Q5] boxes total: 5 (expected >=3)
OK [Q6] highlights total: 28 (expected >=15)
OK [Q7] sourceNote ratio: 7/7 (expected >=4/7)
OK [Q8] FAQ count: 5 (expected >=5)
OK [Q9] sources URL count: 3 (expected >=3)
OK [Q10] keyFacts rows: 9 (expected >=9)
OK [Q11] title keywords in body: 4/4 (expected 4/4)
OK [Q12] speculation words ban: none (expected 0)
OK [Q13] slug ASCII: ltci-grade-criteria-guide (expected a-z 0-9 - _)

Pass rate: 13/13 = 100%
PASS

==================================================
[ltci-medical-aid-facility-application] 의료급여수급권자 장기요양기관 입소 인정서 사본으로 7일 신청하는 법
==================================================
OK [Q1] QA cards count: 7 (expected >=7)
OK [Q2] intro 200 chars: 7/7 (expected 7/7)
OK [Q3] visual element per QA: 7/7 (expected 7/7)
OK [Q4] tables total: 2 (expected >=2)
OK [Q5] boxes total: 7 (expected >=3)
OK [Q6] highlights total: 28 (expected >=15)
OK [Q7] sourceNote ratio: 6/7 (expected >=4/7)
OK [Q8] FAQ count: 5 (expected >=5)
OK [Q9] sources URL count: 3 (expected >=3)
OK [Q10] keyFacts rows: 9 (expected >=9)
OK [Q11] title keywords in body: 4/4 (expected 4/4)
OK [Q12] speculation words ban: none (expected 0)
OK [Q13] slug ASCII: ltci-medical-aid-facility-application (expected a-z 0-9 - _)

Pass rate: 13/13 = 100%
PASS

==================================================
[mainbiz-certificate-reissue] 메인비즈 확인서 발급 확인서 원본이나 서류 없이 7일 만에 받는 법
==================================================
OK [Q1] QA cards count: 7 (expected >=7)
OK [Q2] intro 200 chars: 7/7 (expected 7/7)
OK [Q3] visual element per QA: 7/7 (expected 7/7)
OK [Q4] tables total: 2 (expected >=2)
OK [Q5] boxes total: 7 (expected >=3)
OK [Q6] highlights total: 28 (expected >=15)
OK [Q7] sourceNote ratio: 6/7 (expected >=4/7)
OK [Q8] FAQ count: 5 (expected >=5)
OK [Q9] sources URL count: 3 (expected >=3)
OK [Q10] keyFacts rows: 9 (expected >=9)
OK [Q11] title keywords in body: 4/4 (expected 4/4)
OK [Q12] speculation words ban: none (expected 0)
OK [Q13] slug ASCII: mainbiz-certificate-reissue (expected a-z 0-9 - _)

Pass rate: 13/13 = 100%
PASS

[manifest] verify error: Export not found (manifestPolicy, manifestPolicy, manifestPolicy, default): C:\Users\user\gov-jjyu\data\policies\manifest.ts


==================================================
[maritime-criminal-complaint] 해상 사건사고 고소 고발 진정 탄원 서류 없이 해양경찰서에 접수하는 법
==================================================
OK [Q1] QA cards count: 7 (expected >=7)
OK [Q2] intro 200 chars: 7/7 (expected 7/7)
OK [Q3] visual element per QA: 7/7 (expected 7/7)
OK [Q4] tables total: 2 (expected >=2)
OK [Q5] boxes total: 7 (expected >=3)
OK [Q6] highlights total: 28 (expected >=15)
OK [Q7] sourceNote ratio: 6/7 (expected >=4/7)
OK [Q8] FAQ count: 5 (expected >=5)
OK [Q9] sources URL count: 3 (expected >=3)
OK [Q10] keyFacts rows: 9 (expected >=9)
OK [Q11] title keywords in body: 4/4 (expected 4/4)
OK [Q12] speculation words ban: none (expected 0)
OK [Q13] slug ASCII: maritime-criminal-complaint (expected a-z 0-9 - _)

Pass rate: 13/13 = 100%
PASS

==================================================
[marriage-brokerage-business-registration] 국내 국제결혼중개업 신고등록 자본금 1억과 보증보험으로 시군구에 30일 만에 신청하는 법
==================================================
OK [Q1] QA cards count: 7 (expected >=7)
OK [Q2] intro 200 chars: 7/7 (expected 7/7)
OK [Q3] visual element per QA: 7/7 (expected 7/7)
OK [Q4] tables total: 2 (expected >=2)
OK [Q5] boxes total: 7 (expected >=3)
OK [Q6] highlights total: 28 (expected >=15)
OK [Q7] sourceNote ratio: 5/7 (expected >=4/7)
OK [Q8] FAQ count: 5 (expected >=5)
OK [Q9] sources URL count: 3 (expected >=3)
OK [Q10] keyFacts rows: 9 (expected >=9)
OK [Q11] title keywords in body: 4/4 (expected 4/4)
OK [Q12] speculation words ban: none (expected 0)
OK [Q13] slug ASCII: marriage-brokerage-business-registration (expected a-z 0-9 - _)

Pass rate: 13/13 = 100%
PASS

==================================================
[marriage-brokerage-certificate-reissue] 결혼중개업 신고필증 등록증 재발급 훼손증 지참으로 시군구 수수료없이 7일 만에 받는 법
==================================================
OK [Q1] QA cards count: 7 (expected >=7)
OK [Q2] intro 200 chars: 7/7 (expected 7/7)
OK [Q3] visual element per QA: 7/7 (expected 7/7)
OK [Q4] tables total: 2 (expected >=2)
OK [Q5] boxes total: 7 (expected >=3)
OK [Q6] highlights total: 28 (expected >=15)
OK [Q7] sourceNote ratio: 6/7 (expected >=4/7)
OK [Q8] FAQ count: 5 (expected >=5)
OK [Q9] sources URL count: 3 (expected >=3)
OK [Q10] keyFacts rows: 9 (expected >=9)
OK [Q11] title keywords in body: 4/4 (expected 4/4)
OK [Q12] speculation words ban: none (expected 0)
OK [Q13] slug ASCII: marriage-brokerage-certificate-reissue (expected a-z 0-9 - _)

Pass rate: 13/13 = 100%
PASS

==================================================
[marriage-report] 혼인신고 방문·우편으로 접수하고 증인 서명까지 준비하는 법
==================================================
OK [Q1] QA cards count: 7 (expected >=7)
OK [Q2] intro 200 chars: 7/7 (expected 7/7)
OK [Q3] visual element per QA: 7/7 (expected 7/7)
OK [Q4] tables total: 2 (expected >=2)
OK [Q5] boxes total: 5 (expected >=3)
OK [Q6] highlights total: 28 (expected >=15)
OK [Q7] sourceNote ratio: 7/7 (expected >=4/7)
OK [Q8] FAQ count: 5 (expected >=5)
OK [Q9] sources URL count: 3 (expected >=3)
OK [Q10] keyFacts rows: 9 (expected >=9)
OK [Q11] title keywords in body: 4/4 (expected 4/4)
OK [Q12] speculation words ban: none (expected 0)
OK [Q13] slug ASCII: marriage-report (expected a-z 0-9 - _)

Pass rate: 13/13 = 100%
PASS

==================================================
[maternal-newborn-care] 산모신생아 건강관리 신청기한과 본인부담, 다른 출산지원 중복여부
==================================================
OK [Q1] QA cards count: 9 (expected >=7)
OK [Q2] intro 200 chars: 9/9 (expected 9/9)
OK [Q3] visual element per QA: 9/9 (expected 9/9)
OK [Q4] tables total: 2 (expected >=2)
OK [Q5] boxes total: 7 (expected >=3)
OK [Q6] highlights total: 36 (expected >=15)
OK [Q7] sourceNote ratio: 9/9 (expected >=5/9)
OK [Q8] FAQ count: 5 (expected >=5)
OK [Q9] sources URL count: 4 (expected >=3)
OK [Q10] keyFacts rows: 9 (expected >=9)
OK [Q11] title keywords in body: 4/4 (expected 4/4)
OK [Q12] speculation words ban: none (expected 0)
OK [Q13] slug ASCII: maternal-newborn-care (expected a-z 0-9 - _)

Pass rate: 13/13 = 100%
PASS

==================================================
[maternity-leave-pay] 출산전후휴가급여 중소기업·대기업 차이와 90일 분할, 육아휴직 연계
==================================================
OK [Q1] QA cards count: 8 (expected >=7)
OK [Q2] intro 200 chars: 8/8 (expected 8/8)
OK [Q3] visual element per QA: 8/8 (expected 8/8)
OK [Q4] tables total: 5 (expected >=2)
OK [Q5] boxes total: 3 (expected >=3)
OK [Q6] highlights total: 32 (expected >=15)
OK [Q7] sourceNote ratio: 8/8 (expected >=4/8)
OK [Q8] FAQ count: 5 (expected >=5)
OK [Q9] sources URL count: 4 (expected >=3)
OK [Q10] keyFacts rows: 9 (expected >=9)
OK [Q11] title keywords in body: 4/4 (expected 4/4)
OK [Q12] speculation words ban: none (expected 0)
OK [Q13] slug ASCII: maternity-leave-pay (expected a-z 0-9 - _)

Pass rate: 13/13 = 100%
PASS

==================================================
[medical-aid-elderly-denture] 노인 틀니·임플란트 지원 본인부담률과 적용주기, 1종 2종 차이까지
==================================================
OK [Q1] QA cards count: 8 (expected >=7)
OK [Q2] intro 200 chars: 8/8 (expected 8/8)
OK [Q3] visual element per QA: 8/8 (expected 8/8)
OK [Q4] tables total: 3 (expected >=2)
OK [Q5] boxes total: 5 (expected >=3)
OK [Q6] highlights total: 32 (expected >=15)
OK [Q7] sourceNote ratio: 8/8 (expected >=4/8)
OK [Q8] FAQ count: 5 (expected >=5)
OK [Q9] sources URL count: 4 (expected >=3)
OK [Q10] keyFacts rows: 9 (expected >=9)
OK [Q11] title keywords in body: 4/4 (expected 4/4)
OK [Q12] speculation words ban: none (expected 0)
OK [Q13] slug ASCII: medical-aid-elderly-denture (expected a-z 0-9 - _)

Pass rate: 13/13 = 100%
PASS

==================================================
[medical-aid-type1-type2-difference] 의료급여 1종 2종 차이, 본인부담금부터 건강생활유지비 혜택까지
==================================================
OK [Q1] QA cards count: 8 (expected >=7)
OK [Q2] intro 200 chars: 8/8 (expected 8/8)
OK [Q3] visual element per QA: 8/8 (expected 8/8)
OK [Q4] tables total: 2 (expected >=2)
OK [Q5] boxes total: 6 (expected >=3)
OK [Q6] highlights total: 31 (expected >=15)
OK [Q7] sourceNote ratio: 8/8 (expected >=4/8)
OK [Q8] FAQ count: 5 (expected >=5)
OK [Q9] sources URL count: 3 (expected >=3)
OK [Q10] keyFacts rows: 11 (expected >=9)
OK [Q11] title keywords in body: 4/4 (expected 4/4)
OK [Q12] speculation words ban: none (expected 0)
OK [Q13] slug ASCII: medical-aid-type1-type2-difference (expected a-z 0-9 - _)

Pass rate: 13/13 = 100%
PASS

==================================================
[medical-benefit] 의료급여 1종 2종 차이와 본인부담금, 건강생활유지비까지
==================================================
OK [Q1] QA cards count: 8 (expected >=7)
OK [Q2] intro 200 chars: 8/8 (expected 8/8)
OK [Q3] visual element per QA: 8/8 (expected 8/8)
OK [Q4] tables total: 2 (expected >=2)
OK [Q5] boxes total: 6 (expected >=3)
OK [Q6] highlights total: 32 (expected >=15)
OK [Q7] sourceNote ratio: 7/8 (expected >=4/8)
OK [Q8] FAQ count: 5 (expected >=5)
OK [Q9] sources URL count: 4 (expected >=3)
OK [Q10] keyFacts rows: 9 (expected >=9)
XX [Q11] title keywords in body: 3/4 (expected 4/4)
     missing in body: 1종 2종
OK [Q12] speculation words ban: none (expected 0)
OK [Q13] slug ASCII: medical-benefit (expected a-z 0-9 - _)

Pass rate: 12/13 = 92%
PASS

==================================================
[medical-device-manufacturing-permit] 의료기기 제조수입업 허가 품질책임자서류로 지방식약청 14만원 25일 만에 받는 법
==================================================
OK [Q1] QA cards count: 7 (expected >=7)
OK [Q2] intro 200 chars: 7/7 (expected 7/7)
OK [Q3] visual element per QA: 7/7 (expected 7/7)
OK [Q4] tables total: 2 (expected >=2)
OK [Q5] boxes total: 7 (expected >=3)
OK [Q6] highlights total: 28 (expected >=15)
OK [Q7] sourceNote ratio: 6/7 (expected >=4/7)
OK [Q8] FAQ count: 5 (expected >=5)
OK [Q9] sources URL count: 3 (expected >=3)
OK [Q10] keyFacts rows: 9 (expected >=9)
OK [Q11] title keywords in body: 4/4 (expected 4/4)
OK [Q12] speculation words ban: none (expected 0)
OK [Q13] slug ASCII: medical-device-manufacturing-permit (expected a-z 0-9 - _)

Pass rate: 13/13 = 100%
PASS

==================================================
[medical-device-sales-report] 의료기기 판매업 신고 서류 없이 인터넷 9천원 방문 1만원 3일 만에 받는 법
==================================================
OK [Q1] QA cards count: 7 (expected >=7)
OK [Q2] intro 200 chars: 7/7 (expected 7/7)
OK [Q3] visual element per QA: 7/7 (expected 7/7)
OK [Q4] tables total: 2 (expected >=2)
OK [Q5] boxes total: 7 (expected >=3)
OK [Q6] highlights total: 28 (expected >=15)
OK [Q7] sourceNote ratio: 5/7 (expected >=4/7)
OK [Q8] FAQ count: 5 (expected >=5)
OK [Q9] sources URL count: 3 (expected >=3)
OK [Q10] keyFacts rows: 9 (expected >=9)
OK [Q11] title keywords in body: 4/4 (expected 4/4)
OK [Q12] speculation words ban: none (expected 0)
OK [Q13] slug ASCII: medical-device-sales-report (expected a-z 0-9 - _)

Pass rate: 13/13 = 100%
PASS

==================================================
[medical-license-certificate] 의료인면허등록증명 발급신청 구비서류없이 보건복지부 500원 즉시 3시간 만에 받는 법
==================================================
OK [Q1] QA cards count: 7 (expected >=7)
OK [Q2] intro 200 chars: 7/7 (expected 7/7)
OK [Q3] visual element per QA: 7/7 (expected 7/7)
OK [Q4] tables total: 2 (expected >=2)
OK [Q5] boxes total: 7 (expected >=3)
OK [Q6] highlights total: 29 (expected >=15)
OK [Q7] sourceNote ratio: 6/7 (expected >=4/7)
OK [Q8] FAQ count: 5 (expected >=5)
OK [Q9] sources URL count: 3 (expected >=3)
OK [Q10] keyFacts rows: 9 (expected >=9)
OK [Q11] title keywords in body: 4/4 (expected 4/4)
OK [Q12] speculation words ban: none (expected 0)
OK [Q13] slug ASCII: medical-license-certificate (expected a-z 0-9 - _)

Pass rate: 13/13 = 100%
PASS

==================================================
[middle-aged-career-support] 중장년 경력지원제 신청자격과 참여기업 조건, 참여수당 월 150만원
==================================================
OK [Q1] QA cards count: 7 (expected >=7)
OK [Q2] intro 200 chars: 7/7 (expected 7/7)
OK [Q3] visual element per QA: 7/7 (expected 7/7)
OK [Q4] tables total: 3 (expected >=2)
OK [Q5] boxes total: 4 (expected >=3)
OK [Q6] highlights total: 28 (expected >=15)
OK [Q7] sourceNote ratio: 7/7 (expected >=4/7)
OK [Q8] FAQ count: 5 (expected >=5)
OK [Q9] sources URL count: 3 (expected >=3)
XX [Q10] keyFacts rows: 7 (expected >=9)
XX [Q11] title keywords in body: no titleKeywords (expected titleKeywords defined)
     add titleKeywords field to policy data
OK [Q12] speculation words ban: none (expected 0)
OK [Q13] slug ASCII: middle-aged-career-support (expected a-z 0-9 - _)

Pass rate: 11/13 = 85%
PASS

==================================================
[middle-aged-tomorrow-center] 중장년내일센터 생애경력설계 무료, 내일이음패키지는 뭐가 다른가요?
==================================================
OK [Q1] QA cards count: 7 (expected >=7)
OK [Q2] intro 200 chars: 7/7 (expected 7/7)
OK [Q3] visual element per QA: 7/7 (expected 7/7)
OK [Q4] tables total: 3 (expected >=2)
OK [Q5] boxes total: 4 (expected >=3)
OK [Q6] highlights total: 28 (expected >=15)
OK [Q7] sourceNote ratio: 7/7 (expected >=4/7)
OK [Q8] FAQ count: 5 (expected >=5)
OK [Q9] sources URL count: 3 (expected >=3)
XX [Q10] keyFacts rows: 8 (expected >=9)
XX [Q11] title keywords in body: no titleKeywords (expected titleKeywords defined)
     add titleKeywords field to policy data
OK [Q12] speculation words ban: none (expected 0)
OK [Q13] slug ASCII: middle-aged-tomorrow-center (expected a-z 0-9 - _)

Pass rate: 11/13 = 85%
PASS

==================================================
[middle-school-transfer-assignment] 중학교 전학 편입학 배정원서와 재학증명서로 교육지원청에 즉시 신청하는 법
==================================================
OK [Q1] QA cards count: 7 (expected >=7)
OK [Q2] intro 200 chars: 7/7 (expected 7/7)
OK [Q3] visual element per QA: 7/7 (expected 7/7)
OK [Q4] tables total: 2 (expected >=2)
OK [Q5] boxes total: 7 (expected >=3)
OK [Q6] highlights total: 28 (expected >=15)
OK [Q7] sourceNote ratio: 6/7 (expected >=4/7)
OK [Q8] FAQ count: 5 (expected >=5)
OK [Q9] sources URL count: 3 (expected >=3)
OK [Q10] keyFacts rows: 9 (expected >=9)
OK [Q11] title keywords in body: 4/4 (expected 4/4)
OK [Q12] speculation words ban: none (expected 0)
OK [Q13] slug ASCII: middle-school-transfer-assignment (expected a-z 0-9 - _)

Pass rate: 13/13 = 100%
PASS

==================================================
[military-checkup-date-selection] 병역판정검사 입영일자 본인이 원하는 날짜로 인터넷 신청하는 법
==================================================
OK [Q1] QA cards count: 7 (expected >=7)
OK [Q2] intro 200 chars: 7/7 (expected 7/7)
OK [Q3] visual element per QA: 7/7 (expected 7/7)
OK [Q4] tables total: 2 (expected >=2)
OK [Q5] boxes total: 7 (expected >=3)
OK [Q6] highlights total: 28 (expected >=15)
OK [Q7] sourceNote ratio: 5/7 (expected >=4/7)
OK [Q8] FAQ count: 5 (expected >=5)
OK [Q9] sources URL count: 3 (expected >=3)
OK [Q10] keyFacts rows: 9 (expected >=9)
OK [Q11] title keywords in body: 4/4 (expected 4/4)
OK [Q12] speculation words ban: none (expected 0)
OK [Q13] slug ASCII: military-checkup-date-selection (expected a-z 0-9 - _)

Pass rate: 13/13 = 100%
PASS

==================================================
[military-overseas-travel-permit] 병역의무자 국외여행허가 25세 이상 유학 취업 총2일 신청하는 법
==================================================
OK [Q1] QA cards count: 7 (expected >=7)
OK [Q2] intro 200 chars: 7/7 (expected 7/7)
OK [Q3] visual element per QA: 7/7 (expected 7/7)
OK [Q4] tables total: 2 (expected >=2)
OK [Q5] boxes total: 7 (expected >=3)
OK [Q6] highlights total: 28 (expected >=15)
OK [Q7] sourceNote ratio: 7/7 (expected >=4/7)
OK [Q8] FAQ count: 5 (expected >=5)
OK [Q9] sources URL count: 3 (expected >=3)
OK [Q10] keyFacts rows: 9 (expected >=9)
OK [Q11] title keywords in body: 4/4 (expected 4/4)
OK [Q12] speculation words ban: none (expected 0)
OK [Q13] slug ASCII: military-overseas-travel-permit (expected a-z 0-9 - _)

Pass rate: 13/13 = 100%
PASS

==================================================
[military-service-certificate] 병적증명서 무료 인터넷 발급받고 복무필자는 주민등록초본으로 대체하는 법
==================================================
OK [Q1] QA cards count: 7 (expected >=7)
OK [Q2] intro 200 chars: 7/7 (expected 7/7)
OK [Q3] visual element per QA: 7/7 (expected 7/7)
OK [Q4] tables total: 2 (expected >=2)
OK [Q5] boxes total: 6 (expected >=3)
OK [Q6] highlights total: 28 (expected >=15)
OK [Q7] sourceNote ratio: 6/7 (expected >=4/7)
OK [Q8] FAQ count: 5 (expected >=5)
OK [Q9] sources URL count: 3 (expected >=3)
OK [Q10] keyFacts rows: 9 (expected >=9)
OK [Q11] title keywords in body: 4/4 (expected 4/4)
OK [Q12] speculation words ban: none (expected 0)
OK [Q13] slug ASCII: military-service-certificate (expected a-z 0-9 - _)

Pass rate: 13/13 = 100%
PASS

==================================================
[military-service-postponement] 병역판정검사 입영일자 연기 진단서로 신청 유형별 처리기간 다른 법
==================================================
OK [Q1] QA cards count: 7 (expected >=7)
OK [Q2] intro 200 chars: 7/7 (expected 7/7)
OK [Q3] visual element per QA: 7/7 (expected 7/7)
OK [Q4] tables total: 2 (expected >=2)
OK [Q5] boxes total: 7 (expected >=3)
OK [Q6] highlights total: 28 (expected >=15)
OK [Q7] sourceNote ratio: 7/7 (expected >=4/7)
OK [Q8] FAQ count: 5 (expected >=5)
OK [Q9] sources URL count: 3 (expected >=3)
OK [Q10] keyFacts rows: 9 (expected >=9)
OK [Q11] title keywords in body: 4/4 (expected 4/4)
OK [Q12] speculation words ban: none (expected 0)
OK [Q13] slug ASCII: military-service-postponement (expected a-z 0-9 - _)

Pass rate: 13/13 = 100%
PASS

==================================================
[minimum-wage-2027] 2027년 최저임금 10,700원 확정 절차, 월급으로는 얼마인가요?
==================================================
OK [Q1] QA cards count: 7 (expected >=7)
OK [Q2] intro 200 chars: 7/7 (expected 7/7)
OK [Q3] visual element per QA: 7/7 (expected 7/7)
OK [Q4] tables total: 3 (expected >=2)
OK [Q5] boxes total: 4 (expected >=3)
OK [Q6] highlights total: 28 (expected >=15)
OK [Q7] sourceNote ratio: 7/7 (expected >=4/7)
OK [Q8] FAQ count: 5 (expected >=5)
OK [Q9] sources URL count: 3 (expected >=3)
OK [Q10] keyFacts rows: 9 (expected >=9)
OK [Q11] title keywords in body: 4/4 (expected 4/4)
OK [Q12] speculation words ban: none (expected 0)
OK [Q13] slug ASCII: minimum-wage-2027 (expected a-z 0-9 - _)

Pass rate: 13/13 = 100%
PASS

==================================================
[minor-guardian-change-report] 미성년후견인 경질신고 취임 1개월 이내 재판등본으로 시읍면에 하는 법
==================================================
OK [Q1] QA cards count: 7 (expected >=7)
OK [Q2] intro 200 chars: 7/7 (expected 7/7)
OK [Q3] visual element per QA: 7/7 (expected 7/7)
OK [Q4] tables total: 2 (expected >=2)
OK [Q5] boxes total: 7 (expected >=3)
OK [Q6] highlights total: 28 (expected >=15)
OK [Q7] sourceNote ratio: 5/7 (expected >=4/7)
OK [Q8] FAQ count: 5 (expected >=5)
OK [Q9] sources URL count: 3 (expected >=3)
OK [Q10] keyFacts rows: 10 (expected >=9)
OK [Q11] title keywords in body: 4/4 (expected 4/4)
OK [Q12] speculation words ban: none (expected 0)
OK [Q13] slug ASCII: minor-guardian-change-report (expected a-z 0-9 - _)

Pass rate: 13/13 = 100%
PASS

==================================================
[missing-child-fingerprint-registration] 지문 사전등록 아동 무료로 즉시 등록해 실종 대비하는 법
==================================================
OK [Q1] QA cards count: 7 (expected >=7)
OK [Q2] intro 200 chars: 7/7 (expected 7/7)
OK [Q3] visual element per QA: 7/7 (expected 7/7)
OK [Q4] tables total: 2 (expected >=2)
OK [Q5] boxes total: 7 (expected >=3)
OK [Q6] highlights total: 28 (expected >=15)
OK [Q7] sourceNote ratio: 5/7 (expected >=4/7)
OK [Q8] FAQ count: 5 (expected >=5)
OK [Q9] sources URL count: 3 (expected >=3)
OK [Q10] keyFacts rows: 9 (expected >=9)
OK [Q11] title keywords in body: 4/4 (expected 4/4)
OK [Q12] speculation words ban: none (expected 0)
OK [Q13] slug ASCII: missing-child-fingerprint-registration (expected a-z 0-9 - _)

Pass rate: 13/13 = 100%
PASS

==================================================
[missing-person-declaration] 실종선고 청구 5년 기다려야 하나, 신고까지 절차 정리
==================================================
OK [Q1] QA cards count: 7 (expected >=7)
OK [Q2] intro 200 chars: 7/7 (expected 7/7)
OK [Q3] visual element per QA: 7/7 (expected 7/7)
OK [Q4] tables total: 6 (expected >=2)
OK [Q5] boxes total: 3 (expected >=3)
OK [Q6] highlights total: 28 (expected >=15)
OK [Q7] sourceNote ratio: 7/7 (expected >=4/7)
OK [Q8] FAQ count: 5 (expected >=5)
OK [Q9] sources URL count: 4 (expected >=3)
OK [Q10] keyFacts rows: 12 (expected >=9)
OK [Q11] title keywords in body: 4/4 (expected 4/4)
OK [Q12] speculation words ban: none (expected 0)
OK [Q13] slug ASCII: missing-person-declaration (expected a-z 0-9 - _)

Pass rate: 13/13 = 100%
PASS

==================================================
[missing-person-report-receipt] 실종아동 가출인 신고접수증 서류 없이 경찰서에서 즉시 발급받는 법
==================================================
OK [Q1] QA cards count: 7 (expected >=7)
OK [Q2] intro 200 chars: 7/7 (expected 7/7)
OK [Q3] visual element per QA: 7/7 (expected 7/7)
OK [Q4] tables total: 2 (expected >=2)
OK [Q5] boxes total: 7 (expected >=3)
OK [Q6] highlights total: 28 (expected >=15)
OK [Q7] sourceNote ratio: 4/7 (expected >=4/7)
OK [Q8] FAQ count: 5 (expected >=5)
OK [Q9] sources URL count: 3 (expected >=3)
OK [Q10] keyFacts rows: 9 (expected >=9)
OK [Q11] title keywords in body: 4/4 (expected 4/4)
OK [Q12] speculation words ban: none (expected 0)
OK [Q13] slug ASCII: missing-person-report-receipt (expected a-z 0-9 - _)

Pass rate: 13/13 = 100%
PASS

==================================================
[mobile-pet-grooming-registration] 이동식 애견미용차 동물미용업 등록 사업계획서로 시군구에 1만원 15일 만에 신청하는 법
==================================================
OK [Q1] QA cards count: 7 (expected >=7)
OK [Q2] intro 200 chars: 7/7 (expected 7/7)
OK [Q3] visual element per QA: 7/7 (expected 7/7)
OK [Q4] tables total: 2 (expected >=2)
OK [Q5] boxes total: 7 (expected >=3)
OK [Q6] highlights total: 28 (expected >=15)
OK [Q7] sourceNote ratio: 4/7 (expected >=4/7)
OK [Q8] FAQ count: 5 (expected >=5)
OK [Q9] sources URL count: 3 (expected >=3)
OK [Q10] keyFacts rows: 9 (expected >=9)
OK [Q11] title keywords in body: 4/4 (expected 4/4)
OK [Q12] speculation words ban: none (expected 0)
OK [Q13] slug ASCII: mobile-pet-grooming-registration (expected a-z 0-9 - _)

Pass rate: 13/13 = 100%
PASS

==================================================
[modu-card-refund-standard] 모두의카드 환급기준금액, 수도권 5만원 쓰면 2만원 돌려받는 이유
==================================================
OK [Q1] QA cards count: 7 (expected >=7)
OK [Q2] intro 200 chars: 7/7 (expected 7/7)
OK [Q3] visual element per QA: 7/7 (expected 7/7)
OK [Q4] tables total: 3 (expected >=2)
OK [Q5] boxes total: 7 (expected >=3)
OK [Q6] highlights total: 28 (expected >=15)
OK [Q7] sourceNote ratio: 7/7 (expected >=4/7)
OK [Q8] FAQ count: 5 (expected >=5)
OK [Q9] sources URL count: 4 (expected >=3)
OK [Q10] keyFacts rows: 9 (expected >=9)
OK [Q11] title keywords in body: 4/4 (expected 4/4)
OK [Q12] speculation words ban: none (expected 0)
OK [Q13] slug ASCII: modu-card-refund-standard (expected a-z 0-9 - _)

Pass rate: 13/13 = 100%
PASS

==================================================
[mom-pregnancy-onestop] 맘편한임신 원스톱 신청방법, 행복출산 원스톱과 차이는?
==================================================
OK [Q1] QA cards count: 8 (expected >=7)
OK [Q2] intro 200 chars: 8/8 (expected 8/8)
OK [Q3] visual element per QA: 8/8 (expected 8/8)
OK [Q4] tables total: 3 (expected >=2)
OK [Q5] boxes total: 5 (expected >=3)
OK [Q6] highlights total: 32 (expected >=15)
OK [Q7] sourceNote ratio: 8/8 (expected >=4/8)
OK [Q8] FAQ count: 5 (expected >=5)
OK [Q9] sources URL count: 4 (expected >=3)
OK [Q10] keyFacts rows: 9 (expected >=9)
OK [Q11] title keywords in body: 4/4 (expected 4/4)
OK [Q12] speculation words ban: none (expected 0)
OK [Q13] slug ASCII: mom-pregnancy-onestop (expected a-z 0-9 - _)

Pass rate: 13/13 = 100%
PASS

==================================================
[mortgage-cancellation] 근저당권 말소 셀프 신청방법과 서류, 비용까지
==================================================
OK [Q1] QA cards count: 7 (expected >=7)
OK [Q2] intro 200 chars: 7/7 (expected 7/7)
OK [Q3] visual element per QA: 7/7 (expected 7/7)
OK [Q4] tables total: 4 (expected >=2)
OK [Q5] boxes total: 3 (expected >=3)
OK [Q6] highlights total: 28 (expected >=15)
OK [Q7] sourceNote ratio: 7/7 (expected >=4/7)
OK [Q8] FAQ count: 5 (expected >=5)
OK [Q9] sources URL count: 3 (expected >=3)
XX [Q10] keyFacts rows: 8 (expected >=9)
XX [Q11] title keywords in body: 3/4 (expected 4/4)
     missing in body: 신청서류
OK [Q12] speculation words ban: none (expected 0)
OK [Q13] slug ASCII: mortgage-cancellation (expected a-z 0-9 - _)

Pass rate: 11/13 = 85%
PASS

==================================================
[mounjaro-price-comparison] 마운자로 가격, 병원마다 왜 이렇게 다른가요
==================================================
OK [Q1] QA cards count: 7 (expected >=7)
OK [Q2] intro 200 chars: 7/7 (expected 7/7)
OK [Q3] visual element per QA: 7/7 (expected 7/7)
OK [Q4] tables total: 2 (expected >=2)
OK [Q5] boxes total: 5 (expected >=3)
OK [Q6] highlights total: 28 (expected >=15)
OK [Q7] sourceNote ratio: 7/7 (expected >=4/7)
OK [Q8] FAQ count: 5 (expected >=5)
OK [Q9] sources URL count: 3 (expected >=3)
OK [Q10] keyFacts rows: 9 (expected >=9)
OK [Q11] title keywords in body: 4/4 (expected 4/4)
OK [Q12] speculation words ban: none (expected 0)
OK [Q13] slug ASCII: mounjaro-price-comparison (expected a-z 0-9 - _)

Pass rate: 13/13 = 100%
PASS

==================================================
[move-in-report-online] 전입신고 인터넷으로 하는 법, 정부24에서 요금감면까지 한번에 신청
==================================================
OK [Q1] QA cards count: 7 (expected >=7)
OK [Q2] intro 200 chars: 7/7 (expected 7/7)
OK [Q3] visual element per QA: 7/7 (expected 7/7)
OK [Q4] tables total: 2 (expected >=2)
OK [Q5] boxes total: 6 (expected >=3)
OK [Q6] highlights total: 20 (expected >=15)
OK [Q7] sourceNote ratio: 7/7 (expected >=4/7)
OK [Q8] FAQ count: 5 (expected >=5)
OK [Q9] sources URL count: 3 (expected >=3)
OK [Q10] keyFacts rows: 9 (expected >=9)
OK [Q11] title keywords in body: 4/4 (expected 4/4)
OK [Q12] speculation words ban: none (expected 0)
OK [Q13] slug ASCII: move-in-report-online (expected a-z 0-9 - _)

Pass rate: 13/13 = 100%
PASS

==================================================
[movie-discount-voucher] 영화지원금 2차 신청방법, CGV 롯데시네마 메가박스 사용법
==================================================
OK [Q1] QA cards count: 7 (expected >=7)
OK [Q2] intro 200 chars: 7/7 (expected 7/7)
OK [Q3] visual element per QA: 7/7 (expected 7/7)
OK [Q4] tables total: 2 (expected >=2)
OK [Q5] boxes total: 5 (expected >=3)
OK [Q6] highlights total: 21 (expected >=15)
OK [Q7] sourceNote ratio: 7/7 (expected >=4/7)
OK [Q8] FAQ count: 5 (expected >=5)
OK [Q9] sources URL count: 3 (expected >=3)
OK [Q10] keyFacts rows: 9 (expected >=9)
OK [Q11] title keywords in body: 4/4 (expected 4/4)
OK [Q12] speculation words ban: none (expected 0)
OK [Q13] slug ASCII: movie-discount-voucher (expected a-z 0-9 - _)

Pass rate: 13/13 = 100%
PASS

==================================================
[multi-culture-child-edu] 다문화가족 자녀 교육활동비 신청방법, 한국어가 서툴러도 되나요?
==================================================
OK [Q1] QA cards count: 8 (expected >=7)
OK [Q2] intro 200 chars: 8/8 (expected 8/8)
OK [Q3] visual element per QA: 8/8 (expected 8/8)
OK [Q4] tables total: 2 (expected >=2)
OK [Q5] boxes total: 6 (expected >=3)
OK [Q6] highlights total: 32 (expected >=15)
OK [Q7] sourceNote ratio: 8/8 (expected >=4/8)
OK [Q8] FAQ count: 5 (expected >=5)
OK [Q9] sources URL count: 4 (expected >=3)
OK [Q10] keyFacts rows: 9 (expected >=9)
OK [Q11] title keywords in body: 4/4 (expected 4/4)
OK [Q12] speculation words ban: none (expected 0)
OK [Q13] slug ASCII: multi-culture-child-edu (expected a-z 0-9 - _)

Pass rate: 13/13 = 100%
PASS

==================================================
[multilevel-marketing-change-report] 다단계판매업 등록사항 변경신고 등록증으로 시도에 3일 만에 신청하는 법
==================================================
OK [Q1] QA cards count: 7 (expected >=7)
OK [Q2] intro 200 chars: 7/7 (expected 7/7)
OK [Q3] visual element per QA: 7/7 (expected 7/7)
OK [Q4] tables total: 2 (expected >=2)
OK [Q5] boxes total: 7 (expected >=3)
OK [Q6] highlights total: 28 (expected >=15)
OK [Q7] sourceNote ratio: 4/7 (expected >=4/7)
OK [Q8] FAQ count: 5 (expected >=5)
OK [Q9] sources URL count: 3 (expected >=3)
OK [Q10] keyFacts rows: 9 (expected >=9)
OK [Q11] title keywords in body: 4/4 (expected 4/4)
OK [Q12] speculation words ban: none (expected 0)
OK [Q13] slug ASCII: multilevel-marketing-change-report (expected a-z 0-9 - _)

Pass rate: 13/13 = 100%
PASS

==================================================
[multilevel-marketing-registration] 다단계판매업 등록 소비자피해보상보험 서류 갖춰 시도에 7일 만에 신청하는 법
==================================================
OK [Q1] QA cards count: 7 (expected >=7)
OK [Q2] intro 200 chars: 7/7 (expected 7/7)
OK [Q3] visual element per QA: 7/7 (expected 7/7)
OK [Q4] tables total: 2 (expected >=2)
OK [Q5] boxes total: 7 (expected >=3)
OK [Q6] highlights total: 28 (expected >=15)
OK [Q7] sourceNote ratio: 4/7 (expected >=4/7)
OK [Q8] FAQ count: 5 (expected >=5)
OK [Q9] sources URL count: 3 (expected >=3)
OK [Q10] keyFacts rows: 9 (expected >=9)
OK [Q11] title keywords in body: 4/4 (expected 4/4)
OK [Q12] speculation words ban: none (expected 0)
OK [Q13] slug ASCII: multilevel-marketing-registration (expected a-z 0-9 - _)

Pass rate: 13/13 = 100%
PASS

==================================================
[multiplex-game-provider-registration] PC방 복합유통게임제공업 등록 시설개요서로 시군구에 3일 만에 신청하는 법
==================================================
OK [Q1] QA cards count: 7 (expected >=7)
OK [Q2] intro 200 chars: 7/7 (expected 7/7)
OK [Q3] visual element per QA: 7/7 (expected 7/7)
OK [Q4] tables total: 2 (expected >=2)
OK [Q5] boxes total: 7 (expected >=3)
OK [Q6] highlights total: 28 (expected >=15)
OK [Q7] sourceNote ratio: 4/7 (expected >=4/7)
OK [Q8] FAQ count: 5 (expected >=5)
OK [Q9] sources URL count: 3 (expected >=3)
OK [Q10] keyFacts rows: 9 (expected >=9)
OK [Q11] title keywords in body: 4/4 (expected 4/4)
OK [Q12] speculation words ban: none (expected 0)
OK [Q13] slug ASCII: multiplex-game-provider-registration (expected a-z 0-9 - _)

Pass rate: 13/13 = 100%
PASS

==================================================
[music-business-closure-report] 노래연습장업 폐업신고 등록증만으로 세무서와 함께 3일 만에 신고하는 법
==================================================
OK [Q1] QA cards count: 7 (expected >=7)
OK [Q2] intro 200 chars: 7/7 (expected 7/7)
OK [Q3] visual element per QA: 7/7 (expected 7/7)
OK [Q4] tables total: 2 (expected >=2)
OK [Q5] boxes total: 7 (expected >=3)
OK [Q6] highlights total: 28 (expected >=15)
OK [Q7] sourceNote ratio: 5/7 (expected >=4/7)
OK [Q8] FAQ count: 5 (expected >=5)
OK [Q9] sources URL count: 3 (expected >=3)
OK [Q10] keyFacts rows: 9 (expected >=9)
OK [Q11] title keywords in body: 4/4 (expected 4/4)
OK [Q12] speculation words ban: none (expected 0)
OK [Q13] slug ASCII: music-business-closure-report (expected a-z 0-9 - _)

Pass rate: 13/13 = 100%
PASS

==================================================
[name-change-report] 개명신고 법원허가 등본 받은 날부터 1개월 이내 신고하는 법
==================================================
OK [Q1] QA cards count: 7 (expected >=7)
OK [Q2] intro 200 chars: 7/7 (expected 7/7)
OK [Q3] visual element per QA: 7/7 (expected 7/7)
OK [Q4] tables total: 2 (expected >=2)
OK [Q5] boxes total: 7 (expected >=3)
OK [Q6] highlights total: 28 (expected >=15)
OK [Q7] sourceNote ratio: 5/7 (expected >=4/7)
OK [Q8] FAQ count: 5 (expected >=5)
OK [Q9] sources URL count: 3 (expected >=3)
OK [Q10] keyFacts rows: 9 (expected >=9)
OK [Q11] title keywords in body: 4/4 (expected 4/4)
OK [Q12] speculation words ban: none (expected 0)
OK [Q13] slug ASCII: name-change-report (expected a-z 0-9 - _)

Pass rate: 13/13 = 100%
PASS

==================================================
[national-employment-support] 국민취업지원제도 1유형 2유형 차이, 구직촉진수당 신청방법
==================================================
OK [Q1] QA cards count: 7 (expected >=7)
OK [Q2] intro 200 chars: 7/7 (expected 7/7)
OK [Q3] visual element per QA: 7/7 (expected 7/7)
OK [Q4] tables total: 3 (expected >=2)
OK [Q5] boxes total: 4 (expected >=3)
OK [Q6] highlights total: 28 (expected >=15)
OK [Q7] sourceNote ratio: 7/7 (expected >=4/7)
OK [Q8] FAQ count: 5 (expected >=5)
OK [Q9] sources URL count: 3 (expected >=3)
XX [Q10] keyFacts rows: 8 (expected >=9)
XX [Q11] title keywords in body: no titleKeywords (expected titleKeywords defined)
     add titleKeywords field to policy data
OK [Q12] speculation words ban: none (expected 0)
OK [Q13] slug ASCII: national-employment-support (expected a-z 0-9 - _)

Pass rate: 11/13 = 85%
PASS

==================================================
[national-happiness-card] 국민행복카드 발급방법과 사용처, 카드사별 혜택 차이
==================================================
OK [Q1] QA cards count: 8 (expected >=7)
OK [Q2] intro 200 chars: 8/8 (expected 8/8)
OK [Q3] visual element per QA: 8/8 (expected 8/8)
OK [Q4] tables total: 3 (expected >=2)
OK [Q5] boxes total: 5 (expected >=3)
OK [Q6] highlights total: 32 (expected >=15)
OK [Q7] sourceNote ratio: 8/8 (expected >=4/8)
OK [Q8] FAQ count: 5 (expected >=5)
OK [Q9] sources URL count: 4 (expected >=3)
OK [Q10] keyFacts rows: 9 (expected >=9)
OK [Q11] title keywords in body: 4/4 (expected 4/4)
OK [Q12] speculation words ban: none (expected 0)
OK [Q13] slug ASCII: national-happiness-card (expected a-z 0-9 - _)

Pass rate: 13/13 = 100%
PASS

==================================================
[national-health-checkup] 국가건강검진 대상자와 연령별 검사항목, 암검진 비용까지
==================================================
OK [Q1] QA cards count: 7 (expected >=7)
OK [Q2] intro 200 chars: 7/7 (expected 7/7)
OK [Q3] visual element per QA: 7/7 (expected 7/7)
OK [Q4] tables total: 3 (expected >=2)
OK [Q5] boxes total: 4 (expected >=3)
OK [Q6] highlights total: 45 (expected >=15)
OK [Q7] sourceNote ratio: 7/7 (expected >=4/7)
OK [Q8] FAQ count: 5 (expected >=5)
OK [Q9] sources URL count: 3 (expected >=3)
XX [Q10] keyFacts rows: 8 (expected >=9)
XX [Q11] title keywords in body: no titleKeywords (expected titleKeywords defined)
     add titleKeywords field to policy data
OK [Q12] speculation words ban: none (expected 0)
OK [Q13] slug ASCII: national-health-checkup (expected a-z 0-9 - _)

Pass rate: 11/13 = 85%
PASS

==================================================
[national-health-insurance-regional] 국민건강보험 지역가입자 보험료 점수제 계산하고 경감받는 법
==================================================
OK [Q1] QA cards count: 7 (expected >=7)
XX [Q2] intro 200 chars: 1/7 (expected 7/7)
     missing: q-formula, q-property, q-cap, q-reduction, q-report, q-apply
OK [Q3] visual element per QA: 7/7 (expected 7/7)
OK [Q4] tables total: 2 (expected >=2)
OK [Q5] boxes total: 5 (expected >=3)
OK [Q6] highlights total: 28 (expected >=15)
OK [Q7] sourceNote ratio: 4/7 (expected >=4/7)
OK [Q8] FAQ count: 5 (expected >=5)
OK [Q9] sources URL count: 3 (expected >=3)
XX [Q10] keyFacts rows: 7 (expected >=9)
OK [Q11] title keywords in body: 4/4 (expected 4/4)
OK [Q12] speculation words ban: none (expected 0)
OK [Q13] slug ASCII: national-health-insurance-regional (expected a-z 0-9 - _)

Pass rate: 11/13 = 85%
PASS

==================================================
[national-health-insurance] 국민건강보험 직장가입자 자격 조회하고 보험료·요양급여 확인하는 법
==================================================
OK [Q1] QA cards count: 7 (expected >=7)
XX [Q2] intro 200 chars: 3/7 (expected 7/7)
     missing: q-dependent, q-premium, q-unemployment, q-apply
OK [Q3] visual element per QA: 7/7 (expected 7/7)
OK [Q4] tables total: 2 (expected >=2)
OK [Q5] boxes total: 5 (expected >=3)
OK [Q6] highlights total: 28 (expected >=15)
OK [Q7] sourceNote ratio: 4/7 (expected >=4/7)
OK [Q8] FAQ count: 5 (expected >=5)
OK [Q9] sources URL count: 3 (expected >=3)
XX [Q10] keyFacts rows: 7 (expected >=9)
OK [Q11] title keywords in body: 4/4 (expected 4/4)
OK [Q12] speculation words ban: none (expected 0)
OK [Q13] slug ASCII: national-health-insurance (expected a-z 0-9 - _)

Pass rate: 11/13 = 85%
PASS

==================================================
[national-heritage-internship] 국가유산 청년 인턴십
==================================================
OK [Q1] QA cards count: 7 (expected >=7)
OK [Q2] intro 200 chars: 7/7 (expected 7/7)
OK [Q3] visual element per QA: 7/7 (expected 7/7)
OK [Q4] tables total: 2 (expected >=2)
OK [Q5] boxes total: 5 (expected >=3)
OK [Q6] highlights total: 36 (expected >=15)
OK [Q7] sourceNote ratio: 7/7 (expected >=4/7)
OK [Q8] FAQ count: 5 (expected >=5)
OK [Q9] sources URL count: 3 (expected >=3)
XX [Q10] keyFacts rows: 4 (expected >=9)
XX [Q11] title keywords in body: no titleKeywords (expected titleKeywords defined)
     add titleKeywords field to policy data
OK [Q12] speculation words ban: none (expected 0)
OK [Q13] slug ASCII: national-heritage-internship (expected a-z 0-9 - _)

Pass rate: 11/13 = 85%
PASS

==================================================
[national-pension-back-payment] 국민연금 추납 대상기간과 조건, 최대 119개월까지 되나요?
==================================================
OK [Q1] QA cards count: 7 (expected >=7)
OK [Q2] intro 200 chars: 7/7 (expected 7/7)
OK [Q3] visual element per QA: 7/7 (expected 7/7)
OK [Q4] tables total: 3 (expected >=2)
OK [Q5] boxes total: 4 (expected >=3)
OK [Q6] highlights total: 28 (expected >=15)
OK [Q7] sourceNote ratio: 7/7 (expected >=4/7)
OK [Q8] FAQ count: 5 (expected >=5)
OK [Q9] sources URL count: 3 (expected >=3)
OK [Q10] keyFacts rows: 9 (expected >=9)
OK [Q11] title keywords in body: 4/4 (expected 4/4)
OK [Q12] speculation words ban: none (expected 0)
OK [Q13] slug ASCII: national-pension-back-payment (expected a-z 0-9 - _)

Pass rate: 13/13 = 100%
PASS

==================================================
[national-pension-disability-benefit] 국민연금 장애연금 장애심사용 진단서로 1개월 만에 청구하는 법
==================================================
OK [Q1] QA cards count: 7 (expected >=7)
OK [Q2] intro 200 chars: 7/7 (expected 7/7)
OK [Q3] visual element per QA: 7/7 (expected 7/7)
OK [Q4] tables total: 2 (expected >=2)
OK [Q5] boxes total: 7 (expected >=3)
OK [Q6] highlights total: 28 (expected >=15)
OK [Q7] sourceNote ratio: 4/7 (expected >=4/7)
OK [Q8] FAQ count: 5 (expected >=5)
OK [Q9] sources URL count: 3 (expected >=3)
OK [Q10] keyFacts rows: 9 (expected >=9)
OK [Q11] title keywords in body: 4/4 (expected 4/4)
OK [Q12] speculation words ban: none (expected 0)
OK [Q13] slug ASCII: national-pension-disability-benefit (expected a-z 0-9 - _)

Pass rate: 13/13 = 100%
PASS

==================================================
[national-pension-divided-benefit] 국민연금 분할연금 이혼한 배우자 노령연금 나눠 받는 법
==================================================
OK [Q1] QA cards count: 7 (expected >=7)
OK [Q2] intro 200 chars: 7/7 (expected 7/7)
OK [Q3] visual element per QA: 7/7 (expected 7/7)
OK [Q4] tables total: 2 (expected >=2)
OK [Q5] boxes total: 7 (expected >=3)
OK [Q6] highlights total: 28 (expected >=15)
OK [Q7] sourceNote ratio: 4/7 (expected >=4/7)
OK [Q8] FAQ count: 5 (expected >=5)
OK [Q9] sources URL count: 3 (expected >=3)
OK [Q10] keyFacts rows: 9 (expected >=9)
OK [Q11] title keywords in body: 4/4 (expected 4/4)
OK [Q12] speculation words ban: none (expected 0)
OK [Q13] slug ASCII: national-pension-divided-benefit (expected a-z 0-9 - _)

Pass rate: 13/13 = 100%
PASS

==================================================
[national-pension-lump-sum] 국민연금 반환일시금 지급조건과 소멸시효, 60세 안 되면 못 받나요?
==================================================
OK [Q1] QA cards count: 7 (expected >=7)
OK [Q2] intro 200 chars: 7/7 (expected 7/7)
OK [Q3] visual element per QA: 7/7 (expected 7/7)
OK [Q4] tables total: 4 (expected >=2)
OK [Q5] boxes total: 4 (expected >=3)
OK [Q6] highlights total: 28 (expected >=15)
OK [Q7] sourceNote ratio: 7/7 (expected >=4/7)
OK [Q8] FAQ count: 5 (expected >=5)
OK [Q9] sources URL count: 3 (expected >=3)
OK [Q10] keyFacts rows: 9 (expected >=9)
OK [Q11] title keywords in body: 4/4 (expected 4/4)
OK [Q12] speculation words ban: none (expected 0)
OK [Q13] slug ASCII: national-pension-lump-sum (expected a-z 0-9 - _)

Pass rate: 13/13 = 100%
PASS

==================================================
[national-pension-premium] 국민연금 보험료 기준소득월액과 상한액·하한액, 가입자 종류까지
==================================================
OK [Q1] QA cards count: 8 (expected >=7)
OK [Q2] intro 200 chars: 8/8 (expected 8/8)
OK [Q3] visual element per QA: 8/8 (expected 8/8)
OK [Q4] tables total: 3 (expected >=2)
OK [Q5] boxes total: 5 (expected >=3)
OK [Q6] highlights total: 32 (expected >=15)
XX [Q7] sourceNote ratio: 3/8 (expected >=4/8)
OK [Q8] FAQ count: 5 (expected >=5)
OK [Q9] sources URL count: 3 (expected >=3)
OK [Q10] keyFacts rows: 9 (expected >=9)
XX [Q11] title keywords in body: 3/4 (expected 4/4)
     missing in body: 상한액 659만
OK [Q12] speculation words ban: none (expected 0)
OK [Q13] slug ASCII: national-pension-premium (expected a-z 0-9 - _)

Pass rate: 11/13 = 85%
PASS

==================================================
[national-pension-prepayment] 국민연금 선납 최대 5년 분기납 15일까지 3일 만에 신청하는 법
==================================================
OK [Q1] QA cards count: 7 (expected >=7)
OK [Q2] intro 200 chars: 7/7 (expected 7/7)
OK [Q3] visual element per QA: 7/7 (expected 7/7)
OK [Q4] tables total: 2 (expected >=2)
OK [Q5] boxes total: 7 (expected >=3)
OK [Q6] highlights total: 28 (expected >=15)
OK [Q7] sourceNote ratio: 4/7 (expected >=4/7)
OK [Q8] FAQ count: 5 (expected >=5)
OK [Q9] sources URL count: 3 (expected >=3)
OK [Q10] keyFacts rows: 9 (expected >=9)
OK [Q11] title keywords in body: 4/4 (expected 4/4)
OK [Q12] speculation words ban: none (expected 0)
OK [Q13] slug ASCII: national-pension-prepayment (expected a-z 0-9 - _)

Pass rate: 13/13 = 100%
PASS

==================================================
[national-pension-reduction] 노령연금 감액 기준 519만원으로 상향, 2025년분 자동환급까지
==================================================
OK [Q1] QA cards count: 8 (expected >=7)
OK [Q2] intro 200 chars: 8/8 (expected 8/8)
OK [Q3] visual element per QA: 8/8 (expected 8/8)
OK [Q4] tables total: 4 (expected >=2)
OK [Q5] boxes total: 5 (expected >=3)
OK [Q6] highlights total: 32 (expected >=15)
OK [Q7] sourceNote ratio: 8/8 (expected >=4/8)
OK [Q8] FAQ count: 5 (expected >=5)
OK [Q9] sources URL count: 3 (expected >=3)
OK [Q10] keyFacts rows: 10 (expected >=9)
XX [Q11] title keywords in body: 3/4 (expected 4/4)
     missing in body: 소득기준
OK [Q12] speculation words ban: none (expected 0)
OK [Q13] slug ASCII: national-pension-reduction (expected a-z 0-9 - _)

Pass rate: 12/13 = 92%
PASS

==================================================
[national-pension-refund-repayment] 국민연금 반납금 재가입 후 가입기간 복원하고 연금 다시 쌓는 법
==================================================
OK [Q1] QA cards count: 7 (expected >=7)
OK [Q2] intro 200 chars: 7/7 (expected 7/7)
OK [Q3] visual element per QA: 7/7 (expected 7/7)
OK [Q4] tables total: 2 (expected >=2)
OK [Q5] boxes total: 7 (expected >=3)
OK [Q6] highlights total: 28 (expected >=15)
OK [Q7] sourceNote ratio: 4/7 (expected >=4/7)
OK [Q8] FAQ count: 5 (expected >=5)
OK [Q9] sources URL count: 3 (expected >=3)
OK [Q10] keyFacts rows: 9 (expected >=9)
OK [Q11] title keywords in body: 4/4 (expected 4/4)
OK [Q12] speculation words ban: none (expected 0)
OK [Q13] slug ASCII: national-pension-refund-repayment (expected a-z 0-9 - _)

Pass rate: 13/13 = 100%
PASS

==================================================
[national-pension-review-request] 국민연금 심사청구 자격 보험료 처분에 이의 있으면 60일 만에 다투는 법
==================================================
OK [Q1] QA cards count: 7 (expected >=7)
OK [Q2] intro 200 chars: 7/7 (expected 7/7)
OK [Q3] visual element per QA: 7/7 (expected 7/7)
OK [Q4] tables total: 2 (expected >=2)
OK [Q5] boxes total: 7 (expected >=3)
OK [Q6] highlights total: 28 (expected >=15)
OK [Q7] sourceNote ratio: 5/7 (expected >=4/7)
OK [Q8] FAQ count: 5 (expected >=5)
OK [Q9] sources URL count: 3 (expected >=3)
OK [Q10] keyFacts rows: 9 (expected >=9)
OK [Q11] title keywords in body: 4/4 (expected 4/4)
OK [Q12] speculation words ban: none (expected 0)
OK [Q13] slug ASCII: national-pension-review-request (expected a-z 0-9 - _)

Pass rate: 13/13 = 100%
PASS

==================================================
[national-pension-subscriber-certificate] 국민연금 가입자증명서 무료 발급받고 대출·이직서류에 제출하는 법
==================================================
OK [Q1] QA cards count: 7 (expected >=7)
OK [Q2] intro 200 chars: 7/7 (expected 7/7)
OK [Q3] visual element per QA: 7/7 (expected 7/7)
OK [Q4] tables total: 2 (expected >=2)
OK [Q5] boxes total: 7 (expected >=3)
OK [Q6] highlights total: 28 (expected >=15)
OK [Q7] sourceNote ratio: 4/7 (expected >=4/7)
OK [Q8] FAQ count: 5 (expected >=5)
OK [Q9] sources URL count: 3 (expected >=3)
OK [Q10] keyFacts rows: 9 (expected >=9)
OK [Q11] title keywords in body: 4/4 (expected 4/4)
OK [Q12] speculation words ban: none (expected 0)
OK [Q13] slug ASCII: national-pension-subscriber-certificate (expected a-z 0-9 - _)

Pass rate: 13/13 = 100%
PASS

==================================================
[national-pension-survivor-benefit] 국민연금 유족연금 사망진단서 챙겨서 방문 청구하는 법
==================================================
OK [Q1] QA cards count: 7 (expected >=7)
OK [Q2] intro 200 chars: 7/7 (expected 7/7)
OK [Q3] visual element per QA: 7/7 (expected 7/7)
OK [Q4] tables total: 2 (expected >=2)
OK [Q5] boxes total: 6 (expected >=3)
OK [Q6] highlights total: 28 (expected >=15)
OK [Q7] sourceNote ratio: 4/7 (expected >=4/7)
OK [Q8] FAQ count: 5 (expected >=5)
OK [Q9] sources URL count: 3 (expected >=3)
OK [Q10] keyFacts rows: 9 (expected >=9)
OK [Q11] title keywords in body: 4/4 (expected 4/4)
OK [Q12] speculation words ban: none (expected 0)
OK [Q13] slug ASCII: national-pension-survivor-benefit (expected a-z 0-9 - _)

Pass rate: 13/13 = 100%
PASS

==================================================
[national-pension-voluntary-enrollment] 국민연금 임의가입 무소득자도 원할 때 가입·탈퇴 신청하는 법
==================================================
OK [Q1] QA cards count: 7 (expected >=7)
OK [Q2] intro 200 chars: 7/7 (expected 7/7)
OK [Q3] visual element per QA: 7/7 (expected 7/7)
OK [Q4] tables total: 2 (expected >=2)
OK [Q5] boxes total: 7 (expected >=3)
OK [Q6] highlights total: 28 (expected >=15)
OK [Q7] sourceNote ratio: 4/7 (expected >=4/7)
OK [Q8] FAQ count: 5 (expected >=5)
OK [Q9] sources URL count: 3 (expected >=3)
OK [Q10] keyFacts rows: 9 (expected >=9)
OK [Q11] title keywords in body: 4/4 (expected 4/4)
OK [Q12] speculation words ban: none (expected 0)
OK [Q13] slug ASCII: national-pension-voluntary-enrollment (expected a-z 0-9 - _)

Pass rate: 13/13 = 100%
PASS

==================================================
[national-scholar] 국가장학금 소득분위 산정과 신청시기, 성적 낮으면 못 받나요?
==================================================
OK [Q1] QA cards count: 8 (expected >=7)
OK [Q2] intro 200 chars: 8/8 (expected 8/8)
OK [Q3] visual element per QA: 8/8 (expected 8/8)
OK [Q4] tables total: 2 (expected >=2)
OK [Q5] boxes total: 6 (expected >=3)
OK [Q6] highlights total: 32 (expected >=15)
OK [Q7] sourceNote ratio: 8/8 (expected >=4/8)
OK [Q8] FAQ count: 5 (expected >=5)
OK [Q9] sources URL count: 4 (expected >=3)
OK [Q10] keyFacts rows: 9 (expected >=9)
OK [Q11] title keywords in body: 4/4 (expected 4/4)
OK [Q12] speculation words ban: none (expected 0)
OK [Q13] slug ASCII: national-scholar (expected a-z 0-9 - _)

Pass rate: 13/13 = 100%
PASS

==================================================
[national-scholarship-second-round] 국가장학금 2차 신청기간 8월 12일 확인하고 신청하는 법
==================================================
OK [Q1] QA cards count: 9 (expected >=7)
OK [Q2] intro 200 chars: 9/9 (expected 9/9)
OK [Q3] visual element per QA: 9/9 (expected 9/9)
OK [Q4] tables total: 8 (expected >=2)
OK [Q5] boxes total: 5 (expected >=3)
OK [Q6] highlights total: 36 (expected >=15)
OK [Q7] sourceNote ratio: 9/9 (expected >=5/9)
OK [Q8] FAQ count: 6 (expected >=5)
OK [Q9] sources URL count: 3 (expected >=3)
OK [Q10] keyFacts rows: 11 (expected >=9)
OK [Q11] title keywords in body: 4/4 (expected 4/4)
OK [Q12] speculation words ban: none (expected 0)
OK [Q13] slug ASCII: national-scholarship-second-round (expected a-z 0-9 - _)

Pass rate: 13/13 = 100%
PASS

==================================================
[national-secretary] 국민비서 구삐 신청방법과 알림채널, 개인정보는 안전한가요?
==================================================
OK [Q1] QA cards count: 7 (expected >=7)
OK [Q2] intro 200 chars: 7/7 (expected 7/7)
OK [Q3] visual element per QA: 7/7 (expected 7/7)
OK [Q4] tables total: 2 (expected >=2)
OK [Q5] boxes total: 6 (expected >=3)
OK [Q6] highlights total: 38 (expected >=15)
OK [Q7] sourceNote ratio: 7/7 (expected >=4/7)
OK [Q8] FAQ count: 5 (expected >=5)
OK [Q9] sources URL count: 3 (expected >=3)
XX [Q10] keyFacts rows: 7 (expected >=9)
XX [Q11] title keywords in body: no titleKeywords (expected titleKeywords defined)
     add titleKeywords field to policy data
OK [Q12] speculation words ban: none (expected 0)
OK [Q13] slug ASCII: national-secretary (expected a-z 0-9 - _)

Pass rate: 11/13 = 85%
PASS

==================================================
[national-tax-objection] 국세 이의신청 처분 안 날부터 90일 이내 불복이유서로 다투는 법
==================================================
OK [Q1] QA cards count: 7 (expected >=7)
OK [Q2] intro 200 chars: 7/7 (expected 7/7)
OK [Q3] visual element per QA: 7/7 (expected 7/7)
OK [Q4] tables total: 2 (expected >=2)
OK [Q5] boxes total: 6 (expected >=3)
OK [Q6] highlights total: 28 (expected >=15)
OK [Q7] sourceNote ratio: 4/7 (expected >=4/7)
OK [Q8] FAQ count: 5 (expected >=5)
OK [Q9] sources URL count: 3 (expected >=3)
OK [Q10] keyFacts rows: 9 (expected >=9)
OK [Q11] title keywords in body: 4/4 (expected 4/4)
OK [Q12] speculation words ban: none (expected 0)
OK [Q13] slug ASCII: national-tax-objection (expected a-z 0-9 - _)

Pass rate: 13/13 = 100%
PASS

==================================================
[national-tax-payment-certificate] 국세 납세증명서 인터넷 무료 발급받고 해외이주여권용 10일 대비하는 법
==================================================
OK [Q1] QA cards count: 7 (expected >=7)
OK [Q2] intro 200 chars: 7/7 (expected 7/7)
OK [Q3] visual element per QA: 7/7 (expected 7/7)
OK [Q4] tables total: 2 (expected >=2)
OK [Q5] boxes total: 6 (expected >=3)
OK [Q6] highlights total: 28 (expected >=15)
OK [Q7] sourceNote ratio: 4/7 (expected >=4/7)
OK [Q8] FAQ count: 5 (expected >=5)
OK [Q9] sources URL count: 3 (expected >=3)
OK [Q10] keyFacts rows: 9 (expected >=9)
OK [Q11] title keywords in body: 4/4 (expected 4/4)
OK [Q12] speculation words ban: none (expected 0)
OK [Q13] slug ASCII: national-tax-payment-certificate (expected a-z 0-9 - _)

Pass rate: 13/13 = 100%
PASS

==================================================
[national-tax-payment-deadline-extension] 국세 납부기한 연장 천재지변 진단서로 3일 만에 승인받는 법
==================================================
OK [Q1] QA cards count: 7 (expected >=7)
OK [Q2] intro 200 chars: 7/7 (expected 7/7)
OK [Q3] visual element per QA: 7/7 (expected 7/7)
OK [Q4] tables total: 2 (expected >=2)
OK [Q5] boxes total: 7 (expected >=3)
OK [Q6] highlights total: 29 (expected >=15)
OK [Q7] sourceNote ratio: 4/7 (expected >=4/7)
OK [Q8] FAQ count: 5 (expected >=5)
OK [Q9] sources URL count: 3 (expected >=3)
OK [Q10] keyFacts rows: 9 (expected >=9)
OK [Q11] title keywords in body: 4/4 (expected 4/4)
OK [Q12] speculation words ban: none (expected 0)
OK [Q13] slug ASCII: national-tax-payment-deadline-extension (expected a-z 0-9 - _)

Pass rate: 13/13 = 100%
PASS

==================================================
[national-technical-qualification-issuance] 국가기술자격증 신규발급 사진 1장으로 총15일 만에 신청하는 법
==================================================
OK [Q1] QA cards count: 7 (expected >=7)
OK [Q2] intro 200 chars: 7/7 (expected 7/7)
OK [Q3] visual element per QA: 7/7 (expected 7/7)
OK [Q4] tables total: 2 (expected >=2)
OK [Q5] boxes total: 7 (expected >=3)
OK [Q6] highlights total: 28 (expected >=15)
OK [Q7] sourceNote ratio: 4/7 (expected >=4/7)
OK [Q8] FAQ count: 5 (expected >=5)
OK [Q9] sources URL count: 3 (expected >=3)
OK [Q10] keyFacts rows: 9 (expected >=9)
OK [Q11] title keywords in body: 4/4 (expected 4/4)
OK [Q12] speculation words ban: none (expected 0)
OK [Q13] slug ASCII: national-technical-qualification-issuance (expected a-z 0-9 - _)

Pass rate: 13/13 = 100%
PASS

==================================================
[national-technical-qualification-verification] 국가기술자격 취득사항 확인신청 검정시행기관에 구비서류없이 즉시 3시간 만에 받는 법
==================================================
OK [Q1] QA cards count: 7 (expected >=7)
OK [Q2] intro 200 chars: 7/7 (expected 7/7)
OK [Q3] visual element per QA: 7/7 (expected 7/7)
OK [Q4] tables total: 2 (expected >=2)
OK [Q5] boxes total: 7 (expected >=3)
OK [Q6] highlights total: 28 (expected >=15)
OK [Q7] sourceNote ratio: 4/7 (expected >=4/7)
OK [Q8] FAQ count: 5 (expected >=5)
OK [Q9] sources URL count: 3 (expected >=3)
OK [Q10] keyFacts rows: 9 (expected >=9)
OK [Q11] title keywords in body: 4/4 (expected 4/4)
OK [Q12] speculation words ban: none (expected 0)
OK [Q13] slug ASCII: national-technical-qualification-verification (expected a-z 0-9 - _)

Pass rate: 13/13 = 100%
PASS

==================================================
[national-work-scholarship] 국가근로장학금 교내근로 교외근로 차이, 신청자격과 지급금액
==================================================
OK [Q1] QA cards count: 7 (expected >=7)
OK [Q2] intro 200 chars: 7/7 (expected 7/7)
OK [Q3] visual element per QA: 7/7 (expected 7/7)
OK [Q4] tables total: 4 (expected >=2)
OK [Q5] boxes total: 3 (expected >=3)
OK [Q6] highlights total: 38 (expected >=15)
OK [Q7] sourceNote ratio: 4/7 (expected >=4/7)
OK [Q8] FAQ count: 5 (expected >=5)
OK [Q9] sources URL count: 3 (expected >=3)
OK [Q10] keyFacts rows: 9 (expected >=9)
OK [Q11] title keywords in body: 4/4 (expected 4/4)
OK [Q12] speculation words ban: none (expected 0)
OK [Q13] slug ASCII: national-work-scholarship (expected a-z 0-9 - _)

Pass rate: 13/13 = 100%
PASS

==================================================
[nationality-fact-certificate] 귀화허가 국적취득사실증명 인터넷 무료로 즉시 발급받는 법
==================================================
OK [Q1] QA cards count: 7 (expected >=7)
OK [Q2] intro 200 chars: 7/7 (expected 7/7)
OK [Q3] visual element per QA: 7/7 (expected 7/7)
OK [Q4] tables total: 2 (expected >=2)
OK [Q5] boxes total: 7 (expected >=3)
OK [Q6] highlights total: 28 (expected >=15)
OK [Q7] sourceNote ratio: 4/7 (expected >=4/7)
OK [Q8] FAQ count: 5 (expected >=5)
OK [Q9] sources URL count: 3 (expected >=3)
OK [Q10] keyFacts rows: 9 (expected >=9)
OK [Q11] title keywords in body: 4/4 (expected 4/4)
OK [Q12] speculation words ban: none (expected 0)
OK [Q13] slug ASCII: nationality-fact-certificate (expected a-z 0-9 - _)

Pass rate: 13/13 = 100%
PASS

==================================================
[nationality-loss-report] 국적상실신고 외국여권사본으로 출입국외국인청 수수료없이 즉시 3시간 만에 하는 법
==================================================
OK [Q1] QA cards count: 7 (expected >=7)
OK [Q2] intro 200 chars: 7/7 (expected 7/7)
OK [Q3] visual element per QA: 7/7 (expected 7/7)
OK [Q4] tables total: 2 (expected >=2)
OK [Q5] boxes total: 7 (expected >=3)
OK [Q6] highlights total: 28 (expected >=15)
OK [Q7] sourceNote ratio: 5/7 (expected >=4/7)
OK [Q8] FAQ count: 5 (expected >=5)
OK [Q9] sources URL count: 3 (expected >=3)
OK [Q10] keyFacts rows: 9 (expected >=9)
OK [Q11] title keywords in body: 4/4 (expected 4/4)
OK [Q12] speculation words ban: none (expected 0)
OK [Q13] slug ASCII: nationality-loss-report (expected a-z 0-9 - _)

Pass rate: 13/13 = 100%
PASS

==================================================
[nationwide-energy-support-guide] 전기·도시가스·지역난방비 복지할인, 어디에 문의하나요?
==================================================
OK [Q1] QA cards count: 7 (expected >=7)
OK [Q2] intro 200 chars: 7/7 (expected 7/7)
OK [Q3] visual element per QA: 7/7 (expected 7/7)
OK [Q4] tables total: 3 (expected >=2)
OK [Q5] boxes total: 4 (expected >=3)
OK [Q6] highlights total: 56 (expected >=15)
OK [Q7] sourceNote ratio: 7/7 (expected >=4/7)
OK [Q8] FAQ count: 5 (expected >=5)
OK [Q9] sources URL count: 4 (expected >=3)
OK [Q10] keyFacts rows: 9 (expected >=9)
XX [Q11] title keywords in body: no titleKeywords (expected titleKeywords defined)
     add titleKeywords field to policy data
XX [Q12] speculation words ban: 1 found (expected 0)
     found: 약 N (수치 앞 약)
OK [Q13] slug ASCII: nationwide-energy-support-guide (expected a-z 0-9 - _)

Pass rate: 11/13 = 85%
PASS

==================================================
[near-poor] 차상위계층 기초생활수급자와 차이, 소득기준과 혜택 종류
==================================================
OK [Q1] QA cards count: 8 (expected >=7)
OK [Q2] intro 200 chars: 8/8 (expected 8/8)
OK [Q3] visual element per QA: 8/8 (expected 8/8)
OK [Q4] tables total: 3 (expected >=2)
OK [Q5] boxes total: 5 (expected >=3)
OK [Q6] highlights total: 32 (expected >=15)
OK [Q7] sourceNote ratio: 7/8 (expected >=4/8)
OK [Q8] FAQ count: 5 (expected >=5)
OK [Q9] sources URL count: 4 (expected >=3)
OK [Q10] keyFacts rows: 9 (expected >=9)
OK [Q11] title keywords in body: 4/4 (expected 4/4)
OK [Q12] speculation words ban: none (expected 0)
OK [Q13] slug ASCII: near-poor (expected a-z 0-9 - _)

Pass rate: 13/13 = 100%
PASS

==================================================
[new-business-startup-school] 신사업창업사관학교 사업화자금 4,000만원, 졸업하면 끝인가요?
==================================================
OK [Q1] QA cards count: 7 (expected >=7)
OK [Q2] intro 200 chars: 7/7 (expected 7/7)
OK [Q3] visual element per QA: 7/7 (expected 7/7)
OK [Q4] tables total: 3 (expected >=2)
OK [Q5] boxes total: 4 (expected >=3)
OK [Q6] highlights total: 28 (expected >=15)
OK [Q7] sourceNote ratio: 7/7 (expected >=4/7)
OK [Q8] FAQ count: 5 (expected >=5)
OK [Q9] sources URL count: 3 (expected >=3)
OK [Q10] keyFacts rows: 9 (expected >=9)
OK [Q11] title keywords in body: 4/4 (expected 4/4)
OK [Q12] speculation words ban: none (expected 0)
OK [Q13] slug ASCII: new-business-startup-school (expected a-z 0-9 - _)

Pass rate: 13/13 = 100%
PASS

==================================================
[new-hope-holssi] 새희망홀씨 II 연소득 4천만원 이하면 되나, 은행 14곳 중 어디로 가나
==================================================
OK [Q1] QA cards count: 7 (expected >=7)
OK [Q2] intro 200 chars: 7/7 (expected 7/7)
OK [Q3] visual element per QA: 7/7 (expected 7/7)
OK [Q4] tables total: 7 (expected >=2)
OK [Q5] boxes total: 6 (expected >=3)
OK [Q6] highlights total: 28 (expected >=15)
OK [Q7] sourceNote ratio: 7/7 (expected >=4/7)
OK [Q8] FAQ count: 5 (expected >=5)
OK [Q9] sources URL count: 3 (expected >=3)
OK [Q10] keyFacts rows: 11 (expected >=9)
OK [Q11] title keywords in body: 4/4 (expected 4/4)
OK [Q12] speculation words ban: none (expected 0)
OK [Q13] slug ASCII: new-hope-holssi (expected a-z 0-9 - _)

Pass rate: 13/13 = 100%
PASS

==================================================
[new-leap] 새도약기금 대상자격과 상환능력 심사, 5천만원 초과 채무는
==================================================
OK [Q1] QA cards count: 7 (expected >=7)
OK [Q2] intro 200 chars: 7/7 (expected 7/7)
OK [Q3] visual element per QA: 7/7 (expected 7/7)
OK [Q4] tables total: 5 (expected >=2)
OK [Q5] boxes total: 5 (expected >=3)
OK [Q6] highlights total: 25 (expected >=15)
OK [Q7] sourceNote ratio: 7/7 (expected >=4/7)
OK [Q8] FAQ count: 5 (expected >=5)
OK [Q9] sources URL count: 4 (expected >=3)
OK [Q10] keyFacts rows: 9 (expected >=9)
OK [Q11] title keywords in body: 4/4 (expected 4/4)
OK [Q12] speculation words ban: none (expected 0)
OK [Q13] slug ASCII: new-leap (expected a-z 0-9 - _)

Pass rate: 13/13 = 100%
PASS

==================================================
[new-start-fund] 새출발기금 채무조정 대상 확인하고 신청하는 법, 원금 최대 90% 감면
==================================================
OK [Q1] QA cards count: 8 (expected >=7)
OK [Q2] intro 200 chars: 8/8 (expected 8/8)
OK [Q3] visual element per QA: 8/8 (expected 8/8)
OK [Q4] tables total: 6 (expected >=2)
OK [Q5] boxes total: 4 (expected >=3)
OK [Q6] highlights total: 32 (expected >=15)
OK [Q7] sourceNote ratio: 8/8 (expected >=4/8)
OK [Q8] FAQ count: 5 (expected >=5)
OK [Q9] sources URL count: 3 (expected >=3)
OK [Q10] keyFacts rows: 9 (expected >=9)
OK [Q11] title keywords in body: 4/4 (expected 4/4)
OK [Q12] speculation words ban: none (expected 0)
OK [Q13] slug ASCII: new-start-fund (expected a-z 0-9 - _)

Pass rate: 13/13 = 100%
PASS

==================================================
[newborn-special-loan] 신생아 특례대출 디딤돌·버팀목 한도, 맞벌이 소득 높아도 되나요?
==================================================
OK [Q1] QA cards count: 8 (expected >=7)
OK [Q2] intro 200 chars: 8/8 (expected 8/8)
OK [Q3] visual element per QA: 8/8 (expected 8/8)
XX [Q4] tables total: 0 (expected >=2)
OK [Q5] boxes total: 8 (expected >=3)
OK [Q6] highlights total: 32 (expected >=15)
OK [Q7] sourceNote ratio: 5/8 (expected >=4/8)
OK [Q8] FAQ count: 5 (expected >=5)
OK [Q9] sources URL count: 3 (expected >=3)
OK [Q10] keyFacts rows: 9 (expected >=9)
XX [Q11] title keywords in body: 3/4 (expected 4/4)
     missing in body: 소득 2억
OK [Q12] speculation words ban: none (expected 0)
OK [Q13] slug ASCII: newborn-special-loan (expected a-z 0-9 - _)

Pass rate: 11/13 = 85%
PASS

==================================================
[newlywed-housing-support] 신혼부부 주거지원 행복주택 자격과 디딤돌 한도, 자산기준까지
==================================================
OK [Q1] QA cards count: 7 (expected >=7)
OK [Q2] intro 200 chars: 7/7 (expected 7/7)
OK [Q3] visual element per QA: 7/7 (expected 7/7)
OK [Q4] tables total: 4 (expected >=2)
OK [Q5] boxes total: 3 (expected >=3)
OK [Q6] highlights total: 43 (expected >=15)
OK [Q7] sourceNote ratio: 7/7 (expected >=4/7)
OK [Q8] FAQ count: 5 (expected >=5)
OK [Q9] sources URL count: 3 (expected >=3)
XX [Q10] keyFacts rows: 8 (expected >=9)
XX [Q11] title keywords in body: no titleKeywords (expected titleKeywords defined)
     add titleKeywords field to policy data
OK [Q12] speculation words ban: none (expected 0)
OK [Q13] slug ASCII: newlywed-housing-support (expected a-z 0-9 - _)

Pass rate: 11/13 = 85%
PASS

==================================================
[newspaper-internet-news-business-registration] 신문 인터넷신문 사업등록 정관과 인쇄사신고필증으로 시도 수수료없이 20일 만에 받는 법
==================================================
OK [Q1] QA cards count: 7 (expected >=7)
OK [Q2] intro 200 chars: 7/7 (expected 7/7)
OK [Q3] visual element per QA: 7/7 (expected 7/7)
OK [Q4] tables total: 2 (expected >=2)
OK [Q5] boxes total: 7 (expected >=3)
OK [Q6] highlights total: 28 (expected >=15)
OK [Q7] sourceNote ratio: 5/7 (expected >=4/7)
OK [Q8] FAQ count: 5 (expected >=5)
OK [Q9] sources URL count: 3 (expected >=3)
OK [Q10] keyFacts rows: 9 (expected >=9)
OK [Q11] title keywords in body: 4/4 (expected 4/4)
OK [Q12] speculation words ban: none (expected 0)
OK [Q13] slug ASCII: newspaper-internet-news-business-registration (expected a-z 0-9 - _)

Pass rate: 13/13 = 100%
PASS

==================================================
[no-refund-life-insurance-guide] 무해지환급형 보험이 왜 더 저렴한가요? 가입 전 꼭 확인할 점
==================================================
OK [Q1] QA cards count: 7 (expected >=7)
OK [Q2] intro 200 chars: 7/7 (expected 7/7)
OK [Q3] visual element per QA: 7/7 (expected 7/7)
OK [Q4] tables total: 2 (expected >=2)
OK [Q5] boxes total: 5 (expected >=3)
OK [Q6] highlights total: 28 (expected >=15)
OK [Q7] sourceNote ratio: 7/7 (expected >=4/7)
OK [Q8] FAQ count: 5 (expected >=5)
OK [Q9] sources URL count: 4 (expected >=3)
XX [Q10] keyFacts rows: 6 (expected >=9)
XX [Q11] title keywords in body: 1/4 (expected 4/4)
     missing in body: 저해지환급형 보험료, 중도해지 환급금 없음, 해지환급금 구조
OK [Q12] speculation words ban: none (expected 0)
OK [Q13] slug ASCII: no-refund-life-insurance-guide (expected a-z 0-9 - _)

Pass rate: 11/13 = 85%
PASS

==================================================
[noise-meter-rental] 층간소음 측정기 무료대여 신청방법, 측정 후 어떤 조치 받나요?
==================================================
OK [Q1] QA cards count: 7 (expected >=7)
OK [Q2] intro 200 chars: 7/7 (expected 7/7)
OK [Q3] visual element per QA: 7/7 (expected 7/7)
OK [Q4] tables total: 2 (expected >=2)
OK [Q5] boxes total: 5 (expected >=3)
OK [Q6] highlights total: 30 (expected >=15)
OK [Q7] sourceNote ratio: 7/7 (expected >=4/7)
OK [Q8] FAQ count: 5 (expected >=5)
OK [Q9] sources URL count: 3 (expected >=3)
XX [Q10] keyFacts rows: 7 (expected >=9)
XX [Q11] title keywords in body: no titleKeywords (expected titleKeywords defined)
     add titleKeywords field to policy data
OK [Q12] speculation words ban: none (expected 0)
OK [Q13] slug ASCII: noise-meter-rental (expected a-z 0-9 - _)

Pass rate: 11/13 = 85%
PASS

==================================================
[noise-vibration-facility-permit] 소음진동배출시설 설치허가 신고 설치명세서로 시군구 조례수수료 5일 만에 받는 법
==================================================
OK [Q1] QA cards count: 7 (expected >=7)
OK [Q2] intro 200 chars: 7/7 (expected 7/7)
OK [Q3] visual element per QA: 7/7 (expected 7/7)
OK [Q4] tables total: 2 (expected >=2)
OK [Q5] boxes total: 7 (expected >=3)
OK [Q6] highlights total: 28 (expected >=15)
OK [Q7] sourceNote ratio: 4/7 (expected >=4/7)
OK [Q8] FAQ count: 5 (expected >=5)
OK [Q9] sources URL count: 3 (expected >=3)
OK [Q10] keyFacts rows: 9 (expected >=9)
OK [Q11] title keywords in body: 4/4 (expected 4/4)
OK [Q12] speculation words ban: none (expected 0)
OK [Q13] slug ASCII: noise-vibration-facility-permit (expected a-z 0-9 - _)

Pass rate: 13/13 = 100%
PASS

==================================================
[nonprofit-corporation-establishment-permit] 비영리법인 설립허가 정관과 재산목록 갖춰 주무관청에 수수료 없이 14일 만에 신청하는 법
==================================================
OK [Q1] QA cards count: 7 (expected >=7)
OK [Q2] intro 200 chars: 7/7 (expected 7/7)
OK [Q3] visual element per QA: 7/7 (expected 7/7)
OK [Q4] tables total: 2 (expected >=2)
OK [Q5] boxes total: 7 (expected >=3)
OK [Q6] highlights total: 28 (expected >=15)
OK [Q7] sourceNote ratio: 5/7 (expected >=4/7)
OK [Q8] FAQ count: 5 (expected >=5)
OK [Q9] sources URL count: 3 (expected >=3)
OK [Q10] keyFacts rows: 9 (expected >=9)
OK [Q11] title keywords in body: 4/4 (expected 4/4)
OK [Q12] speculation words ban: none (expected 0)
OK [Q13] slug ASCII: nonprofit-corporation-establishment-permit (expected a-z 0-9 - _)

Pass rate: 13/13 = 100%
PASS

==================================================
[noran-umbrella] 노란우산공제 납입한도 확대, 2026년 7월부터 연 1,800만원 자유납입
==================================================
OK [Q1] QA cards count: 8 (expected >=7)
OK [Q2] intro 200 chars: 8/8 (expected 8/8)
OK [Q3] visual element per QA: 8/8 (expected 8/8)
OK [Q4] tables total: 2 (expected >=2)
OK [Q5] boxes total: 6 (expected >=3)
OK [Q6] highlights total: 32 (expected >=15)
XX [Q7] sourceNote ratio: 0/8 (expected >=4/8)
OK [Q8] FAQ count: 5 (expected >=5)
OK [Q9] sources URL count: 4 (expected >=3)
OK [Q10] keyFacts rows: 9 (expected >=9)
XX [Q11] title keywords in body: 2/4 (expected 4/4)
     missing in body: 월 150만원, 소득공제 600만원
OK [Q12] speculation words ban: none (expected 0)
OK [Q13] slug ASCII: noran-umbrella (expected a-z 0-9 - _)

Pass rate: 11/13 = 85%
PASS

==================================================
[nursing-assistant-certificate-issuance] 간호조무사 자격증 발급 이수증명서로 신규 30일 재발급 5일 만에 받는 법
==================================================
OK [Q1] QA cards count: 7 (expected >=7)
OK [Q2] intro 200 chars: 7/7 (expected 7/7)
OK [Q3] visual element per QA: 7/7 (expected 7/7)
OK [Q4] tables total: 2 (expected >=2)
OK [Q5] boxes total: 7 (expected >=3)
OK [Q6] highlights total: 29 (expected >=15)
OK [Q7] sourceNote ratio: 5/7 (expected >=4/7)
OK [Q8] FAQ count: 5 (expected >=5)
OK [Q9] sources URL count: 3 (expected >=3)
OK [Q10] keyFacts rows: 9 (expected >=9)
OK [Q11] title keywords in body: 4/4 (expected 4/4)
OK [Q12] speculation words ban: none (expected 0)
OK [Q13] slug ASCII: nursing-assistant-certificate-issuance (expected a-z 0-9 - _)

Pass rate: 13/13 = 100%
PASS

==================================================
[nursing-facility-insurance] 요양원 요양병원 비용, 실비보험으로 얼마나 보장되나요?
==================================================
OK [Q1] QA cards count: 7 (expected >=7)
OK [Q2] intro 200 chars: 7/7 (expected 7/7)
OK [Q3] visual element per QA: 7/7 (expected 7/7)
OK [Q4] tables total: 4 (expected >=2)
OK [Q5] boxes total: 5 (expected >=3)
OK [Q6] highlights total: 28 (expected >=15)
OK [Q7] sourceNote ratio: 7/7 (expected >=4/7)
OK [Q8] FAQ count: 5 (expected >=5)
OK [Q9] sources URL count: 3 (expected >=3)
OK [Q10] keyFacts rows: 9 (expected >=9)
XX [Q11] title keywords in body: 0/4 (expected 4/4)
     missing in body: 요양원 비용 실비보험, 요양병원 간병비 보장, 장기요양 본인부담률, 요양병원 실손보험 안됨
OK [Q12] speculation words ban: none (expected 0)
OK [Q13] slug ASCII: nursing-facility-insurance (expected a-z 0-9 - _)

Pass rate: 12/13 = 92%
PASS

==================================================
[nutrition-plus] 영양플러스 식품패키지와 영양교육, 지원기간은 얼마나 되나요?
==================================================
OK [Q1] QA cards count: 8 (expected >=7)
OK [Q2] intro 200 chars: 8/8 (expected 8/8)
OK [Q3] visual element per QA: 8/8 (expected 8/8)
OK [Q4] tables total: 3 (expected >=2)
OK [Q5] boxes total: 5 (expected >=3)
OK [Q6] highlights total: 32 (expected >=15)
OK [Q7] sourceNote ratio: 8/8 (expected >=4/8)
OK [Q8] FAQ count: 5 (expected >=5)
OK [Q9] sources URL count: 4 (expected >=3)
OK [Q10] keyFacts rows: 9 (expected >=9)
OK [Q11] title keywords in body: 4/4 (expected 4/4)
OK [Q12] speculation words ban: none (expected 0)
OK [Q13] slug ASCII: nutrition-plus (expected a-z 0-9 - _)

Pass rate: 13/13 = 100%
PASS

==================================================
[officetel-purchase-loan] 오피스텔구입자금대출 소득별 2.6~3.1% 신청하고 다자녀 우대받는 법
==================================================
OK [Q1] QA cards count: 7 (expected >=7)
OK [Q2] intro 200 chars: 7/7 (expected 7/7)
OK [Q3] visual element per QA: 7/7 (expected 7/7)
OK [Q4] tables total: 2 (expected >=2)
OK [Q5] boxes total: 5 (expected >=3)
OK [Q6] highlights total: 28 (expected >=15)
OK [Q7] sourceNote ratio: 5/7 (expected >=4/7)
OK [Q8] FAQ count: 5 (expected >=5)
OK [Q9] sources URL count: 3 (expected >=3)
OK [Q10] keyFacts rows: 9 (expected >=9)
OK [Q11] title keywords in body: 4/4 (expected 4/4)
OK [Q12] speculation words ban: none (expected 0)
OK [Q13] slug ASCII: officetel-purchase-loan (expected a-z 0-9 - _)

Pass rate: 13/13 = 100%
PASS

==================================================
[old-age-pension] 노령연금 몇 살부터 받는지 조회하고 예상연금액 계산하는 법
==================================================
OK [Q1] QA cards count: 7 (expected >=7)
OK [Q2] intro 200 chars: 7/7 (expected 7/7)
OK [Q3] visual element per QA: 7/7 (expected 7/7)
OK [Q4] tables total: 2 (expected >=2)
OK [Q5] boxes total: 5 (expected >=3)
OK [Q6] highlights total: 28 (expected >=15)
OK [Q7] sourceNote ratio: 5/7 (expected >=4/7)
OK [Q8] FAQ count: 5 (expected >=5)
OK [Q9] sources URL count: 3 (expected >=3)
XX [Q10] keyFacts rows: 7 (expected >=9)
OK [Q11] title keywords in body: 4/4 (expected 4/4)
OK [Q12] speculation words ban: none (expected 0)
OK [Q13] slug ASCII: old-age-pension (expected a-z 0-9 - _)

Pass rate: 12/13 = 92%
PASS

==================================================
[online-mail-order-business-change] 통신판매업 변경신고 상호 주소 변경 시 신고증 원본으로 3일 만에 신청하는 법
==================================================
OK [Q1] QA cards count: 7 (expected >=7)
OK [Q2] intro 200 chars: 7/7 (expected 7/7)
OK [Q3] visual element per QA: 7/7 (expected 7/7)
OK [Q4] tables total: 2 (expected >=2)
OK [Q5] boxes total: 7 (expected >=3)
OK [Q6] highlights total: 28 (expected >=15)
OK [Q7] sourceNote ratio: 4/7 (expected >=4/7)
OK [Q8] FAQ count: 5 (expected >=5)
OK [Q9] sources URL count: 3 (expected >=3)
OK [Q10] keyFacts rows: 9 (expected >=9)
OK [Q11] title keywords in body: 4/4 (expected 4/4)
OK [Q12] speculation words ban: none (expected 0)
OK [Q13] slug ASCII: online-mail-order-business-change (expected a-z 0-9 - _)

Pass rate: 13/13 = 100%
PASS

==================================================
[online-mail-order-business-closure] 통신판매업 휴폐업신고 신고증 원본으로 시군구에 3일 만에 신고하는 법
==================================================
OK [Q1] QA cards count: 7 (expected >=7)
OK [Q2] intro 200 chars: 7/7 (expected 7/7)
OK [Q3] visual element per QA: 7/7 (expected 7/7)
OK [Q4] tables total: 2 (expected >=2)
OK [Q5] boxes total: 7 (expected >=3)
OK [Q6] highlights total: 28 (expected >=15)
OK [Q7] sourceNote ratio: 4/7 (expected >=4/7)
OK [Q8] FAQ count: 5 (expected >=5)
OK [Q9] sources URL count: 3 (expected >=3)
OK [Q10] keyFacts rows: 9 (expected >=9)
OK [Q11] title keywords in body: 4/4 (expected 4/4)
OK [Q12] speculation words ban: none (expected 0)
OK [Q13] slug ASCII: online-mail-order-business-closure (expected a-z 0-9 - _)

Pass rate: 13/13 = 100%
PASS

==================================================
[online-mail-order-business-registration] 통신판매업신고 구매안전서비스 확인증으로 시군구에 3일 만에 신청하는 법
==================================================
OK [Q1] QA cards count: 7 (expected >=7)
OK [Q2] intro 200 chars: 7/7 (expected 7/7)
OK [Q3] visual element per QA: 7/7 (expected 7/7)
OK [Q4] tables total: 2 (expected >=2)
OK [Q5] boxes total: 7 (expected >=3)
OK [Q6] highlights total: 28 (expected >=15)
OK [Q7] sourceNote ratio: 4/7 (expected >=4/7)
OK [Q8] FAQ count: 5 (expected >=5)
OK [Q9] sources URL count: 3 (expected >=3)
OK [Q10] keyFacts rows: 9 (expected >=9)
OK [Q11] title keywords in body: 4/4 (expected 4/4)
OK [Q12] speculation words ban: none (expected 0)
OK [Q13] slug ASCII: online-mail-order-business-registration (expected a-z 0-9 - _)

Pass rate: 13/13 = 100%
PASS

==================================================
[online-mail-order-certificate-reissue] 통신판매업 신고증 재발급 신분증만 있으면 시군구에서 즉시 받는 법
==================================================
OK [Q1] QA cards count: 7 (expected >=7)
OK [Q2] intro 200 chars: 7/7 (expected 7/7)
OK [Q3] visual element per QA: 7/7 (expected 7/7)
OK [Q4] tables total: 2 (expected >=2)
OK [Q5] boxes total: 7 (expected >=3)
OK [Q6] highlights total: 28 (expected >=15)
OK [Q7] sourceNote ratio: 5/7 (expected >=4/7)
OK [Q8] FAQ count: 5 (expected >=5)
OK [Q9] sources URL count: 3 (expected >=3)
OK [Q10] keyFacts rows: 9 (expected >=9)
OK [Q11] title keywords in body: 4/4 (expected 4/4)
OK [Q12] speculation words ban: none (expected 0)
OK [Q13] slug ASCII: online-mail-order-certificate-reissue (expected a-z 0-9 - _)

Pass rate: 13/13 = 100%
PASS

==================================================
[optical-shop-opening-registration] 안경업소 개설등록 시설장비개요서로 시군구에 3일 만에 신청하는 법
==================================================
OK [Q1] QA cards count: 7 (expected >=7)
OK [Q2] intro 200 chars: 7/7 (expected 7/7)
OK [Q3] visual element per QA: 7/7 (expected 7/7)
OK [Q4] tables total: 2 (expected >=2)
OK [Q5] boxes total: 7 (expected >=3)
OK [Q6] highlights total: 28 (expected >=15)
OK [Q7] sourceNote ratio: 5/7 (expected >=4/7)
OK [Q8] FAQ count: 5 (expected >=5)
OK [Q9] sources URL count: 3 (expected >=3)
OK [Q10] keyFacts rows: 9 (expected >=9)
OK [Q11] title keywords in body: 4/4 (expected 4/4)
OK [Q12] speculation words ban: none (expected 0)
OK [Q13] slug ASCII: optical-shop-opening-registration (expected a-z 0-9 - _)

Pass rate: 13/13 = 100%
PASS

==================================================
[out-of-home-teen] 가정 밖 청소년 지원 청소년쉼터 생활과 자립지원수당 연계까지
==================================================
OK [Q1] QA cards count: 8 (expected >=7)
OK [Q2] intro 200 chars: 8/8 (expected 8/8)
OK [Q3] visual element per QA: 8/8 (expected 8/8)
OK [Q4] tables total: 3 (expected >=2)
OK [Q5] boxes total: 5 (expected >=3)
OK [Q6] highlights total: 32 (expected >=15)
OK [Q7] sourceNote ratio: 8/8 (expected >=4/8)
OK [Q8] FAQ count: 5 (expected >=5)
OK [Q9] sources URL count: 4 (expected >=3)
OK [Q10] keyFacts rows: 9 (expected >=9)
OK [Q11] title keywords in body: 4/4 (expected 4/4)
OK [Q12] speculation words ban: none (expected 0)
OK [Q13] slug ASCII: out-of-home-teen (expected a-z 0-9 - _)

Pass rate: 13/13 = 100%
PASS

==================================================
[out-of-school-job] 학교 밖 청소년 자립·취업지원, 자격증 응시료도 지원되나요?
==================================================
OK [Q1] QA cards count: 8 (expected >=7)
OK [Q2] intro 200 chars: 8/8 (expected 8/8)
OK [Q3] visual element per QA: 8/8 (expected 8/8)
OK [Q4] tables total: 2 (expected >=2)
OK [Q5] boxes total: 6 (expected >=3)
OK [Q6] highlights total: 32 (expected >=15)
OK [Q7] sourceNote ratio: 8/8 (expected >=4/8)
OK [Q8] FAQ count: 5 (expected >=5)
OK [Q9] sources URL count: 4 (expected >=3)
OK [Q10] keyFacts rows: 9 (expected >=9)
OK [Q11] title keywords in body: 4/4 (expected 4/4)
OK [Q12] speculation words ban: none (expected 0)
OK [Q13] slug ASCII: out-of-school-job (expected a-z 0-9 - _)

Pass rate: 13/13 = 100%
PASS

==================================================
[out-of-school-teen] 학교 밖 청소년 지원 검정고시와 진로취업, 다른 지원 중복여부
==================================================
OK [Q1] QA cards count: 8 (expected >=7)
OK [Q2] intro 200 chars: 8/8 (expected 8/8)
OK [Q3] visual element per QA: 8/8 (expected 8/8)
OK [Q4] tables total: 2 (expected >=2)
OK [Q5] boxes total: 6 (expected >=3)
OK [Q6] highlights total: 32 (expected >=15)
OK [Q7] sourceNote ratio: 8/8 (expected >=4/8)
OK [Q8] FAQ count: 5 (expected >=5)
OK [Q9] sources URL count: 4 (expected >=3)
OK [Q10] keyFacts rows: 9 (expected >=9)
OK [Q11] title keywords in body: 4/4 (expected 4/4)
OK [Q12] speculation words ban: none (expected 0)
OK [Q13] slug ASCII: out-of-school-teen (expected a-z 0-9 - _)

Pass rate: 13/13 = 100%
PASS

==================================================
[outdoor-advertisement-extension] 간판 표시기간 연장허가 사용승락서와 현장사진으로 5일 만에 신청하는 법
==================================================
OK [Q1] QA cards count: 7 (expected >=7)
OK [Q2] intro 200 chars: 7/7 (expected 7/7)
OK [Q3] visual element per QA: 7/7 (expected 7/7)
OK [Q4] tables total: 2 (expected >=2)
OK [Q5] boxes total: 7 (expected >=3)
OK [Q6] highlights total: 28 (expected >=15)
OK [Q7] sourceNote ratio: 5/7 (expected >=4/7)
OK [Q8] FAQ count: 5 (expected >=5)
OK [Q9] sources URL count: 3 (expected >=3)
OK [Q10] keyFacts rows: 9 (expected >=9)
OK [Q11] title keywords in body: 4/4 (expected 4/4)
OK [Q12] speculation words ban: none (expected 0)
OK [Q13] slug ASCII: outdoor-advertisement-extension (expected a-z 0-9 - _)

Pass rate: 13/13 = 100%
PASS

==================================================
[outdoor-advertisement-permit] 가게 간판 옥외광고물 허가신고 사용승락서로 5일 만에 신청하는 법
==================================================
OK [Q1] QA cards count: 7 (expected >=7)
OK [Q2] intro 200 chars: 7/7 (expected 7/7)
OK [Q3] visual element per QA: 7/7 (expected 7/7)
OK [Q4] tables total: 2 (expected >=2)
OK [Q5] boxes total: 7 (expected >=3)
OK [Q6] highlights total: 28 (expected >=15)
OK [Q7] sourceNote ratio: 4/7 (expected >=4/7)
OK [Q8] FAQ count: 5 (expected >=5)
OK [Q9] sources URL count: 3 (expected >=3)
OK [Q10] keyFacts rows: 9 (expected >=9)
OK [Q11] title keywords in body: 4/4 (expected 4/4)
OK [Q12] speculation words ban: none (expected 0)
OK [Q13] slug ASCII: outdoor-advertisement-permit (expected a-z 0-9 - _)

Pass rate: 13/13 = 100%
PASS

==================================================
[outdoor-advertisement-safety-inspection] 옥외광고물 안전점검 신청 설계도서로 시군구에 사례별수수료 7일 만에 받는 법
==================================================
OK [Q1] QA cards count: 7 (expected >=7)
OK [Q2] intro 200 chars: 7/7 (expected 7/7)
OK [Q3] visual element per QA: 7/7 (expected 7/7)
OK [Q4] tables total: 2 (expected >=2)
OK [Q5] boxes total: 7 (expected >=3)
OK [Q6] highlights total: 28 (expected >=15)
OK [Q7] sourceNote ratio: 6/7 (expected >=4/7)
OK [Q8] FAQ count: 5 (expected >=5)
OK [Q9] sources URL count: 3 (expected >=3)
OK [Q10] keyFacts rows: 9 (expected >=9)
OK [Q11] title keywords in body: 4/4 (expected 4/4)
OK [Q12] speculation words ban: none (expected 0)
OK [Q13] slug ASCII: outdoor-advertisement-safety-inspection (expected a-z 0-9 - _)

Pass rate: 13/13 = 100%
PASS

==================================================
[outdoor-advertising-business-registration] 옥외광고업 신규등록 기술능력증명서와 교육이수서로 시군구 조례수수료 7일 만에 받는 법
==================================================
OK [Q1] QA cards count: 7 (expected >=7)
OK [Q2] intro 200 chars: 7/7 (expected 7/7)
OK [Q3] visual element per QA: 7/7 (expected 7/7)
OK [Q4] tables total: 2 (expected >=2)
OK [Q5] boxes total: 7 (expected >=3)
OK [Q6] highlights total: 28 (expected >=15)
OK [Q7] sourceNote ratio: 4/7 (expected >=4/7)
OK [Q8] FAQ count: 5 (expected >=5)
OK [Q9] sources URL count: 3 (expected >=3)
OK [Q10] keyFacts rows: 9 (expected >=9)
OK [Q11] title keywords in body: 4/4 (expected 4/4)
OK [Q12] speculation words ban: none (expected 0)
OK [Q13] slug ASCII: outdoor-advertising-business-registration (expected a-z 0-9 - _)

Pass rate: 13/13 = 100%
PASS

==================================================
[outdoor-assembly-report] 옥외집회 신고 시작 48시간 전까지 관할 경찰서에 접수하는 법
==================================================
OK [Q1] QA cards count: 7 (expected >=7)
OK [Q2] intro 200 chars: 7/7 (expected 7/7)
OK [Q3] visual element per QA: 7/7 (expected 7/7)
OK [Q4] tables total: 2 (expected >=2)
OK [Q5] boxes total: 7 (expected >=3)
OK [Q6] highlights total: 28 (expected >=15)
OK [Q7] sourceNote ratio: 4/7 (expected >=4/7)
OK [Q8] FAQ count: 5 (expected >=5)
OK [Q9] sources URL count: 3 (expected >=3)
OK [Q10] keyFacts rows: 9 (expected >=9)
OK [Q11] title keywords in body: 4/4 (expected 4/4)
OK [Q12] speculation words ban: none (expected 0)
OK [Q13] slug ASCII: outdoor-assembly-report (expected a-z 0-9 - _)

Pass rate: 13/13 = 100%
PASS

==================================================
[outdoor-assembly-withdrawal-report] 옥외집회 시위 철회신고 개최 24시간 전 경찰서에 수수료없이 즉시 3시간 만에 하는 법
==================================================
OK [Q1] QA cards count: 7 (expected >=7)
OK [Q2] intro 200 chars: 7/7 (expected 7/7)
OK [Q3] visual element per QA: 7/7 (expected 7/7)
OK [Q4] tables total: 2 (expected >=2)
OK [Q5] boxes total: 7 (expected >=3)
OK [Q6] highlights total: 28 (expected >=15)
OK [Q7] sourceNote ratio: 5/7 (expected >=4/7)
OK [Q8] FAQ count: 5 (expected >=5)
OK [Q9] sources URL count: 3 (expected >=3)
OK [Q10] keyFacts rows: 9 (expected >=9)
OK [Q11] title keywords in body: 4/4 (expected 4/4)
OK [Q12] speculation words ban: none (expected 0)
OK [Q13] slug ASCII: outdoor-assembly-withdrawal-report (expected a-z 0-9 - _)

Pass rate: 13/13 = 100%
PASS

==================================================
[overseas-emigration-report] 해외이주신고 여권과 영주권 서류로 재외동포청에 즉시 신고하는 법
==================================================
OK [Q1] QA cards count: 7 (expected >=7)
OK [Q2] intro 200 chars: 7/7 (expected 7/7)
OK [Q3] visual element per QA: 7/7 (expected 7/7)
OK [Q4] tables total: 2 (expected >=2)
OK [Q5] boxes total: 7 (expected >=3)
OK [Q6] highlights total: 28 (expected >=15)
OK [Q7] sourceNote ratio: 4/7 (expected >=4/7)
OK [Q8] FAQ count: 5 (expected >=5)
OK [Q9] sources URL count: 3 (expected >=3)
OK [Q10] keyFacts rows: 9 (expected >=9)
OK [Q11] title keywords in body: 4/4 (expected 4/4)
OK [Q12] speculation words ban: none (expected 0)
OK [Q13] slug ASCII: overseas-emigration-report (expected a-z 0-9 - _)

Pass rate: 13/13 = 100%
PASS

==================================================
[overseas-korean-registration] 재외국민등록 체류사증과 여권으로 재외공관에 3일 만에 신청하는 법
==================================================
OK [Q1] QA cards count: 7 (expected >=7)
OK [Q2] intro 200 chars: 7/7 (expected 7/7)
OK [Q3] visual element per QA: 7/7 (expected 7/7)
OK [Q4] tables total: 2 (expected >=2)
OK [Q5] boxes total: 7 (expected >=3)
OK [Q6] highlights total: 28 (expected >=15)
OK [Q7] sourceNote ratio: 5/7 (expected >=4/7)
OK [Q8] FAQ count: 5 (expected >=5)
OK [Q9] sources URL count: 3 (expected >=3)
OK [Q10] keyFacts rows: 9 (expected >=9)
OK [Q11] title keywords in body: 4/4 (expected 4/4)
OK [Q12] speculation words ban: none (expected 0)
OK [Q13] slug ASCII: overseas-korean-registration (expected a-z 0-9 - _)

Pass rate: 13/13 = 100%
PASS

==================================================
[overseas-residence-report] 국외이주신고 주민등록증만 있으면 읍면동에서 즉시 신고하는 법
==================================================
OK [Q1] QA cards count: 7 (expected >=7)
OK [Q2] intro 200 chars: 7/7 (expected 7/7)
OK [Q3] visual element per QA: 7/7 (expected 7/7)
OK [Q4] tables total: 2 (expected >=2)
OK [Q5] boxes total: 7 (expected >=3)
OK [Q6] highlights total: 28 (expected >=15)
OK [Q7] sourceNote ratio: 5/7 (expected >=4/7)
OK [Q8] FAQ count: 5 (expected >=5)
OK [Q9] sources URL count: 3 (expected >=3)
OK [Q10] keyFacts rows: 9 (expected >=9)
OK [Q11] title keywords in body: 4/4 (expected 4/4)
OK [Q12] speculation words ban: none (expected 0)
OK [Q13] slug ASCII: overseas-residence-report (expected a-z 0-9 - _)

Pass rate: 13/13 = 100%
PASS

==================================================
[overseas-trading-partner-code-registration] 해외거래처부호등록 송품장으로 세관에 수수료없이 1일 만에 받는 법
==================================================
OK [Q1] QA cards count: 7 (expected >=7)
OK [Q2] intro 200 chars: 7/7 (expected 7/7)
OK [Q3] visual element per QA: 7/7 (expected 7/7)
OK [Q4] tables total: 2 (expected >=2)
OK [Q5] boxes total: 7 (expected >=3)
OK [Q6] highlights total: 28 (expected >=15)
OK [Q7] sourceNote ratio: 5/7 (expected >=4/7)
OK [Q8] FAQ count: 5 (expected >=5)
OK [Q9] sources URL count: 3 (expected >=3)
OK [Q10] keyFacts rows: 9 (expected >=9)
OK [Q11] title keywords in body: 4/4 (expected 4/4)
OK [Q12] speculation words ban: none (expected 0)
OK [Q13] slug ASCII: overseas-trading-partner-code-registration (expected a-z 0-9 - _)

Pass rate: 13/13 = 100%
PASS

==================================================
[paid-job-placement-agency-registration] 유료직업소개소 등록 종사자명부와 보증보험으로 시군구에 3만원 15일 만에 신청하는 법
==================================================
OK [Q1] QA cards count: 7 (expected >=7)
OK [Q2] intro 200 chars: 7/7 (expected 7/7)
OK [Q3] visual element per QA: 7/7 (expected 7/7)
OK [Q4] tables total: 2 (expected >=2)
OK [Q5] boxes total: 7 (expected >=3)
OK [Q6] highlights total: 28 (expected >=15)
OK [Q7] sourceNote ratio: 5/7 (expected >=4/7)
OK [Q8] FAQ count: 5 (expected >=5)
OK [Q9] sources URL count: 3 (expected >=3)
OK [Q10] keyFacts rows: 9 (expected >=9)
OK [Q11] title keywords in body: 4/4 (expected 4/4)
OK [Q12] speculation words ban: none (expected 0)
OK [Q13] slug ASCII: paid-job-placement-agency-registration (expected a-z 0-9 - _)

Pass rate: 13/13 = 100%
PASS

==================================================
[parent-allowance] 부모급여 지급일과 신청방법, 어린이집 이용하면 어떻게 되나요?
==================================================
OK [Q1] QA cards count: 7 (expected >=7)
OK [Q2] intro 200 chars: 7/7 (expected 7/7)
OK [Q3] visual element per QA: 7/7 (expected 7/7)
OK [Q4] tables total: 3 (expected >=2)
OK [Q5] boxes total: 7 (expected >=3)
OK [Q6] highlights total: 17 (expected >=15)
OK [Q7] sourceNote ratio: 7/7 (expected >=4/7)
OK [Q8] FAQ count: 5 (expected >=5)
OK [Q9] sources URL count: 3 (expected >=3)
OK [Q10] keyFacts rows: 9 (expected >=9)
OK [Q11] title keywords in body: 1/1 (expected 1/1)
OK [Q12] speculation words ban: none (expected 0)
OK [Q13] slug ASCII: parent-allowance (expected a-z 0-9 - _)

Pass rate: 13/13 = 100%
PASS

==================================================
[parental-leave-pay] 육아휴직급여 6+6 부모육아휴직과 휴직기간, 신청방법까지
==================================================
OK [Q1] QA cards count: 8 (expected >=7)
OK [Q2] intro 200 chars: 8/8 (expected 8/8)
OK [Q3] visual element per QA: 8/8 (expected 8/8)
OK [Q4] tables total: 3 (expected >=2)
OK [Q5] boxes total: 5 (expected >=3)
OK [Q6] highlights total: 32 (expected >=15)
OK [Q7] sourceNote ratio: 8/8 (expected >=4/8)
OK [Q8] FAQ count: 5 (expected >=5)
OK [Q9] sources URL count: 4 (expected >=3)
OK [Q10] keyFacts rows: 9 (expected >=9)
OK [Q11] title keywords in body: 4/4 (expected 4/4)
OK [Q12] speculation words ban: none (expected 0)
OK [Q13] slug ASCII: parental-leave-pay (expected a-z 0-9 - _)

Pass rate: 13/13 = 100%
PASS

==================================================
[parental-work-reduction-pay] 육아기 근로시간단축급여 단축기간과 신청방법, 육아휴직과 차이
==================================================
OK [Q1] QA cards count: 8 (expected >=7)
OK [Q2] intro 200 chars: 8/8 (expected 8/8)
OK [Q3] visual element per QA: 8/8 (expected 8/8)
OK [Q4] tables total: 4 (expected >=2)
OK [Q5] boxes total: 4 (expected >=3)
OK [Q6] highlights total: 32 (expected >=15)
OK [Q7] sourceNote ratio: 8/8 (expected >=4/8)
OK [Q8] FAQ count: 5 (expected >=5)
OK [Q9] sources URL count: 4 (expected >=3)
OK [Q10] keyFacts rows: 9 (expected >=9)
OK [Q11] title keywords in body: 4/4 (expected 4/4)
OK [Q12] speculation words ban: none (expected 0)
OK [Q13] slug ASCII: parental-work-reduction-pay (expected a-z 0-9 - _)

Pass rate: 13/13 = 100%
PASS

==================================================
[passenger-transport-license-reissue] 여객자동차 운수사업 면허증 재발급신청 훼손면허증으로 시군구 2000원 1일 만에 받는 법
==================================================
OK [Q1] QA cards count: 7 (expected >=7)
OK [Q2] intro 200 chars: 7/7 (expected 7/7)
OK [Q3] visual element per QA: 7/7 (expected 7/7)
OK [Q4] tables total: 2 (expected >=2)
OK [Q5] boxes total: 7 (expected >=3)
OK [Q6] highlights total: 28 (expected >=15)
OK [Q7] sourceNote ratio: 5/7 (expected >=4/7)
OK [Q8] FAQ count: 5 (expected >=5)
OK [Q9] sources URL count: 3 (expected >=3)
OK [Q10] keyFacts rows: 9 (expected >=9)
OK [Q11] title keywords in body: 4/4 (expected 4/4)
OK [Q12] speculation words ban: none (expected 0)
OK [Q13] slug ASCII: passenger-transport-license-reissue (expected a-z 0-9 - _)

Pass rate: 13/13 = 100%
PASS

==================================================
[passport-entry-change] 여권 구여권번호 출생지 기재 재외공관 인천공항서 5천원 신청하는 법
==================================================
OK [Q1] QA cards count: 7 (expected >=7)
OK [Q2] intro 200 chars: 7/7 (expected 7/7)
OK [Q3] visual element per QA: 7/7 (expected 7/7)
OK [Q4] tables total: 2 (expected >=2)
OK [Q5] boxes total: 7 (expected >=3)
OK [Q6] highlights total: 28 (expected >=15)
OK [Q7] sourceNote ratio: 5/7 (expected >=4/7)
OK [Q8] FAQ count: 5 (expected >=5)
OK [Q9] sources URL count: 3 (expected >=3)
OK [Q10] keyFacts rows: 9 (expected >=9)
OK [Q11] title keywords in body: 4/4 (expected 4/4)
OK [Q12] speculation words ban: none (expected 0)
OK [Q13] slug ASCII: passport-entry-change (expected a-z 0-9 - _)

Pass rate: 13/13 = 100%
PASS

==================================================
[passport-fact-certificate] 여권 사실증명 발급기록 실효확인 인터넷 무료로 즉시 받는 법
==================================================
OK [Q1] QA cards count: 7 (expected >=7)
OK [Q2] intro 200 chars: 7/7 (expected 7/7)
OK [Q3] visual element per QA: 7/7 (expected 7/7)
OK [Q4] tables total: 2 (expected >=2)
OK [Q5] boxes total: 7 (expected >=3)
OK [Q6] highlights total: 28 (expected >=15)
OK [Q7] sourceNote ratio: 5/7 (expected >=4/7)
OK [Q8] FAQ count: 5 (expected >=5)
OK [Q9] sources URL count: 3 (expected >=3)
OK [Q10] keyFacts rows: 9 (expected >=9)
OK [Q11] title keywords in body: 4/4 (expected 4/4)
OK [Q12] speculation words ban: none (expected 0)
OK [Q13] slug ASCII: passport-fact-certificate (expected a-z 0-9 - _)

Pass rate: 13/13 = 100%
PASS

==================================================
[passport-issuance] 여권 발급 수수료 확인하고 재발급은 정부24로 신청하는 법
==================================================
OK [Q1] QA cards count: 7 (expected >=7)
OK [Q2] intro 200 chars: 7/7 (expected 7/7)
OK [Q3] visual element per QA: 7/7 (expected 7/7)
OK [Q4] tables total: 2 (expected >=2)
OK [Q5] boxes total: 5 (expected >=3)
OK [Q6] highlights total: 28 (expected >=15)
OK [Q7] sourceNote ratio: 5/7 (expected >=4/7)
OK [Q8] FAQ count: 5 (expected >=5)
OK [Q9] sources URL count: 3 (expected >=3)
OK [Q10] keyFacts rows: 9 (expected >=9)
OK [Q11] title keywords in body: 4/4 (expected 4/4)
OK [Q12] speculation words ban: none (expected 0)
OK [Q13] slug ASCII: passport-issuance (expected a-z 0-9 - _)

Pass rate: 13/13 = 100%
PASS

==================================================
[passport-loss-report] 여권 분실 신고 신분증만으로 즉시 접수하는 법 취소는 불가능
==================================================
OK [Q1] QA cards count: 7 (expected >=7)
OK [Q2] intro 200 chars: 7/7 (expected 7/7)
OK [Q3] visual element per QA: 7/7 (expected 7/7)
OK [Q4] tables total: 2 (expected >=2)
OK [Q5] boxes total: 7 (expected >=3)
OK [Q6] highlights total: 28 (expected >=15)
OK [Q7] sourceNote ratio: 5/7 (expected >=4/7)
OK [Q8] FAQ count: 5 (expected >=5)
OK [Q9] sources URL count: 3 (expected >=3)
OK [Q10] keyFacts rows: 10 (expected >=9)
OK [Q11] title keywords in body: 4/4 (expected 4/4)
OK [Q12] speculation words ban: none (expected 0)
OK [Q13] slug ASCII: passport-loss-report (expected a-z 0-9 - _)

Pass rate: 13/13 = 100%
PASS

==================================================
[paternity-acknowledgment-report] 인지 친권자지정신고 혼인외 출생자를 친생자로 시읍면에 수수료 없이 신고하는 법
==================================================
OK [Q1] QA cards count: 7 (expected >=7)
OK [Q2] intro 200 chars: 7/7 (expected 7/7)
OK [Q3] visual element per QA: 7/7 (expected 7/7)
OK [Q4] tables total: 2 (expected >=2)
OK [Q5] boxes total: 7 (expected >=3)
OK [Q6] highlights total: 28 (expected >=15)
OK [Q7] sourceNote ratio: 6/7 (expected >=4/7)
OK [Q8] FAQ count: 5 (expected >=5)
OK [Q9] sources URL count: 3 (expected >=3)
OK [Q10] keyFacts rows: 9 (expected >=9)
OK [Q11] title keywords in body: 4/4 (expected 4/4)
OK [Q12] speculation words ban: none (expected 0)
OK [Q13] slug ASCII: paternity-acknowledgment-report (expected a-z 0-9 - _)

Pass rate: 13/13 = 100%
PASS

==================================================
[pc-cafe-business-registration] PC방 등록 임대차계약서와 시설개요서로 시군구에 조례수수료 3일 만에 받는 법
==================================================
OK [Q1] QA cards count: 7 (expected >=7)
OK [Q2] intro 200 chars: 7/7 (expected 7/7)
OK [Q3] visual element per QA: 7/7 (expected 7/7)
OK [Q4] tables total: 2 (expected >=2)
OK [Q5] boxes total: 7 (expected >=3)
OK [Q6] highlights total: 28 (expected >=15)
OK [Q7] sourceNote ratio: 5/7 (expected >=4/7)
OK [Q8] FAQ count: 5 (expected >=5)
OK [Q9] sources URL count: 3 (expected >=3)
OK [Q10] keyFacts rows: 9 (expected >=9)
OK [Q11] title keywords in body: 4/4 (expected 4/4)
OK [Q12] speculation words ban: none (expected 0)
OK [Q13] slug ASCII: pc-cafe-business-registration (expected a-z 0-9 - _)

Pass rate: 13/13 = 100%
PASS

==================================================
[personal-info-access-request] 내 개인정보 처리내역 신분증만 있으면 공공기관에 10일 만에 열람청구하는 법
==================================================
OK [Q1] QA cards count: 7 (expected >=7)
OK [Q2] intro 200 chars: 7/7 (expected 7/7)
OK [Q3] visual element per QA: 7/7 (expected 7/7)
OK [Q4] tables total: 2 (expected >=2)
OK [Q5] boxes total: 7 (expected >=3)
OK [Q6] highlights total: 28 (expected >=15)
OK [Q7] sourceNote ratio: 6/7 (expected >=4/7)
OK [Q8] FAQ count: 5 (expected >=5)
OK [Q9] sources URL count: 3 (expected >=3)
OK [Q10] keyFacts rows: 9 (expected >=9)
OK [Q11] title keywords in body: 4/4 (expected 4/4)
OK [Q12] speculation words ban: none (expected 0)
OK [Q13] slug ASCII: personal-info-access-request (expected a-z 0-9 - _)

Pass rate: 13/13 = 100%
PASS

==================================================
[pet-boarding-business-registration] 반려동물호텔 동물위탁관리업 등록 사업계획서로 시군구에 1만원 15일 만에 신청하는 법
==================================================
OK [Q1] QA cards count: 7 (expected >=7)
OK [Q2] intro 200 chars: 7/7 (expected 7/7)
OK [Q3] visual element per QA: 7/7 (expected 7/7)
OK [Q4] tables total: 2 (expected >=2)
OK [Q5] boxes total: 7 (expected >=3)
OK [Q6] highlights total: 28 (expected >=15)
OK [Q7] sourceNote ratio: 4/7 (expected >=4/7)
OK [Q8] FAQ count: 5 (expected >=5)
OK [Q9] sources URL count: 3 (expected >=3)
OK [Q10] keyFacts rows: 9 (expected >=9)
OK [Q11] title keywords in body: 4/4 (expected 4/4)
OK [Q12] speculation words ban: none (expected 0)
OK [Q13] slug ASCII: pet-boarding-business-registration (expected a-z 0-9 - _)

Pass rate: 13/13 = 100%
PASS

==================================================
[pet-funeral-business-status-report] 동물장묘업 휴업 폐업 재개업신고 허가증만으로 시군구에 수수료 없이 즉시 신고하는 법
==================================================
OK [Q1] QA cards count: 7 (expected >=7)
OK [Q2] intro 200 chars: 7/7 (expected 7/7)
OK [Q3] visual element per QA: 7/7 (expected 7/7)
OK [Q4] tables total: 2 (expected >=2)
OK [Q5] boxes total: 7 (expected >=3)
OK [Q6] highlights total: 28 (expected >=15)
OK [Q7] sourceNote ratio: 6/7 (expected >=4/7)
OK [Q8] FAQ count: 5 (expected >=5)
OK [Q9] sources URL count: 3 (expected >=3)
OK [Q10] keyFacts rows: 9 (expected >=9)
OK [Q11] title keywords in body: 4/4 (expected 4/4)
OK [Q12] speculation words ban: none (expected 0)
OK [Q13] slug ASCII: pet-funeral-business-status-report (expected a-z 0-9 - _)

Pass rate: 13/13 = 100%
PASS

==================================================
[pet-insurance-guide] 펫보험 가입해도 되나요? 진료비 40%가 병원비인데 보장 되나
==================================================
OK [Q1] QA cards count: 7 (expected >=7)
OK [Q2] intro 200 chars: 7/7 (expected 7/7)
OK [Q3] visual element per QA: 7/7 (expected 7/7)
OK [Q4] tables total: 2 (expected >=2)
OK [Q5] boxes total: 5 (expected >=3)
OK [Q6] highlights total: 28 (expected >=15)
OK [Q7] sourceNote ratio: 7/7 (expected >=4/7)
OK [Q8] FAQ count: 5 (expected >=5)
OK [Q9] sources URL count: 3 (expected >=3)
OK [Q10] keyFacts rows: 9 (expected >=9)
OK [Q11] title keywords in body: 4/4 (expected 4/4)
OK [Q12] speculation words ban: none (expected 0)
OK [Q13] slug ASCII: pet-insurance-guide (expected a-z 0-9 - _)

Pass rate: 13/13 = 100%
PASS

==================================================
[pet-registration] 반려견 동물등록 무선식별장치 1만원에 하고 미등록 과태료 피하는 법
==================================================
OK [Q1] QA cards count: 7 (expected >=7)
OK [Q2] intro 200 chars: 7/7 (expected 7/7)
OK [Q3] visual element per QA: 7/7 (expected 7/7)
OK [Q4] tables total: 3 (expected >=2)
OK [Q5] boxes total: 6 (expected >=3)
OK [Q6] highlights total: 28 (expected >=15)
OK [Q7] sourceNote ratio: 5/7 (expected >=4/7)
OK [Q8] FAQ count: 5 (expected >=5)
OK [Q9] sources URL count: 3 (expected >=3)
OK [Q10] keyFacts rows: 9 (expected >=9)
OK [Q11] title keywords in body: 4/4 (expected 4/4)
OK [Q12] speculation words ban: none (expected 0)
OK [Q13] slug ASCII: pet-registration (expected a-z 0-9 - _)

Pass rate: 13/13 = 100%
PASS

==================================================
[pharmaceutical-wholesale-permit] 의약품도매상허가 재무상태표와 기업진단서로 시도에 2만원 7일 만에 받는 법
==================================================
OK [Q1] QA cards count: 7 (expected >=7)
OK [Q2] intro 200 chars: 7/7 (expected 7/7)
OK [Q3] visual element per QA: 7/7 (expected 7/7)
OK [Q4] tables total: 2 (expected >=2)
OK [Q5] boxes total: 7 (expected >=3)
OK [Q6] highlights total: 28 (expected >=15)
OK [Q7] sourceNote ratio: 4/7 (expected >=4/7)
OK [Q8] FAQ count: 5 (expected >=5)
OK [Q9] sources URL count: 3 (expected >=3)
OK [Q10] keyFacts rows: 9 (expected >=9)
OK [Q11] title keywords in body: 4/4 (expected 4/4)
OK [Q12] speculation words ban: none (expected 0)
OK [Q13] slug ASCII: pharmaceutical-wholesale-permit (expected a-z 0-9 - _)

Pass rate: 13/13 = 100%
PASS

==================================================
[pharmacy-establishment-registration] 약국개설등록 면허증 제시만으로 시군구에 1만원 7일 만에 신청하는 법
==================================================
OK [Q1] QA cards count: 7 (expected >=7)
OK [Q2] intro 200 chars: 7/7 (expected 7/7)
OK [Q3] visual element per QA: 7/7 (expected 7/7)
OK [Q4] tables total: 2 (expected >=2)
OK [Q5] boxes total: 7 (expected >=3)
OK [Q6] highlights total: 28 (expected >=15)
OK [Q7] sourceNote ratio: 5/7 (expected >=4/7)
OK [Q8] FAQ count: 5 (expected >=5)
OK [Q9] sources URL count: 3 (expected >=3)
OK [Q10] keyFacts rows: 10 (expected >=9)
OK [Q11] title keywords in body: 4/4 (expected 4/4)
OK [Q12] speculation words ban: none (expected 0)
OK [Q13] slug ASCII: pharmacy-establishment-registration (expected a-z 0-9 - _)

Pass rate: 13/13 = 100%
PASS

==================================================
[platform-worker-insurance] 특고·플랫폼 종사자 고용보험 총정리, 적용 직종·월 보수 80만원 기준·실업급여
==================================================
OK [Q1] QA cards count: 7 (expected >=7)
OK [Q2] intro 200 chars: 7/7 (expected 7/7)
OK [Q3] visual element per QA: 7/7 (expected 7/7)
OK [Q4] tables total: 2 (expected >=2)
OK [Q5] boxes total: 7 (expected >=3)
OK [Q6] highlights total: 28 (expected >=15)
OK [Q7] sourceNote ratio: 4/7 (expected >=4/7)
OK [Q8] FAQ count: 5 (expected >=5)
OK [Q9] sources URL count: 3 (expected >=3)
OK [Q10] keyFacts rows: 9 (expected >=9)
OK [Q11] title keywords in body: 4/4 (expected 4/4)
OK [Q12] speculation words ban: none (expected 0)
OK [Q13] slug ASCII: platform-worker-insurance (expected a-z 0-9 - _)

Pass rate: 13/13 = 100%
PASS

==================================================
[platform-worker-leave-report] 특수형태근로종사자 산재보험 휴업신고 서류 없이 7일 만에 처리하는 법
==================================================
OK [Q1] QA cards count: 8 (expected >=7)
OK [Q2] intro 200 chars: 8/8 (expected 8/8)
OK [Q3] visual element per QA: 8/8 (expected 8/8)
OK [Q4] tables total: 2 (expected >=2)
OK [Q5] boxes total: 8 (expected >=3)
OK [Q6] highlights total: 32 (expected >=15)
OK [Q7] sourceNote ratio: 6/8 (expected >=4/8)
OK [Q8] FAQ count: 5 (expected >=5)
OK [Q9] sources URL count: 3 (expected >=3)
OK [Q10] keyFacts rows: 10 (expected >=9)
OK [Q11] title keywords in body: 4/4 (expected 4/4)
OK [Q12] speculation words ban: none (expected 0)
OK [Q13] slug ASCII: platform-worker-leave-report (expected a-z 0-9 - _)

Pass rate: 13/13 = 100%
PASS

==================================================
[port-transportation-business-registration] 항만운송사업등록 사업계획서로 시도 지방해양수산청에 1만원 5일 만에 받는 법
==================================================
OK [Q1] QA cards count: 7 (expected >=7)
OK [Q2] intro 200 chars: 7/7 (expected 7/7)
OK [Q3] visual element per QA: 7/7 (expected 7/7)
OK [Q4] tables total: 2 (expected >=2)
OK [Q5] boxes total: 7 (expected >=3)
OK [Q6] highlights total: 28 (expected >=15)
OK [Q7] sourceNote ratio: 6/7 (expected >=4/7)
OK [Q8] FAQ count: 5 (expected >=5)
OK [Q9] sources URL count: 3 (expected >=3)
OK [Q10] keyFacts rows: 9 (expected >=9)
OK [Q11] title keywords in body: 4/4 (expected 4/4)
OK [Q12] speculation words ban: none (expected 0)
OK [Q13] slug ASCII: port-transportation-business-registration (expected a-z 0-9 - _)

Pass rate: 13/13 = 100%
PASS

==================================================
[postal-insurance-fetus-registration] 우체국보험 태아등재, 22주 지나면 정말 못 하나요
==================================================
OK [Q1] QA cards count: 7 (expected >=7)
OK [Q2] intro 200 chars: 7/7 (expected 7/7)
OK [Q3] visual element per QA: 7/7 (expected 7/7)
OK [Q4] tables total: 2 (expected >=2)
OK [Q5] boxes total: 5 (expected >=3)
OK [Q6] highlights total: 28 (expected >=15)
OK [Q7] sourceNote ratio: 7/7 (expected >=4/7)
OK [Q8] FAQ count: 5 (expected >=5)
OK [Q9] sources URL count: 3 (expected >=3)
OK [Q10] keyFacts rows: 9 (expected >=9)
OK [Q11] title keywords in body: 4/4 (expected 4/4)
OK [Q12] speculation words ban: none (expected 0)
OK [Q13] slug ASCII: postal-insurance-fetus-registration (expected a-z 0-9 - _)

Pass rate: 13/13 = 100%
PASS

==================================================
[postpartum-care-center-report] 산후조리원 산후조리업 신고 건강진단서와 책임보험서류로 시군구 수수료없이 5일 만에 받는 법
==================================================
OK [Q1] QA cards count: 7 (expected >=7)
OK [Q2] intro 200 chars: 7/7 (expected 7/7)
OK [Q3] visual element per QA: 7/7 (expected 7/7)
OK [Q4] tables total: 2 (expected >=2)
OK [Q5] boxes total: 7 (expected >=3)
OK [Q6] highlights total: 28 (expected >=15)
OK [Q7] sourceNote ratio: 4/7 (expected >=4/7)
OK [Q8] FAQ count: 5 (expected >=5)
OK [Q9] sources URL count: 3 (expected >=3)
OK [Q10] keyFacts rows: 10 (expected >=9)
OK [Q11] title keywords in body: 4/4 (expected 4/4)
OK [Q12] speculation words ban: none (expected 0)
OK [Q13] slug ASCII: postpartum-care-center-report (expected a-z 0-9 - _)

Pass rate: 13/13 = 100%
PASS

==================================================
[pregnancy-medical-benefit] 임신·출산 진료비 지원 사용기간과 사용처, 다태아 추가금액까지
==================================================
OK [Q1] QA cards count: 7 (expected >=7)
OK [Q2] intro 200 chars: 7/7 (expected 7/7)
OK [Q3] visual element per QA: 7/7 (expected 7/7)
OK [Q4] tables total: 3 (expected >=2)
OK [Q5] boxes total: 4 (expected >=3)
OK [Q6] highlights total: 28 (expected >=15)
OK [Q7] sourceNote ratio: 7/7 (expected >=4/7)
OK [Q8] FAQ count: 5 (expected >=5)
OK [Q9] sources URL count: 4 (expected >=3)
OK [Q10] keyFacts rows: 9 (expected >=9)
OK [Q11] title keywords in body: 4/4 (expected 4/4)
OK [Q12] speculation words ban: none (expected 0)
OK [Q13] slug ASCII: pregnancy-medical-benefit (expected a-z 0-9 - _)

Pass rate: 13/13 = 100%
PASS

==================================================
[pregnancy-pre-health] 임신 사전건강관리 검사항목과 신청방법, 다른 지원과 중복여부
==================================================
OK [Q1] QA cards count: 8 (expected >=7)
OK [Q2] intro 200 chars: 8/8 (expected 8/8)
OK [Q3] visual element per QA: 8/8 (expected 8/8)
OK [Q4] tables total: 2 (expected >=2)
OK [Q5] boxes total: 6 (expected >=3)
OK [Q6] highlights total: 32 (expected >=15)
OK [Q7] sourceNote ratio: 8/8 (expected >=4/8)
OK [Q8] FAQ count: 5 (expected >=5)
OK [Q9] sources URL count: 4 (expected >=3)
OK [Q10] keyFacts rows: 9 (expected >=9)
OK [Q11] title keywords in body: 4/4 (expected 4/4)
OK [Q12] speculation words ban: none (expected 0)
OK [Q13] slug ASCII: pregnancy-pre-health (expected a-z 0-9 - _)

Pass rate: 13/13 = 100%
PASS

==================================================
[pregnant-eco-food] 임산부 친환경농산물 지원 24만원 꾸러미, 자부담 20% 신청방법
==================================================
OK [Q1] QA cards count: 8 (expected >=7)
OK [Q2] intro 200 chars: 8/8 (expected 8/8)
OK [Q3] visual element per QA: 8/8 (expected 8/8)
OK [Q4] tables total: 2 (expected >=2)
OK [Q5] boxes total: 7 (expected >=3)
OK [Q6] highlights total: 32 (expected >=15)
OK [Q7] sourceNote ratio: 4/8 (expected >=4/8)
OK [Q8] FAQ count: 5 (expected >=5)
OK [Q9] sources URL count: 3 (expected >=3)
OK [Q10] keyFacts rows: 9 (expected >=9)
OK [Q11] title keywords in body: 4/4 (expected 4/4)
OK [Q12] speculation words ban: none (expected 0)
OK [Q13] slug ASCII: pregnant-eco-food (expected a-z 0-9 - _)

Pass rate: 13/13 = 100%
PASS

==================================================
[preschool-tuition] 누리과정 유치원학비 신청방법, 어린이집 보육료 중복지원 안되나요?
==================================================
OK [Q1] QA cards count: 7 (expected >=7)
OK [Q2] intro 200 chars: 7/7 (expected 7/7)
OK [Q3] visual element per QA: 7/7 (expected 7/7)
OK [Q4] tables total: 7 (expected >=2)
OK [Q5] boxes total: 7 (expected >=3)
OK [Q6] highlights total: 23 (expected >=15)
XX [Q7] sourceNote ratio: 0/7 (expected >=4/7)
OK [Q8] FAQ count: 5 (expected >=5)
OK [Q9] sources URL count: 3 (expected >=3)
OK [Q10] keyFacts rows: 10 (expected >=9)
OK [Q11] title keywords in body: 4/4 (expected 4/4)
OK [Q12] speculation words ban: none (expected 0)
OK [Q13] slug ASCII: preschool-tuition (expected a-z 0-9 - _)

Pass rate: 12/13 = 92%
PASS

==================================================
[private-academy-establishment-registration] 학원설립 운영등록 시설평면도 갖춰 교육지원청에 10일 만에 신청하는 법
==================================================
OK [Q1] QA cards count: 7 (expected >=7)
OK [Q2] intro 200 chars: 7/7 (expected 7/7)
OK [Q3] visual element per QA: 7/7 (expected 7/7)
OK [Q4] tables total: 2 (expected >=2)
OK [Q5] boxes total: 7 (expected >=3)
OK [Q6] highlights total: 28 (expected >=15)
OK [Q7] sourceNote ratio: 4/7 (expected >=4/7)
OK [Q8] FAQ count: 5 (expected >=5)
OK [Q9] sources URL count: 3 (expected >=3)
OK [Q10] keyFacts rows: 9 (expected >=9)
OK [Q11] title keywords in body: 4/4 (expected 4/4)
OK [Q12] speculation words ban: none (expected 0)
OK [Q13] slug ASCII: private-academy-establishment-registration (expected a-z 0-9 - _)

Pass rate: 13/13 = 100%
PASS

==================================================
[private-taxi-license] 개인택시 면허 신청 택시운전자격증과 건강진단서로 시군구에 60일 만에 받는 법
==================================================
OK [Q1] QA cards count: 7 (expected >=7)
OK [Q2] intro 200 chars: 7/7 (expected 7/7)
OK [Q3] visual element per QA: 7/7 (expected 7/7)
OK [Q4] tables total: 2 (expected >=2)
OK [Q5] boxes total: 7 (expected >=3)
OK [Q6] highlights total: 28 (expected >=15)
OK [Q7] sourceNote ratio: 5/7 (expected >=4/7)
OK [Q8] FAQ count: 5 (expected >=5)
OK [Q9] sources URL count: 3 (expected >=3)
OK [Q10] keyFacts rows: 9 (expected >=9)
OK [Q11] title keywords in body: 4/4 (expected 4/4)
OK [Q12] speculation words ban: none (expected 0)
OK [Q13] slug ASCII: private-taxi-license (expected a-z 0-9 - _)

Pass rate: 13/13 = 100%
PASS

==================================================
[profit-sharing-mortgage] 수익공유형모기지 금리 1.8%로 신청하고 매각차익 나눠 갚는 법
==================================================
OK [Q1] QA cards count: 7 (expected >=7)
OK [Q2] intro 200 chars: 7/7 (expected 7/7)
OK [Q3] visual element per QA: 7/7 (expected 7/7)
OK [Q4] tables total: 3 (expected >=2)
OK [Q5] boxes total: 6 (expected >=3)
OK [Q6] highlights total: 28 (expected >=15)
OK [Q7] sourceNote ratio: 6/7 (expected >=4/7)
OK [Q8] FAQ count: 5 (expected >=5)
OK [Q9] sources URL count: 3 (expected >=3)
OK [Q10] keyFacts rows: 9 (expected >=9)
OK [Q11] title keywords in body: 4/4 (expected 4/4)
OK [Q12] speculation words ban: none (expected 0)
OK [Q13] slug ASCII: profit-sharing-mortgage (expected a-z 0-9 - _)

Pass rate: 13/13 = 100%
PASS

==================================================
[property-tax-installment] 재산세 분할납부 납부기한 안에 무료로 신청해 목돈부담 줄이는 법
==================================================
OK [Q1] QA cards count: 7 (expected >=7)
OK [Q2] intro 200 chars: 7/7 (expected 7/7)
OK [Q3] visual element per QA: 7/7 (expected 7/7)
OK [Q4] tables total: 2 (expected >=2)
OK [Q5] boxes total: 7 (expected >=3)
OK [Q6] highlights total: 28 (expected >=15)
OK [Q7] sourceNote ratio: 6/7 (expected >=4/7)
OK [Q8] FAQ count: 5 (expected >=5)
OK [Q9] sources URL count: 3 (expected >=3)
OK [Q10] keyFacts rows: 9 (expected >=9)
OK [Q11] title keywords in body: 4/4 (expected 4/4)
OK [Q12] speculation words ban: none (expected 0)
OK [Q13] slug ASCII: property-tax-installment (expected a-z 0-9 - _)

Pass rate: 13/13 = 100%
PASS

==================================================
[property-tax] 재산세 과세기준일과 1세대1주택 특례, 조회납부 방법까지
==================================================
OK [Q1] QA cards count: 8 (expected >=7)
OK [Q2] intro 200 chars: 8/8 (expected 8/8)
OK [Q3] visual element per QA: 8/8 (expected 8/8)
OK [Q4] tables total: 2 (expected >=2)
OK [Q5] boxes total: 6 (expected >=3)
OK [Q6] highlights total: 32 (expected >=15)
OK [Q7] sourceNote ratio: 8/8 (expected >=4/8)
OK [Q8] FAQ count: 5 (expected >=5)
OK [Q9] sources URL count: 4 (expected >=3)
OK [Q10] keyFacts rows: 9 (expected >=9)
XX [Q11] title keywords in body: 2/4 (expected 4/4)
     missing in body: 납부기간, 1세대1주택 특례
OK [Q12] speculation words ban: none (expected 0)
OK [Q13] slug ASCII: property-tax (expected a-z 0-9 - _)

Pass rate: 12/13 = 92%
PASS

==================================================
[protected-child-scholar] 보호대상아동 민간후원 장학사업, 인강만 받나요? 3년 후에도?
==================================================
OK [Q1] QA cards count: 7 (expected >=7)
OK [Q2] intro 200 chars: 7/7 (expected 7/7)
OK [Q3] visual element per QA: 7/7 (expected 7/7)
OK [Q4] tables total: 2 (expected >=2)
OK [Q5] boxes total: 5 (expected >=3)
OK [Q6] highlights total: 28 (expected >=15)
OK [Q7] sourceNote ratio: 7/7 (expected >=4/7)
OK [Q8] FAQ count: 5 (expected >=5)
OK [Q9] sources URL count: 4 (expected >=3)
OK [Q10] keyFacts rows: 9 (expected >=9)
OK [Q11] title keywords in body: 4/4 (expected 4/4)
OK [Q12] speculation words ban: none (expected 0)
OK [Q13] slug ASCII: protected-child-scholar (expected a-z 0-9 - _)

Pass rate: 13/13 = 100%
PASS

==================================================
[public-forest-manager] 공공산림관리단 (산림 관리 공공일자리)
==================================================
OK [Q1] QA cards count: 7 (expected >=7)
OK [Q2] intro 200 chars: 7/7 (expected 7/7)
OK [Q3] visual element per QA: 7/7 (expected 7/7)
OK [Q4] tables total: 2 (expected >=2)
OK [Q5] boxes total: 5 (expected >=3)
OK [Q6] highlights total: 34 (expected >=15)
OK [Q7] sourceNote ratio: 7/7 (expected >=4/7)
OK [Q8] FAQ count: 5 (expected >=5)
OK [Q9] sources URL count: 3 (expected >=3)
XX [Q10] keyFacts rows: 4 (expected >=9)
XX [Q11] title keywords in body: no titleKeywords (expected titleKeywords defined)
     add titleKeywords field to policy data
OK [Q12] speculation words ban: none (expected 0)
OK [Q13] slug ASCII: public-forest-manager (expected a-z 0-9 - _)

Pass rate: 11/13 = 85%
PASS

==================================================
[public-health-business-closure-report] 공중위생영업 폐업신고 세무서와 함께 폐업 후 20일 이내 수수료 없이 즉시 신고하는 법
==================================================
OK [Q1] QA cards count: 7 (expected >=7)
OK [Q2] intro 200 chars: 7/7 (expected 7/7)
OK [Q3] visual element per QA: 7/7 (expected 7/7)
OK [Q4] tables total: 2 (expected >=2)
OK [Q5] boxes total: 7 (expected >=3)
OK [Q6] highlights total: 28 (expected >=15)
OK [Q7] sourceNote ratio: 5/7 (expected >=4/7)
OK [Q8] FAQ count: 5 (expected >=5)
OK [Q9] sources URL count: 3 (expected >=3)
OK [Q10] keyFacts rows: 10 (expected >=9)
OK [Q11] title keywords in body: 4/4 (expected 4/4)
OK [Q12] speculation words ban: none (expected 0)
OK [Q13] slug ASCII: public-health-business-closure-report (expected a-z 0-9 - _)

Pass rate: 13/13 = 100%
PASS

==================================================
[public-health-business-report] 숙박업 미용업 세탁업 공중위생영업신고 시설개요서로 시군구에 수수료 없이 즉시 신고하는 법
==================================================
OK [Q1] QA cards count: 7 (expected >=7)
OK [Q2] intro 200 chars: 7/7 (expected 7/7)
OK [Q3] visual element per QA: 7/7 (expected 7/7)
OK [Q4] tables total: 2 (expected >=2)
OK [Q5] boxes total: 7 (expected >=3)
OK [Q6] highlights total: 28 (expected >=15)
OK [Q7] sourceNote ratio: 4/7 (expected >=4/7)
OK [Q8] FAQ count: 5 (expected >=5)
OK [Q9] sources URL count: 3 (expected >=3)
OK [Q10] keyFacts rows: 10 (expected >=9)
OK [Q11] title keywords in body: 4/4 (expected 4/4)
OK [Q12] speculation words ban: none (expected 0)
OK [Q13] slug ASCII: public-health-business-report (expected a-z 0-9 - _)

Pass rate: 13/13 = 100%
PASS

==================================================
[public-health-business-succession-report] 공중위생영업 지위승계신고 양도양수증명서로 시군구에 수수료 없이 즉시 신고하는 법
==================================================
OK [Q1] QA cards count: 7 (expected >=7)
OK [Q2] intro 200 chars: 7/7 (expected 7/7)
OK [Q3] visual element per QA: 7/7 (expected 7/7)
OK [Q4] tables total: 2 (expected >=2)
OK [Q5] boxes total: 7 (expected >=3)
OK [Q6] highlights total: 28 (expected >=15)
OK [Q7] sourceNote ratio: 5/7 (expected >=4/7)
OK [Q8] FAQ count: 5 (expected >=5)
OK [Q9] sources URL count: 3 (expected >=3)
OK [Q10] keyFacts rows: 9 (expected >=9)
OK [Q11] title keywords in body: 4/4 (expected 4/4)
OK [Q12] speculation words ban: none (expected 0)
OK [Q13] slug ASCII: public-health-business-succession-report (expected a-z 0-9 - _)

Pass rate: 13/13 = 100%
PASS

==================================================
[public-housing-asset-test] 공공임대주택 총자산 조회하고 자산심사 기준 확인하는 법
==================================================
OK [Q1] QA cards count: 9 (expected >=7)
OK [Q2] intro 200 chars: 9/9 (expected 9/9)
OK [Q3] visual element per QA: 9/9 (expected 9/9)
OK [Q4] tables total: 9 (expected >=2)
OK [Q5] boxes total: 6 (expected >=3)
OK [Q6] highlights total: 36 (expected >=15)
OK [Q7] sourceNote ratio: 9/9 (expected >=5/9)
OK [Q8] FAQ count: 5 (expected >=5)
OK [Q9] sources URL count: 3 (expected >=3)
OK [Q10] keyFacts rows: 9 (expected >=9)
OK [Q11] title keywords in body: 4/4 (expected 4/4)
OK [Q12] speculation words ban: none (expected 0)
OK [Q13] slug ASCII: public-housing-asset-test (expected a-z 0-9 - _)

Pass rate: 13/13 = 100%
PASS

==================================================
[public-housing-sale] 공공분양주택 청약자격과 특별공급 유형, 당첨자 선정방식
==================================================
OK [Q1] QA cards count: 7 (expected >=7)
OK [Q2] intro 200 chars: 7/7 (expected 7/7)
OK [Q3] visual element per QA: 7/7 (expected 7/7)
OK [Q4] tables total: 3 (expected >=2)
OK [Q5] boxes total: 4 (expected >=3)
OK [Q6] highlights total: 28 (expected >=15)
OK [Q7] sourceNote ratio: 7/7 (expected >=4/7)
OK [Q8] FAQ count: 5 (expected >=5)
OK [Q9] sources URL count: 4 (expected >=3)
OK [Q10] keyFacts rows: 9 (expected >=9)
OK [Q11] title keywords in body: 4/4 (expected 4/4)
OK [Q12] speculation words ban: none (expected 0)
OK [Q13] slug ASCII: public-housing-sale (expected a-z 0-9 - _)

Pass rate: 13/13 = 100%
PASS

==================================================
[public-rental-housing] 공공임대주택 유형별 신청자격과 임차료, 공공분양과 차이
==================================================
OK [Q1] QA cards count: 7 (expected >=7)
OK [Q2] intro 200 chars: 7/7 (expected 7/7)
OK [Q3] visual element per QA: 7/7 (expected 7/7)
OK [Q4] tables total: 3 (expected >=2)
OK [Q5] boxes total: 4 (expected >=3)
OK [Q6] highlights total: 27 (expected >=15)
OK [Q7] sourceNote ratio: 7/7 (expected >=4/7)
OK [Q8] FAQ count: 5 (expected >=5)
OK [Q9] sources URL count: 4 (expected >=3)
XX [Q10] keyFacts rows: 8 (expected >=9)
XX [Q11] title keywords in body: no titleKeywords (expected titleKeywords defined)
     add titleKeywords field to policy data
OK [Q12] speculation words ban: none (expected 0)
OK [Q13] slug ASCII: public-rental-housing (expected a-z 0-9 - _)

Pass rate: 11/13 = 85%
PASS

==================================================
[real-estate-agency-closure-report] 공인중개사무소 휴업 폐업 신고 등록증만 있으면 즉시 처리하는 법
==================================================
OK [Q1] QA cards count: 7 (expected >=7)
OK [Q2] intro 200 chars: 7/7 (expected 7/7)
OK [Q3] visual element per QA: 7/7 (expected 7/7)
OK [Q4] tables total: 2 (expected >=2)
OK [Q5] boxes total: 7 (expected >=3)
OK [Q6] highlights total: 28 (expected >=15)
OK [Q7] sourceNote ratio: 6/7 (expected >=4/7)
OK [Q8] FAQ count: 5 (expected >=5)
OK [Q9] sources URL count: 3 (expected >=3)
OK [Q10] keyFacts rows: 10 (expected >=9)
OK [Q11] title keywords in body: 4/4 (expected 4/4)
OK [Q12] speculation words ban: none (expected 0)
OK [Q13] slug ASCII: real-estate-agency-closure-report (expected a-z 0-9 - _)

Pass rate: 13/13 = 100%
PASS

==================================================
[real-estate-agency-registration] 공인중개사무소 개설등록 실무교육 수료증으로 시군구에 7일 만에 신청하는 법
==================================================
OK [Q1] QA cards count: 7 (expected >=7)
OK [Q2] intro 200 chars: 7/7 (expected 7/7)
OK [Q3] visual element per QA: 7/7 (expected 7/7)
OK [Q4] tables total: 2 (expected >=2)
OK [Q5] boxes total: 7 (expected >=3)
OK [Q6] highlights total: 28 (expected >=15)
OK [Q7] sourceNote ratio: 6/7 (expected >=4/7)
OK [Q8] FAQ count: 5 (expected >=5)
OK [Q9] sources URL count: 3 (expected >=3)
OK [Q10] keyFacts rows: 9 (expected >=9)
OK [Q11] title keywords in body: 4/4 (expected 4/4)
OK [Q12] speculation words ban: none (expected 0)
OK [Q13] slug ASCII: real-estate-agency-registration (expected a-z 0-9 - _)

Pass rate: 13/13 = 100%
PASS

==================================================
[real-estate-registration-number-certificate] 외국인 부동산등기용 등록증명서 인터넷 무료로 즉시 발급받는 법
==================================================
OK [Q1] QA cards count: 7 (expected >=7)
OK [Q2] intro 200 chars: 7/7 (expected 7/7)
OK [Q3] visual element per QA: 7/7 (expected 7/7)
OK [Q4] tables total: 2 (expected >=2)
OK [Q5] boxes total: 7 (expected >=3)
OK [Q6] highlights total: 28 (expected >=15)
OK [Q7] sourceNote ratio: 5/7 (expected >=4/7)
OK [Q8] FAQ count: 5 (expected >=5)
OK [Q9] sources URL count: 3 (expected >=3)
OK [Q10] keyFacts rows: 9 (expected >=9)
OK [Q11] title keywords in body: 4/4 (expected 4/4)
OK [Q12] speculation words ban: none (expected 0)
OK [Q13] slug ASCII: real-estate-registration-number-certificate (expected a-z 0-9 - _)

Pass rate: 13/13 = 100%
PASS

==================================================
[real-estate-registry-certificate] 등기부등본 인터넷 1000원에 발급받고 권리관계 확인하는 법
==================================================
OK [Q1] QA cards count: 7 (expected >=7)
OK [Q2] intro 200 chars: 7/7 (expected 7/7)
OK [Q3] visual element per QA: 7/7 (expected 7/7)
OK [Q4] tables total: 3 (expected >=2)
OK [Q5] boxes total: 6 (expected >=3)
OK [Q6] highlights total: 28 (expected >=15)
OK [Q7] sourceNote ratio: 5/7 (expected >=4/7)
OK [Q8] FAQ count: 5 (expected >=5)
OK [Q9] sources URL count: 3 (expected >=3)
OK [Q10] keyFacts rows: 9 (expected >=9)
OK [Q11] title keywords in body: 4/4 (expected 4/4)
OK [Q12] speculation words ban: none (expected 0)
OK [Q13] slug ASCII: real-estate-registry-certificate (expected a-z 0-9 - _)

Pass rate: 13/13 = 100%
PASS

==================================================
[real-estate-transaction-report] 부동산거래신고 계약체결일부터 60일 이내 인터넷으로 하는 법
==================================================
OK [Q1] QA cards count: 7 (expected >=7)
OK [Q2] intro 200 chars: 7/7 (expected 7/7)
OK [Q3] visual element per QA: 7/7 (expected 7/7)
OK [Q4] tables total: 2 (expected >=2)
OK [Q5] boxes total: 6 (expected >=3)
OK [Q6] highlights total: 28 (expected >=15)
OK [Q7] sourceNote ratio: 6/7 (expected >=4/7)
OK [Q8] FAQ count: 5 (expected >=5)
OK [Q9] sources URL count: 3 (expected >=3)
OK [Q10] keyFacts rows: 9 (expected >=9)
OK [Q11] title keywords in body: 4/4 (expected 4/4)
OK [Q12] speculation words ban: none (expected 0)
OK [Q13] slug ASCII: real-estate-transaction-report (expected a-z 0-9 - _)

Pass rate: 13/13 = 100%
PASS

==================================================
[regional-credit-guarantee] 담보 없어 막혔다면 지역신용보증재단 보증 157개 중에 내 것이 있나
==================================================
OK [Q1] QA cards count: 7 (expected >=7)
OK [Q2] intro 200 chars: 7/7 (expected 7/7)
OK [Q3] visual element per QA: 7/7 (expected 7/7)
OK [Q4] tables total: 7 (expected >=2)
OK [Q5] boxes total: 6 (expected >=3)
OK [Q6] highlights total: 28 (expected >=15)
OK [Q7] sourceNote ratio: 7/7 (expected >=4/7)
OK [Q8] FAQ count: 5 (expected >=5)
OK [Q9] sources URL count: 3 (expected >=3)
OK [Q10] keyFacts rows: 12 (expected >=9)
OK [Q11] title keywords in body: 4/4 (expected 4/4)
OK [Q12] speculation words ban: none (expected 0)
OK [Q13] slug ASCII: regional-credit-guarantee (expected a-z 0-9 - _)

Pass rate: 13/13 = 100%
PASS

==================================================
[registered-domicile-change] 등록기준지 변경신고 기본증명서로 방문 즉시 이전하는 법
==================================================
OK [Q1] QA cards count: 7 (expected >=7)
OK [Q2] intro 200 chars: 7/7 (expected 7/7)
OK [Q3] visual element per QA: 7/7 (expected 7/7)
OK [Q4] tables total: 2 (expected >=2)
OK [Q5] boxes total: 7 (expected >=3)
OK [Q6] highlights total: 28 (expected >=15)
OK [Q7] sourceNote ratio: 4/7 (expected >=4/7)
OK [Q8] FAQ count: 5 (expected >=5)
OK [Q9] sources URL count: 3 (expected >=3)
OK [Q10] keyFacts rows: 9 (expected >=9)
OK [Q11] title keywords in body: 4/4 (expected 4/4)
OK [Q12] speculation words ban: none (expected 0)
OK [Q13] slug ASCII: registered-domicile-change (expected a-z 0-9 - _)

Pass rate: 13/13 = 100%
PASS

==================================================
[registered-sports-facility-business-plan-approval] 체육시설업 사업계획승인 운영계획서로 시도에 조례수수료 40일 만에 받는 법
==================================================
OK [Q1] QA cards count: 7 (expected >=7)
OK [Q2] intro 200 chars: 7/7 (expected 7/7)
OK [Q3] visual element per QA: 7/7 (expected 7/7)
OK [Q4] tables total: 3 (expected >=2)
OK [Q5] boxes total: 7 (expected >=3)
OK [Q6] highlights total: 28 (expected >=15)
OK [Q7] sourceNote ratio: 5/7 (expected >=4/7)
OK [Q8] FAQ count: 5 (expected >=5)
OK [Q9] sources URL count: 3 (expected >=3)
OK [Q10] keyFacts rows: 9 (expected >=9)
OK [Q11] title keywords in body: 4/4 (expected 4/4)
OK [Q12] speculation words ban: none (expected 0)
OK [Q13] slug ASCII: registered-sports-facility-business-plan-approval (expected a-z 0-9 - _)

Pass rate: 13/13 = 100%
PASS

==================================================
[relocation-expense-claim] 이주비 청구 취업으로 이사했으면 운송비 영수증으로 받는 법
==================================================
OK [Q1] QA cards count: 7 (expected >=7)
OK [Q2] intro 200 chars: 7/7 (expected 7/7)
OK [Q3] visual element per QA: 7/7 (expected 7/7)
OK [Q4] tables total: 2 (expected >=2)
OK [Q5] boxes total: 7 (expected >=3)
OK [Q6] highlights total: 28 (expected >=15)
OK [Q7] sourceNote ratio: 6/7 (expected >=4/7)
OK [Q8] FAQ count: 5 (expected >=5)
OK [Q9] sources URL count: 3 (expected >=3)
OK [Q10] keyFacts rows: 9 (expected >=9)
OK [Q11] title keywords in body: 4/4 (expected 4/4)
OK [Q12] speculation words ban: none (expected 0)
OK [Q13] slug ASCII: relocation-expense-claim (expected a-z 0-9 - _)

Pass rate: 13/13 = 100%
PASS

==================================================
[renewal-vs-nonrenewal-insurance] 갱신형보험 비갱신형보험, 보험료 왜 이렇게 차이 나나요
==================================================
OK [Q1] QA cards count: 7 (expected >=7)
OK [Q2] intro 200 chars: 7/7 (expected 7/7)
OK [Q3] visual element per QA: 7/7 (expected 7/7)
OK [Q4] tables total: 2 (expected >=2)
OK [Q5] boxes total: 5 (expected >=3)
OK [Q6] highlights total: 28 (expected >=15)
OK [Q7] sourceNote ratio: 7/7 (expected >=4/7)
OK [Q8] FAQ count: 5 (expected >=5)
OK [Q9] sources URL count: 3 (expected >=3)
XX [Q10] keyFacts rows: 4 (expected >=9)
XX [Q11] title keywords in body: 1/4 (expected 4/4)
     missing in body: 갱신형 비갱신형 차이, 보험료 갱신 인상, 갱신주기
OK [Q12] speculation words ban: none (expected 0)
OK [Q13] slug ASCII: renewal-vs-nonrenewal-insurance (expected a-z 0-9 - _)

Pass rate: 11/13 = 85%
PASS

==================================================
[rental-dispute-mediation] 임대차분쟁조정위원회 신청방법과 수수료, 임대인도 신청 가능한가요?
==================================================
OK [Q1] QA cards count: 7 (expected >=7)
OK [Q2] intro 200 chars: 7/7 (expected 7/7)
OK [Q3] visual element per QA: 7/7 (expected 7/7)
OK [Q4] tables total: 2 (expected >=2)
OK [Q5] boxes total: 6 (expected >=3)
OK [Q6] highlights total: 28 (expected >=15)
OK [Q7] sourceNote ratio: 7/7 (expected >=4/7)
OK [Q8] FAQ count: 5 (expected >=5)
OK [Q9] sources URL count: 3 (expected >=3)
XX [Q10] keyFacts rows: 8 (expected >=9)
XX [Q11] title keywords in body: 1/4 (expected 4/4)
     missing in body: 전세보증금분쟁, 상가임대차, 소송없이해결
OK [Q12] speculation words ban: none (expected 0)
OK [Q13] slug ASCII: rental-dispute-mediation (expected a-z 0-9 - _)

Pass rate: 11/13 = 85%
PASS

==================================================
[reserve-forces-training-deferral] 예비군 훈련보류 재직 재학증명서로 소속중대에 1일 만에 신청하는 법
==================================================
OK [Q1] QA cards count: 7 (expected >=7)
OK [Q2] intro 200 chars: 7/7 (expected 7/7)
OK [Q3] visual element per QA: 7/7 (expected 7/7)
OK [Q4] tables total: 2 (expected >=2)
OK [Q5] boxes total: 7 (expected >=3)
OK [Q6] highlights total: 28 (expected >=15)
OK [Q7] sourceNote ratio: 4/7 (expected >=4/7)
OK [Q8] FAQ count: 5 (expected >=5)
OK [Q9] sources URL count: 3 (expected >=3)
OK [Q10] keyFacts rows: 9 (expected >=9)
OK [Q11] title keywords in body: 4/4 (expected 4/4)
OK [Q12] speculation words ban: none (expected 0)
OK [Q13] slug ASCII: reserve-forces-training-deferral (expected a-z 0-9 - _)

Pass rate: 13/13 = 100%
PASS

==================================================
[reserve-forces-training-postponement] 예비군 훈련연기 진단서로 소속중대에 1일 만에 신청하는 법
==================================================
OK [Q1] QA cards count: 7 (expected >=7)
OK [Q2] intro 200 chars: 7/7 (expected 7/7)
OK [Q3] visual element per QA: 7/7 (expected 7/7)
OK [Q4] tables total: 2 (expected >=2)
OK [Q5] boxes total: 7 (expected >=3)
OK [Q6] highlights total: 28 (expected >=15)
OK [Q7] sourceNote ratio: 5/7 (expected >=4/7)
OK [Q8] FAQ count: 5 (expected >=5)
OK [Q9] sources URL count: 3 (expected >=3)
OK [Q10] keyFacts rows: 9 (expected >=9)
OK [Q11] title keywords in body: 4/4 (expected 4/4)
OK [Q12] speculation words ban: none (expected 0)
OK [Q13] slug ASCII: reserve-forces-training-postponement (expected a-z 0-9 - _)

Pass rate: 13/13 = 100%
PASS

==================================================
[resident-id-card-new-issuance] 만17세 주민등록증 최초 발급 사진 챙겨 읍면동에서 14일 만에 신청하는 법
==================================================
OK [Q1] QA cards count: 7 (expected >=7)
OK [Q2] intro 200 chars: 7/7 (expected 7/7)
OK [Q3] visual element per QA: 7/7 (expected 7/7)
OK [Q4] tables total: 2 (expected >=2)
OK [Q5] boxes total: 7 (expected >=3)
OK [Q6] highlights total: 28 (expected >=15)
OK [Q7] sourceNote ratio: 5/7 (expected >=4/7)
OK [Q8] FAQ count: 5 (expected >=5)
OK [Q9] sources URL count: 3 (expected >=3)
OK [Q10] keyFacts rows: 10 (expected >=9)
OK [Q11] title keywords in body: 4/4 (expected 4/4)
OK [Q12] speculation words ban: none (expected 0)
OK [Q13] slug ASCII: resident-id-card-new-issuance (expected a-z 0-9 - _)

Pass rate: 13/13 = 100%
PASS

==================================================
[resident-id-card-reissue] 주민등록증 분실 재발급 IC칩 포함 1만원 총14일 걸리는 법
==================================================
OK [Q1] QA cards count: 7 (expected >=7)
OK [Q2] intro 200 chars: 7/7 (expected 7/7)
OK [Q3] visual element per QA: 7/7 (expected 7/7)
OK [Q4] tables total: 2 (expected >=2)
OK [Q5] boxes total: 7 (expected >=3)
OK [Q6] highlights total: 28 (expected >=15)
OK [Q7] sourceNote ratio: 5/7 (expected >=4/7)
OK [Q8] FAQ count: 5 (expected >=5)
OK [Q9] sources URL count: 3 (expected >=3)
OK [Q10] keyFacts rows: 9 (expected >=9)
OK [Q11] title keywords in body: 4/4 (expected 4/4)
OK [Q12] speculation words ban: none (expected 0)
OK [Q13] slug ASCII: resident-id-card-reissue (expected a-z 0-9 - _)

Pass rate: 13/13 = 100%
PASS

==================================================
[resident-list-confirmation-certificate] 전입세대확인서 방문 발급받고 전세계약 전 세대주 명단 확인하는 법
==================================================
OK [Q1] QA cards count: 7 (expected >=7)
OK [Q2] intro 200 chars: 7/7 (expected 7/7)
OK [Q3] visual element per QA: 7/7 (expected 7/7)
OK [Q4] tables total: 3 (expected >=2)
OK [Q5] boxes total: 6 (expected >=3)
OK [Q6] highlights total: 28 (expected >=15)
OK [Q7] sourceNote ratio: 5/7 (expected >=4/7)
OK [Q8] FAQ count: 5 (expected >=5)
OK [Q9] sources URL count: 3 (expected >=3)
OK [Q10] keyFacts rows: 9 (expected >=9)
OK [Q11] title keywords in body: 4/4 (expected 4/4)
OK [Q12] speculation words ban: none (expected 0)
OK [Q13] slug ASCII: resident-list-confirmation-certificate (expected a-z 0-9 - _)

Pass rate: 13/13 = 100%
PASS

==================================================
[resident-registration-certificate] 주민등록등본 초본 인터넷 무료 발급받고 대리인 위임장 준비하는 법
==================================================
OK [Q1] QA cards count: 7 (expected >=7)
OK [Q2] intro 200 chars: 7/7 (expected 7/7)
OK [Q3] visual element per QA: 7/7 (expected 7/7)
OK [Q4] tables total: 2 (expected >=2)
OK [Q5] boxes total: 5 (expected >=3)
OK [Q6] highlights total: 28 (expected >=15)
OK [Q7] sourceNote ratio: 7/7 (expected >=4/7)
OK [Q8] FAQ count: 5 (expected >=5)
OK [Q9] sources URL count: 3 (expected >=3)
OK [Q10] keyFacts rows: 9 (expected >=9)
OK [Q11] title keywords in body: 4/4 (expected 4/4)
OK [Q12] speculation words ban: none (expected 0)
OK [Q13] slug ASCII: resident-registration-certificate (expected a-z 0-9 - _)

Pass rate: 13/13 = 100%
PASS

==================================================
[resident-tax] 주민세 조회하고 8월 16일까지 납부하는 법, 개인분 얼마 내나
==================================================
OK [Q1] QA cards count: 7 (expected >=7)
OK [Q2] intro 200 chars: 7/7 (expected 7/7)
OK [Q3] visual element per QA: 7/7 (expected 7/7)
OK [Q4] tables total: 3 (expected >=2)
OK [Q5] boxes total: 4 (expected >=3)
OK [Q6] highlights total: 27 (expected >=15)
OK [Q7] sourceNote ratio: 7/7 (expected >=4/7)
OK [Q8] FAQ count: 5 (expected >=5)
OK [Q9] sources URL count: 4 (expected >=3)
OK [Q10] keyFacts rows: 9 (expected >=9)
OK [Q11] title keywords in body: 4/4 (expected 4/4)
OK [Q12] speculation words ban: none (expected 0)
OK [Q13] slug ASCII: resident-tax (expected a-z 0-9 - _)

Pass rate: 13/13 = 100%
PASS

==================================================
[residential-monthly-rent-loan] 주거안정월세대출 우대형 1.3% 신청하고 월 60만원 받는 법
==================================================
OK [Q1] QA cards count: 7 (expected >=7)
XX [Q2] intro 200 chars: 1/7 (expected 7/7)
     missing: q-what, q-amount, q-house, q-restriction, q-apply, q-disbursement
OK [Q3] visual element per QA: 7/7 (expected 7/7)
OK [Q4] tables total: 2 (expected >=2)
OK [Q5] boxes total: 5 (expected >=3)
OK [Q6] highlights total: 28 (expected >=15)
OK [Q7] sourceNote ratio: 5/7 (expected >=4/7)
OK [Q8] FAQ count: 5 (expected >=5)
OK [Q9] sources URL count: 3 (expected >=3)
XX [Q10] keyFacts rows: 7 (expected >=9)
OK [Q11] title keywords in body: 4/4 (expected 4/4)
OK [Q12] speculation words ban: none (expected 0)
OK [Q13] slug ASCII: residential-monthly-rent-loan (expected a-z 0-9 - _)

Pass rate: 11/13 = 85%
PASS

==================================================
[restart-special-fund] 재도전특별자금 유형이 다섯 갈래, 폐업했다면 어느 쪽으로 들어가나
==================================================
OK [Q1] QA cards count: 7 (expected >=7)
OK [Q2] intro 200 chars: 7/7 (expected 7/7)
OK [Q3] visual element per QA: 7/7 (expected 7/7)
OK [Q4] tables total: 7 (expected >=2)
OK [Q5] boxes total: 5 (expected >=3)
OK [Q6] highlights total: 28 (expected >=15)
OK [Q7] sourceNote ratio: 7/7 (expected >=4/7)
OK [Q8] FAQ count: 5 (expected >=5)
OK [Q9] sources URL count: 6 (expected >=3)
OK [Q10] keyFacts rows: 13 (expected >=9)
OK [Q11] title keywords in body: 4/4 (expected 4/4)
OK [Q12] speculation words ban: none (expected 0)
OK [Q13] slug ASCII: restart-special-fund (expected a-z 0-9 - _)

Pass rate: 13/13 = 100%
PASS

==================================================
[restart-support-fund] 소상공인 재도전 특별자금 (재도약)
==================================================
OK [Q1] QA cards count: 7 (expected >=7)
OK [Q2] intro 200 chars: 7/7 (expected 7/7)
OK [Q3] visual element per QA: 7/7 (expected 7/7)
OK [Q4] tables total: 3 (expected >=2)
OK [Q5] boxes total: 4 (expected >=3)
OK [Q6] highlights total: 28 (expected >=15)
OK [Q7] sourceNote ratio: 7/7 (expected >=4/7)
OK [Q8] FAQ count: 5 (expected >=5)
OK [Q9] sources URL count: 3 (expected >=3)
OK [Q10] keyFacts rows: 9 (expected >=9)
XX [Q11] title keywords in body: no titleKeywords (expected titleKeywords defined)
     add titleKeywords field to policy data
OK [Q12] speculation words ban: none (expected 0)
OK [Q13] slug ASCII: restart-support-fund (expected a-z 0-9 - _)

Pass rate: 12/13 = 92%
PASS

==================================================
[return-farming-startup-loan] 귀농 농업창업·주택구입 지원 연령·거주요건과 대출한도, 선발평가까지
==================================================
OK [Q1] QA cards count: 7 (expected >=7)
OK [Q2] intro 200 chars: 7/7 (expected 7/7)
OK [Q3] visual element per QA: 7/7 (expected 7/7)
OK [Q4] tables total: 2 (expected >=2)
OK [Q5] boxes total: 5 (expected >=3)
OK [Q6] highlights total: 28 (expected >=15)
XX [Q7] sourceNote ratio: 0/7 (expected >=4/7)
OK [Q8] FAQ count: 5 (expected >=5)
OK [Q9] sources URL count: 3 (expected >=3)
OK [Q10] keyFacts rows: 9 (expected >=9)
XX [Q11] title keywords in body: no titleKeywords (expected titleKeywords defined)
     add titleKeywords field to policy data
OK [Q12] speculation words ban: none (expected 0)
OK [Q13] slug ASCII: return-farming-startup-loan (expected a-z 0-9 - _)

Pass rate: 11/13 = 85%
PASS

==================================================
[return-fishing-startup-loan] 귀어 창업 및 주택구입 지원(융자)
==================================================
OK [Q1] QA cards count: 7 (expected >=7)
OK [Q2] intro 200 chars: 7/7 (expected 7/7)
OK [Q3] visual element per QA: 7/7 (expected 7/7)
OK [Q4] tables total: 2 (expected >=2)
OK [Q5] boxes total: 5 (expected >=3)
OK [Q6] highlights total: 28 (expected >=15)
OK [Q7] sourceNote ratio: 7/7 (expected >=4/7)
OK [Q8] FAQ count: 5 (expected >=5)
OK [Q9] sources URL count: 3 (expected >=3)
OK [Q10] keyFacts rows: 9 (expected >=9)
XX [Q11] title keywords in body: no titleKeywords (expected titleKeywords defined)
     add titleKeywords field to policy data
OK [Q12] speculation words ban: none (expected 0)
OK [Q13] slug ASCII: return-fishing-startup-loan (expected a-z 0-9 - _)

Pass rate: 12/13 = 92%
PASS

==================================================
[rural-basic-income] 농어촌 기본소득 시범사업 대상지역, 신청해야 받나요?
==================================================
OK [Q1] QA cards count: 7 (expected >=7)
OK [Q2] intro 200 chars: 7/7 (expected 7/7)
OK [Q3] visual element per QA: 7/7 (expected 7/7)
OK [Q4] tables total: 2 (expected >=2)
OK [Q5] boxes total: 5 (expected >=3)
OK [Q6] highlights total: 28 (expected >=15)
OK [Q7] sourceNote ratio: 7/7 (expected >=4/7)
OK [Q8] FAQ count: 5 (expected >=5)
OK [Q9] sources URL count: 4 (expected >=3)
OK [Q10] keyFacts rows: 9 (expected >=9)
XX [Q11] title keywords in body: 3/4 (expected 4/4)
     missing in body: 농림축산식품부
OK [Q12] speculation words ban: none (expected 0)
OK [Q13] slug ASCII: rural-basic-income (expected a-z 0-9 - _)

Pass rate: 12/13 = 92%
PASS

==================================================
[rural-student-loan] 농촌출신대학생 학자금대출 일반대출과 차이, 농어촌 주소 인정범위
==================================================
OK [Q1] QA cards count: 8 (expected >=7)
OK [Q2] intro 200 chars: 8/8 (expected 8/8)
OK [Q3] visual element per QA: 8/8 (expected 8/8)
OK [Q4] tables total: 2 (expected >=2)
OK [Q5] boxes total: 6 (expected >=3)
OK [Q6] highlights total: 32 (expected >=15)
OK [Q7] sourceNote ratio: 8/8 (expected >=4/8)
OK [Q8] FAQ count: 5 (expected >=5)
OK [Q9] sources URL count: 4 (expected >=3)
OK [Q10] keyFacts rows: 9 (expected >=9)
OK [Q11] title keywords in body: 4/4 (expected 4/4)
OK [Q12] speculation words ban: none (expected 0)
OK [Q13] slug ASCII: rural-student-loan (expected a-z 0-9 - _)

Pass rate: 13/13 = 100%
PASS

==================================================
[rural-youth-growth] 인구감소지역 청소년 성장지원, 학습지원과 문화체험은 어떻게
==================================================
OK [Q1] QA cards count: 8 (expected >=7)
OK [Q2] intro 200 chars: 8/8 (expected 8/8)
OK [Q3] visual element per QA: 8/8 (expected 8/8)
OK [Q4] tables total: 2 (expected >=2)
OK [Q5] boxes total: 7 (expected >=3)
OK [Q6] highlights total: 32 (expected >=15)
OK [Q7] sourceNote ratio: 8/8 (expected >=4/8)
OK [Q8] FAQ count: 5 (expected >=5)
OK [Q9] sources URL count: 4 (expected >=3)
OK [Q10] keyFacts rows: 9 (expected >=9)
OK [Q11] title keywords in body: 4/4 (expected 4/4)
OK [Q12] speculation words ban: none (expected 0)
OK [Q13] slug ASCII: rural-youth-growth (expected a-z 0-9 - _)

Pass rate: 13/13 = 100%
PASS

==================================================
[saeil-women-intern] 새일여성인턴 (경력 단절 여성 취업 지원)
==================================================
OK [Q1] QA cards count: 7 (expected >=7)
OK [Q2] intro 200 chars: 7/7 (expected 7/7)
OK [Q3] visual element per QA: 7/7 (expected 7/7)
OK [Q4] tables total: 2 (expected >=2)
OK [Q5] boxes total: 5 (expected >=3)
OK [Q6] highlights total: 36 (expected >=15)
OK [Q7] sourceNote ratio: 7/7 (expected >=4/7)
OK [Q8] FAQ count: 5 (expected >=5)
OK [Q9] sources URL count: 3 (expected >=3)
XX [Q10] keyFacts rows: 4 (expected >=9)
XX [Q11] title keywords in body: no titleKeywords (expected titleKeywords defined)
     add titleKeywords field to policy data
OK [Q12] speculation words ban: none (expected 0)
OK [Q13] slug ASCII: saeil-women-intern (expected a-z 0-9 - _)

Pass rate: 11/13 = 85%
PASS

==================================================
[safe-inheritance-onestop] 안심상속 원스톱 서비스
==================================================
OK [Q1] QA cards count: 7 (expected >=7)
OK [Q2] intro 200 chars: 7/7 (expected 7/7)
OK [Q3] visual element per QA: 7/7 (expected 7/7)
OK [Q4] tables total: 3 (expected >=2)
OK [Q5] boxes total: 4 (expected >=3)
OK [Q6] highlights total: 37 (expected >=15)
OK [Q7] sourceNote ratio: 7/7 (expected >=4/7)
OK [Q8] FAQ count: 5 (expected >=5)
OK [Q9] sources URL count: 3 (expected >=3)
OK [Q10] keyFacts rows: 10 (expected >=9)
XX [Q11] title keywords in body: no titleKeywords (expected titleKeywords defined)
     add titleKeywords field to policy data
OK [Q12] speculation words ban: none (expected 0)
OK [Q13] slug ASCII: safe-inheritance-onestop (expected a-z 0-9 - _)

Pass rate: 12/13 = 92%
PASS

==================================================
[safe-stepping-stone-app] 안전디딤돌 앱 다운로드와 안전신고 방법, 재난 시 활용법까지
==================================================
OK [Q1] QA cards count: 7 (expected >=7)
OK [Q2] intro 200 chars: 7/7 (expected 7/7)
OK [Q3] visual element per QA: 7/7 (expected 7/7)
OK [Q4] tables total: 2 (expected >=2)
OK [Q5] boxes total: 6 (expected >=3)
OK [Q6] highlights total: 34 (expected >=15)
OK [Q7] sourceNote ratio: 7/7 (expected >=4/7)
OK [Q8] FAQ count: 5 (expected >=5)
OK [Q9] sources URL count: 3 (expected >=3)
XX [Q10] keyFacts rows: 7 (expected >=9)
XX [Q11] title keywords in body: no titleKeywords (expected titleKeywords defined)
     add titleKeywords field to policy data
OK [Q12] speculation words ban: none (expected 0)
OK [Q13] slug ASCII: safe-stepping-stone-app (expected a-z 0-9 - _)

Pass rate: 11/13 = 85%
PASS

==================================================
[safety-health-manager-appointment-report] 안전관리자 보건관리자 선임보고 서류 없이 지방고용노동청에 즉시 신고하는 법
==================================================
OK [Q1] QA cards count: 7 (expected >=7)
OK [Q2] intro 200 chars: 7/7 (expected 7/7)
OK [Q3] visual element per QA: 7/7 (expected 7/7)
OK [Q4] tables total: 2 (expected >=2)
OK [Q5] boxes total: 7 (expected >=3)
OK [Q6] highlights total: 28 (expected >=15)
OK [Q7] sourceNote ratio: 5/7 (expected >=4/7)
OK [Q8] FAQ count: 5 (expected >=5)
OK [Q9] sources URL count: 3 (expected >=3)
OK [Q10] keyFacts rows: 10 (expected >=9)
OK [Q11] title keywords in body: 4/4 (expected 4/4)
OK [Q12] speculation words ban: none (expected 0)
OK [Q13] slug ASCII: safety-health-manager-appointment-report (expected a-z 0-9 - _)

Pass rate: 13/13 = 100%
PASS

==================================================
[samsung-miso-finance-loan] 삼성미소금융재단 대출 신청조건과 대출상품, 서류까지 총정리
==================================================
OK [Q1] QA cards count: 7 (expected >=7)
OK [Q2] intro 200 chars: 7/7 (expected 7/7)
OK [Q3] visual element per QA: 7/7 (expected 7/7)
OK [Q4] tables total: 2 (expected >=2)
OK [Q5] boxes total: 5 (expected >=3)
OK [Q6] highlights total: 22 (expected >=15)
OK [Q7] sourceNote ratio: 4/7 (expected >=4/7)
OK [Q8] FAQ count: 5 (expected >=5)
OK [Q9] sources URL count: 3 (expected >=3)
OK [Q10] keyFacts rows: 9 (expected >=9)
OK [Q11] title keywords in body: 4/4 (expected 4/4)
OK [Q12] speculation words ban: none (expected 0)
OK [Q13] slug ASCII: samsung-miso-finance-loan (expected a-z 0-9 - _)

Pass rate: 13/13 = 100%
PASS

==================================================
[samsung-onnuri-refund] 삼성전자 온누리 환급 방법, 신청 언제까지 해야 할까?
==================================================
OK [Q1] QA cards count: 8 (expected >=7)
OK [Q2] intro 200 chars: 8/8 (expected 8/8)
OK [Q3] visual element per QA: 8/8 (expected 8/8)
OK [Q4] tables total: 2 (expected >=2)
OK [Q5] boxes total: 7 (expected >=3)
OK [Q6] highlights total: 32 (expected >=15)
OK [Q7] sourceNote ratio: 4/8 (expected >=4/8)
OK [Q8] FAQ count: 5 (expected >=5)
OK [Q9] sources URL count: 3 (expected >=3)
OK [Q10] keyFacts rows: 9 (expected >=9)
OK [Q11] title keywords in body: 4/4 (expected 4/4)
OK [Q12] speculation words ban: none (expected 0)
OK [Q13] slug ASCII: samsung-onnuri-refund (expected a-z 0-9 - _)

Pass rate: 13/13 = 100%
PASS

==================================================
[sanitarian-license-certificate] 위생사면허증명 발급신청 신분증사본으로 보건복지부 500원 즉시 3시간 만에 받는 법
==================================================
OK [Q1] QA cards count: 7 (expected >=7)
OK [Q2] intro 200 chars: 7/7 (expected 7/7)
OK [Q3] visual element per QA: 7/7 (expected 7/7)
OK [Q4] tables total: 2 (expected >=2)
OK [Q5] boxes total: 7 (expected >=3)
OK [Q6] highlights total: 28 (expected >=15)
OK [Q7] sourceNote ratio: 5/7 (expected >=4/7)
OK [Q8] FAQ count: 5 (expected >=5)
OK [Q9] sources URL count: 3 (expected >=3)
OK [Q10] keyFacts rows: 9 (expected >=9)
OK [Q11] title keywords in body: 4/4 (expected 4/4)
OK [Q12] speculation words ban: none (expected 0)
OK [Q13] slug ASCII: sanitarian-license-certificate (expected a-z 0-9 - _)

Pass rate: 13/13 = 100%
PASS

==================================================
[sanitarian-license-issuance] 위생사 면허증 발급 학위증명서와 진단서로 수수료 없이 14일 만에 받는 법
==================================================
OK [Q1] QA cards count: 7 (expected >=7)
OK [Q2] intro 200 chars: 7/7 (expected 7/7)
OK [Q3] visual element per QA: 7/7 (expected 7/7)
OK [Q4] tables total: 2 (expected >=2)
OK [Q5] boxes total: 7 (expected >=3)
OK [Q6] highlights total: 28 (expected >=15)
OK [Q7] sourceNote ratio: 4/7 (expected >=4/7)
OK [Q8] FAQ count: 5 (expected >=5)
OK [Q9] sources URL count: 3 (expected >=3)
OK [Q10] keyFacts rows: 9 (expected >=9)
OK [Q11] title keywords in body: 4/4 (expected 4/4)
OK [Q12] speculation words ban: none (expected 0)
OK [Q13] slug ASCII: sanitarian-license-issuance (expected a-z 0-9 - _)

Pass rate: 13/13 = 100%
PASS

==================================================
[sanitarian-license-reissue] 위생사 면허증 재발급신청 분실사유서와 반명함사진으로 보건복지부 2000원 3일 만에 받는 법
==================================================
OK [Q1] QA cards count: 7 (expected >=7)
OK [Q2] intro 200 chars: 7/7 (expected 7/7)
OK [Q3] visual element per QA: 7/7 (expected 7/7)
OK [Q4] tables total: 2 (expected >=2)
OK [Q5] boxes total: 7 (expected >=3)
OK [Q6] highlights total: 28 (expected >=15)
OK [Q7] sourceNote ratio: 4/7 (expected >=4/7)
OK [Q8] FAQ count: 5 (expected >=5)
OK [Q9] sources URL count: 3 (expected >=3)
OK [Q10] keyFacts rows: 9 (expected >=9)
OK [Q11] title keywords in body: 4/4 (expected 4/4)
OK [Q12] speculation words ban: none (expected 0)
OK [Q13] slug ASCII: sanitarian-license-reissue (expected a-z 0-9 - _)

Pass rate: 13/13 = 100%
PASS

==================================================
[savings-ladder-strategy] 예금 적금 풍차돌리기, 목돈 만드는 방법과 장단점 총정리
==================================================
OK [Q1] QA cards count: 7 (expected >=7)
OK [Q2] intro 200 chars: 7/7 (expected 7/7)
OK [Q3] visual element per QA: 7/7 (expected 7/7)
OK [Q4] tables total: 3 (expected >=2)
OK [Q5] boxes total: 4 (expected >=3)
OK [Q6] highlights total: 28 (expected >=15)
OK [Q7] sourceNote ratio: 7/7 (expected >=4/7)
OK [Q8] FAQ count: 5 (expected >=5)
OK [Q9] sources URL count: 3 (expected >=3)
OK [Q10] keyFacts rows: 9 (expected >=9)
OK [Q11] title keywords in body: 4/4 (expected 4/4)
OK [Q12] speculation words ban: none (expected 0)
OK [Q13] slug ASCII: savings-ladder-strategy (expected a-z 0-9 - _)

Pass rate: 13/13 = 100%
PASS

==================================================
[school-coordinator] 학교 코디네이터 (돌봄·교육 지원)
==================================================
OK [Q1] QA cards count: 7 (expected >=7)
OK [Q2] intro 200 chars: 7/7 (expected 7/7)
OK [Q3] visual element per QA: 7/7 (expected 7/7)
OK [Q4] tables total: 2 (expected >=2)
OK [Q5] boxes total: 5 (expected >=3)
OK [Q6] highlights total: 34 (expected >=15)
OK [Q7] sourceNote ratio: 7/7 (expected >=4/7)
OK [Q8] FAQ count: 5 (expected >=5)
OK [Q9] sources URL count: 3 (expected >=3)
XX [Q10] keyFacts rows: 4 (expected >=9)
XX [Q11] title keywords in body: no titleKeywords (expected titleKeywords defined)
     add titleKeywords field to policy data
OK [Q12] speculation words ban: none (expected 0)
OK [Q13] slug ASCII: school-coordinator (expected a-z 0-9 - _)

Pass rate: 11/13 = 85%
PASS

==================================================
[school-enrollment-deferral-approval] 초등학교 취학유예 질병 소명자료로 학교에 5일 만에 승인받는 법
==================================================
OK [Q1] QA cards count: 7 (expected >=7)
OK [Q2] intro 200 chars: 7/7 (expected 7/7)
OK [Q3] visual element per QA: 7/7 (expected 7/7)
OK [Q4] tables total: 2 (expected >=2)
OK [Q5] boxes total: 7 (expected >=3)
OK [Q6] highlights total: 28 (expected >=15)
OK [Q7] sourceNote ratio: 4/7 (expected >=4/7)
OK [Q8] FAQ count: 5 (expected >=5)
OK [Q9] sources URL count: 3 (expected >=3)
OK [Q10] keyFacts rows: 9 (expected >=9)
OK [Q11] title keywords in body: 4/4 (expected 4/4)
OK [Q12] speculation words ban: none (expected 0)
OK [Q13] slug ASCII: school-enrollment-deferral-approval (expected a-z 0-9 - _)

Pass rate: 13/13 = 100%
PASS

==================================================
[school-foundation-establishment-permit] 학교법인 설립허가 재산출연증서와 정관으로 관할청에 수수료 없이 20일 만에 신청하는 법
==================================================
OK [Q1] QA cards count: 7 (expected >=7)
OK [Q2] intro 200 chars: 7/7 (expected 7/7)
OK [Q3] visual element per QA: 7/7 (expected 7/7)
OK [Q4] tables total: 2 (expected >=2)
OK [Q5] boxes total: 7 (expected >=3)
OK [Q6] highlights total: 28 (expected >=15)
OK [Q7] sourceNote ratio: 4/7 (expected >=4/7)
OK [Q8] FAQ count: 5 (expected >=5)
OK [Q9] sources URL count: 3 (expected >=3)
OK [Q10] keyFacts rows: 9 (expected >=9)
OK [Q11] title keywords in body: 4/4 (expected 4/4)
OK [Q12] speculation words ban: none (expected 0)
OK [Q13] slug ASCII: school-foundation-establishment-permit (expected a-z 0-9 - _)

Pass rate: 13/13 = 100%
PASS

==================================================
[science-culture-voucher] 과학문화바우처 사용처와 신청기간, 10만원 어떻게 쓰나
==================================================
OK [Q1] QA cards count: 7 (expected >=7)
OK [Q2] intro 200 chars: 7/7 (expected 7/7)
OK [Q3] visual element per QA: 7/7 (expected 7/7)
OK [Q4] tables total: 3 (expected >=2)
OK [Q5] boxes total: 4 (expected >=3)
OK [Q6] highlights total: 28 (expected >=15)
OK [Q7] sourceNote ratio: 7/7 (expected >=4/7)
OK [Q8] FAQ count: 5 (expected >=5)
OK [Q9] sources URL count: 3 (expected >=3)
OK [Q10] keyFacts rows: 9 (expected >=9)
OK [Q11] title keywords in body: 4/4 (expected 4/4)
OK [Q12] speculation words ban: none (expected 0)
OK [Q13] slug ASCII: science-culture-voucher (expected a-z 0-9 - _)

Pass rate: 13/13 = 100%
PASS

==================================================
[seafarer-book-reissue] 선원수첩 재발급 사진 1매로 지방해양수산청에 1일 만에 신청하는 법
==================================================
OK [Q1] QA cards count: 7 (expected >=7)
OK [Q2] intro 200 chars: 7/7 (expected 7/7)
OK [Q3] visual element per QA: 7/7 (expected 7/7)
OK [Q4] tables total: 2 (expected >=2)
OK [Q5] boxes total: 7 (expected >=3)
OK [Q6] highlights total: 28 (expected >=15)
OK [Q7] sourceNote ratio: 4/7 (expected >=4/7)
OK [Q8] FAQ count: 5 (expected >=5)
OK [Q9] sources URL count: 3 (expected >=3)
OK [Q10] keyFacts rows: 9 (expected >=9)
OK [Q11] title keywords in body: 4/4 (expected 4/4)
OK [Q12] speculation words ban: none (expected 0)
OK [Q13] slug ASCII: seafarer-book-reissue (expected a-z 0-9 - _)

Pass rate: 13/13 = 100%
PASS

==================================================
[seal-certificate] 인감증명서 인터넷 무료 발급받고 대리인 위임장 준비하는 법
==================================================
OK [Q1] QA cards count: 7 (expected >=7)
OK [Q2] intro 200 chars: 7/7 (expected 7/7)
OK [Q3] visual element per QA: 7/7 (expected 7/7)
OK [Q4] tables total: 2 (expected >=2)
OK [Q5] boxes total: 6 (expected >=3)
OK [Q6] highlights total: 28 (expected >=15)
OK [Q7] sourceNote ratio: 7/7 (expected >=4/7)
OK [Q8] FAQ count: 5 (expected >=5)
OK [Q9] sources URL count: 3 (expected >=3)
OK [Q10] keyFacts rows: 9 (expected >=9)
OK [Q11] title keywords in body: 4/4 (expected 4/4)
OK [Q12] speculation words ban: none (expected 0)
OK [Q13] slug ASCII: seal-certificate (expected a-z 0-9 - _)

Pass rate: 13/13 = 100%
PASS

==================================================
[seal-registration] 인감신고 읍면동 방문으로 무료 즉시 등록하고 인감증명서 발급받는 법
==================================================
OK [Q1] QA cards count: 7 (expected >=7)
OK [Q2] intro 200 chars: 7/7 (expected 7/7)
OK [Q3] visual element per QA: 7/7 (expected 7/7)
OK [Q4] tables total: 2 (expected >=2)
OK [Q5] boxes total: 7 (expected >=3)
OK [Q6] highlights total: 28 (expected >=15)
OK [Q7] sourceNote ratio: 4/7 (expected >=4/7)
OK [Q8] FAQ count: 5 (expected >=5)
OK [Q9] sources URL count: 3 (expected >=3)
OK [Q10] keyFacts rows: 9 (expected >=9)
OK [Q11] title keywords in body: 4/4 (expected 4/4)
OK [Q12] speculation words ban: none (expected 0)
OK [Q13] slug ASCII: seal-registration (expected a-z 0-9 - _)

Pass rate: 13/13 = 100%
PASS

==================================================
[security-business-permit] 경비업 허가신청 정관과 임원이력서로 시도경찰청에 만원 15일 만에 신청하는 법
==================================================
OK [Q1] QA cards count: 7 (expected >=7)
OK [Q2] intro 200 chars: 7/7 (expected 7/7)
OK [Q3] visual element per QA: 7/7 (expected 7/7)
OK [Q4] tables total: 2 (expected >=2)
OK [Q5] boxes total: 7 (expected >=3)
OK [Q6] highlights total: 28 (expected >=15)
OK [Q7] sourceNote ratio: 4/7 (expected >=4/7)
OK [Q8] FAQ count: 5 (expected >=5)
OK [Q9] sources URL count: 3 (expected >=3)
OK [Q10] keyFacts rows: 9 (expected >=9)
OK [Q11] title keywords in body: 4/4 (expected 4/4)
OK [Q12] speculation words ban: none (expected 0)
OK [Q13] slug ASCII: security-business-permit (expected a-z 0-9 - _)

Pass rate: 13/13 = 100%
PASS

==================================================
[seed-business-registration] 종자업등록신청 종자관리사 1인이상으로 시군구 수수료없이 7일 만에 받는 법
==================================================
OK [Q1] QA cards count: 7 (expected >=7)
OK [Q2] intro 200 chars: 7/7 (expected 7/7)
OK [Q3] visual element per QA: 7/7 (expected 7/7)
OK [Q4] tables total: 2 (expected >=2)
OK [Q5] boxes total: 7 (expected >=3)
OK [Q6] highlights total: 28 (expected >=15)
OK [Q7] sourceNote ratio: 4/7 (expected >=4/7)
OK [Q8] FAQ count: 5 (expected >=5)
OK [Q9] sources URL count: 3 (expected >=3)
OK [Q10] keyFacts rows: 9 (expected >=9)
OK [Q11] title keywords in body: 4/4 (expected 4/4)
OK [Q12] speculation words ban: none (expected 0)
OK [Q13] slug ASCII: seed-business-registration (expected a-z 0-9 - _)

Pass rate: 13/13 = 100%
PASS

==================================================
[self-employed-employment-insurance] 자영업자 고용보험 등급별 보험료와 구직급여, 폐업사유 인정기준
==================================================
OK [Q1] QA cards count: 7 (expected >=7)
OK [Q2] intro 200 chars: 7/7 (expected 7/7)
OK [Q3] visual element per QA: 7/7 (expected 7/7)
OK [Q4] tables total: 4 (expected >=2)
OK [Q5] boxes total: 3 (expected >=3)
OK [Q6] highlights total: 28 (expected >=15)
OK [Q7] sourceNote ratio: 7/7 (expected >=4/7)
OK [Q8] FAQ count: 5 (expected >=5)
OK [Q9] sources URL count: 3 (expected >=3)
OK [Q10] keyFacts rows: 9 (expected >=9)
OK [Q11] title keywords in body: 4/4 (expected 4/4)
OK [Q12] speculation words ban: none (expected 0)
OK [Q13] slug ASCII: self-employed-employment-insurance (expected a-z 0-9 - _)

Pass rate: 13/13 = 100%
PASS

==================================================
[self-signature-confirmation-certificate] 본인서명사실확인서 2028년까지 무료 발급받고 인감증명서 대신 쓰는 법
==================================================
OK [Q1] QA cards count: 7 (expected >=7)
OK [Q2] intro 200 chars: 7/7 (expected 7/7)
OK [Q3] visual element per QA: 7/7 (expected 7/7)
OK [Q4] tables total: 2 (expected >=2)
OK [Q5] boxes total: 6 (expected >=3)
OK [Q6] highlights total: 28 (expected >=15)
OK [Q7] sourceNote ratio: 4/7 (expected >=4/7)
OK [Q8] FAQ count: 5 (expected >=5)
OK [Q9] sources URL count: 3 (expected >=3)
OK [Q10] keyFacts rows: 9 (expected >=9)
OK [Q11] title keywords in body: 4/4 (expected 4/4)
OK [Q12] speculation words ban: none (expected 0)
OK [Q13] slug ASCII: self-signature-confirmation-certificate (expected a-z 0-9 - _)

Pass rate: 13/13 = 100%
PASS

==================================================
[self-sufficiency-program] 자활사업 참여자격·자활근로 유형·급여 총정리, 조건부수급자 자활 지원
==================================================
OK [Q1] QA cards count: 7 (expected >=7)
OK [Q2] intro 200 chars: 7/7 (expected 7/7)
OK [Q3] visual element per QA: 7/7 (expected 7/7)
OK [Q4] tables total: 2 (expected >=2)
OK [Q5] boxes total: 6 (expected >=3)
OK [Q6] highlights total: 28 (expected >=15)
OK [Q7] sourceNote ratio: 4/7 (expected >=4/7)
OK [Q8] FAQ count: 5 (expected >=5)
OK [Q9] sources URL count: 3 (expected >=3)
OK [Q10] keyFacts rows: 9 (expected >=9)
OK [Q11] title keywords in body: 4/4 (expected 4/4)
OK [Q12] speculation words ban: none (expected 0)
OK [Q13] slug ASCII: self-sufficiency-program (expected a-z 0-9 - _)

Pass rate: 13/13 = 100%
PASS

==================================================
[senior-customized-care] 노인맞춤돌봄서비스 돌봄4군 차이와 신청자격, 장기요양보험과 차이
==================================================
OK [Q1] QA cards count: 8 (expected >=7)
OK [Q2] intro 200 chars: 8/8 (expected 8/8)
OK [Q3] visual element per QA: 8/8 (expected 8/8)
OK [Q4] tables total: 3 (expected >=2)
OK [Q5] boxes total: 5 (expected >=3)
OK [Q6] highlights total: 32 (expected >=15)
OK [Q7] sourceNote ratio: 8/8 (expected >=4/8)
OK [Q8] FAQ count: 5 (expected >=5)
OK [Q9] sources URL count: 4 (expected >=3)
OK [Q10] keyFacts rows: 9 (expected >=9)
OK [Q11] title keywords in body: 4/4 (expected 4/4)
OK [Q12] speculation words ban: none (expected 0)
OK [Q13] slug ASCII: senior-customized-care (expected a-z 0-9 - _)

Pass rate: 13/13 = 100%
PASS

==================================================
[seomin-financial-center] 서민금융통합지원센터 이용자격과 채무조정, 연계 금융상품까지
==================================================
OK [Q1] QA cards count: 7 (expected >=7)
OK [Q2] intro 200 chars: 7/7 (expected 7/7)
OK [Q3] visual element per QA: 7/7 (expected 7/7)
OK [Q4] tables total: 3 (expected >=2)
OK [Q5] boxes total: 4 (expected >=3)
OK [Q6] highlights total: 38 (expected >=15)
OK [Q7] sourceNote ratio: 7/7 (expected >=4/7)
OK [Q8] FAQ count: 5 (expected >=5)
OK [Q9] sources URL count: 3 (expected >=3)
OK [Q10] keyFacts rows: 9 (expected >=9)
XX [Q11] title keywords in body: no titleKeywords (expected titleKeywords defined)
     add titleKeywords field to policy data
OK [Q12] speculation words ban: none (expected 0)
OK [Q13] slug ASCII: seomin-financial-center (expected a-z 0-9 - _)

Pass rate: 12/13 = 92%
PASS

==================================================
[seoul-childbirth-housing-support] 서울시 출산 무주택가구 주거비 지원 조건과 신청방법
==================================================
OK [Q1] QA cards count: 7 (expected >=7)
OK [Q2] intro 200 chars: 7/7 (expected 7/7)
OK [Q3] visual element per QA: 7/7 (expected 7/7)
OK [Q4] tables total: 2 (expected >=2)
OK [Q5] boxes total: 5 (expected >=3)
OK [Q6] highlights total: 21 (expected >=15)
OK [Q7] sourceNote ratio: 7/7 (expected >=4/7)
OK [Q8] FAQ count: 5 (expected >=5)
OK [Q9] sources URL count: 3 (expected >=3)
OK [Q10] keyFacts rows: 11 (expected >=9)
XX [Q11] title keywords in body: 2/4 (expected 4/4)
     missing in body: 출산 주거비, 2026 하반기
XX [Q12] speculation words ban: 1 found (expected 0)
     found: 약 N (수치 앞 약)
OK [Q13] slug ASCII: seoul-childbirth-housing-support (expected a-z 0-9 - _)

Pass rate: 11/13 = 85%
PASS

==================================================
[seoul-electric-motorcycle-subsidy] 서울 전기이륜차 보조금 신청방법, 641대 어떻게 나눠 받나
==================================================
OK [Q1] QA cards count: 7 (expected >=7)
OK [Q2] intro 200 chars: 7/7 (expected 7/7)
OK [Q3] visual element per QA: 7/7 (expected 7/7)
OK [Q4] tables total: 5 (expected >=2)
OK [Q5] boxes total: 3 (expected >=3)
OK [Q6] highlights total: 28 (expected >=15)
OK [Q7] sourceNote ratio: 7/7 (expected >=4/7)
OK [Q8] FAQ count: 5 (expected >=5)
OK [Q9] sources URL count: 3 (expected >=3)
OK [Q10] keyFacts rows: 9 (expected >=9)
OK [Q11] title keywords in body: 4/4 (expected 4/4)
OK [Q12] speculation words ban: none (expected 0)
OK [Q13] slug ASCII: seoul-electric-motorcycle-subsidy (expected a-z 0-9 - _)

Pass rate: 13/13 = 100%
PASS

==================================================
[seoul-electric-taxi-subsidy] 서울 전기택시 보조금 차종별 금액 조회하고 신청하는 법
==================================================
OK [Q1] QA cards count: 8 (expected >=7)
OK [Q2] intro 200 chars: 8/8 (expected 8/8)
OK [Q3] visual element per QA: 8/8 (expected 8/8)
OK [Q4] tables total: 6 (expected >=2)
OK [Q5] boxes total: 3 (expected >=3)
OK [Q6] highlights total: 32 (expected >=15)
OK [Q7] sourceNote ratio: 8/8 (expected >=4/8)
OK [Q8] FAQ count: 5 (expected >=5)
OK [Q9] sources URL count: 3 (expected >=3)
OK [Q10] keyFacts rows: 9 (expected >=9)
OK [Q11] title keywords in body: 4/4 (expected 4/4)
OK [Q12] speculation words ban: none (expected 0)
OK [Q13] slug ASCII: seoul-electric-taxi-subsidy (expected a-z 0-9 - _)

Pass rate: 13/13 = 100%
PASS

==================================================
[seoul-pregnancy-transport] 서울 임산부 교통비 신청방법, 70~100만원 바우처 어떻게 받나
==================================================
OK [Q1] QA cards count: 9 (expected >=7)
OK [Q2] intro 200 chars: 9/9 (expected 9/9)
OK [Q3] visual element per QA: 9/9 (expected 9/9)
OK [Q4] tables total: 7 (expected >=2)
OK [Q5] boxes total: 5 (expected >=3)
OK [Q6] highlights total: 36 (expected >=15)
OK [Q7] sourceNote ratio: 9/9 (expected >=5/9)
OK [Q8] FAQ count: 5 (expected >=5)
OK [Q9] sources URL count: 3 (expected >=3)
OK [Q10] keyFacts rows: 9 (expected >=9)
OK [Q11] title keywords in body: 4/4 (expected 4/4)
OK [Q12] speculation words ban: none (expected 0)
OK [Q13] slug ASCII: seoul-pregnancy-transport (expected a-z 0-9 - _)

Pass rate: 13/13 = 100%
PASS

==================================================
[severance-pay] 퇴직금 계산법·지급기한 14일·받는 법 한눈에
==================================================
OK [Q1] QA cards count: 7 (expected >=7)
OK [Q2] intro 200 chars: 7/7 (expected 7/7)
OK [Q3] visual element per QA: 7/7 (expected 7/7)
OK [Q4] tables total: 2 (expected >=2)
OK [Q5] boxes total: 5 (expected >=3)
OK [Q6] highlights total: 28 (expected >=15)
OK [Q7] sourceNote ratio: 4/7 (expected >=4/7)
OK [Q8] FAQ count: 5 (expected >=5)
OK [Q9] sources URL count: 3 (expected >=3)
OK [Q10] keyFacts rows: 9 (expected >=9)
OK [Q11] title keywords in body: 4/4 (expected 4/4)
OK [Q12] speculation words ban: none (expected 0)
OK [Q13] slug ASCII: severance-pay (expected a-z 0-9 - _)

Pass rate: 13/13 = 100%
PASS

==================================================
[sex-offender-notification] 성범죄자 신상정보 열람방법과 공개기간, 학교에서도 확인되나요?
==================================================
OK [Q1] QA cards count: 7 (expected >=7)
OK [Q2] intro 200 chars: 7/7 (expected 7/7)
OK [Q3] visual element per QA: 7/7 (expected 7/7)
OK [Q4] tables total: 2 (expected >=2)
OK [Q5] boxes total: 5 (expected >=3)
OK [Q6] highlights total: 32 (expected >=15)
OK [Q7] sourceNote ratio: 7/7 (expected >=4/7)
OK [Q8] FAQ count: 5 (expected >=5)
OK [Q9] sources URL count: 3 (expected >=3)
XX [Q10] keyFacts rows: 7 (expected >=9)
XX [Q11] title keywords in body: no titleKeywords (expected titleKeywords defined)
     add titleKeywords field to policy data
OK [Q12] speculation words ban: none (expected 0)
OK [Q13] slug ASCII: sex-offender-notification (expected a-z 0-9 - _)

Pass rate: 11/13 = 85%
PASS

==================================================
[sharing-ticket] 나눔티켓 나눔회원 신청방법, 기초수급자·차상위 공연전시 할인
==================================================
OK [Q1] QA cards count: 7 (expected >=7)
OK [Q2] intro 200 chars: 7/7 (expected 7/7)
OK [Q3] visual element per QA: 7/7 (expected 7/7)
OK [Q4] tables total: 2 (expected >=2)
OK [Q5] boxes total: 5 (expected >=3)
OK [Q6] highlights total: 41 (expected >=15)
OK [Q7] sourceNote ratio: 7/7 (expected >=4/7)
OK [Q8] FAQ count: 5 (expected >=5)
OK [Q9] sources URL count: 3 (expected >=3)
XX [Q10] keyFacts rows: 8 (expected >=9)
XX [Q11] title keywords in body: no titleKeywords (expected titleKeywords defined)
     add titleKeywords field to policy data
OK [Q12] speculation words ban: none (expected 0)
OK [Q13] slug ASCII: sharing-ticket (expected a-z 0-9 - _)

Pass rate: 11/13 = 85%
PASS

==================================================
[siheung-newlywed-jeonse-interest] 시흥시 신혼부부 전세대출 이자지원 신청기간 확인하고 신청하는 법
==================================================
OK [Q1] QA cards count: 7 (expected >=7)
OK [Q2] intro 200 chars: 7/7 (expected 7/7)
OK [Q3] visual element per QA: 7/7 (expected 7/7)
OK [Q4] tables total: 6 (expected >=2)
OK [Q5] boxes total: 4 (expected >=3)
OK [Q6] highlights total: 28 (expected >=15)
OK [Q7] sourceNote ratio: 7/7 (expected >=4/7)
OK [Q8] FAQ count: 5 (expected >=5)
OK [Q9] sources URL count: 3 (expected >=3)
OK [Q10] keyFacts rows: 9 (expected >=9)
OK [Q11] title keywords in body: 4/4 (expected 4/4)
OK [Q12] speculation words ban: none (expected 0)
OK [Q13] slug ASCII: siheung-newlywed-jeonse-interest (expected a-z 0-9 - _)

Pass rate: 13/13 = 100%
PASS

==================================================
[simplified-underwriting-insurance] 유병자보험(간편보험), 일반보험보다 먼저 알아둘 것 3가지
==================================================
OK [Q1] QA cards count: 7 (expected >=7)
OK [Q2] intro 200 chars: 7/7 (expected 7/7)
OK [Q3] visual element per QA: 7/7 (expected 7/7)
OK [Q4] tables total: 2 (expected >=2)
OK [Q5] boxes total: 6 (expected >=3)
OK [Q6] highlights total: 28 (expected >=15)
OK [Q7] sourceNote ratio: 7/7 (expected >=4/7)
OK [Q8] FAQ count: 5 (expected >=5)
OK [Q9] sources URL count: 3 (expected >=3)
OK [Q10] keyFacts rows: 9 (expected >=9)
OK [Q11] title keywords in body: 4/4 (expected 4/4)
OK [Q12] speculation words ban: none (expected 0)
OK [Q13] slug ASCII: simplified-underwriting-insurance (expected a-z 0-9 - _)

Pass rate: 13/13 = 100%
PASS

==================================================
[single-parent-facility] 한부모가족 복지시설 양육·생활시설 차이와 입소방법, 위기임산부 지원
==================================================
OK [Q1] QA cards count: 8 (expected >=7)
OK [Q2] intro 200 chars: 8/8 (expected 8/8)
OK [Q3] visual element per QA: 8/8 (expected 8/8)
OK [Q4] tables total: 3 (expected >=2)
OK [Q5] boxes total: 5 (expected >=3)
OK [Q6] highlights total: 32 (expected >=15)
OK [Q7] sourceNote ratio: 8/8 (expected >=4/8)
OK [Q8] FAQ count: 5 (expected >=5)
OK [Q9] sources URL count: 4 (expected >=3)
OK [Q10] keyFacts rows: 9 (expected >=9)
OK [Q11] title keywords in body: 4/4 (expected 4/4)
OK [Q12] speculation words ban: none (expected 0)
OK [Q13] slug ASCII: single-parent-facility (expected a-z 0-9 - _)

Pass rate: 13/13 = 100%
PASS

==================================================
[single-parent-family-certificate] 한부모가족증명서 무료 인터넷 발급받고 지원자격 증명하는 법
==================================================
OK [Q1] QA cards count: 7 (expected >=7)
OK [Q2] intro 200 chars: 7/7 (expected 7/7)
OK [Q3] visual element per QA: 7/7 (expected 7/7)
OK [Q4] tables total: 2 (expected >=2)
OK [Q5] boxes total: 7 (expected >=3)
OK [Q6] highlights total: 28 (expected >=15)
OK [Q7] sourceNote ratio: 4/7 (expected >=4/7)
OK [Q8] FAQ count: 5 (expected >=5)
OK [Q9] sources URL count: 3 (expected >=3)
OK [Q10] keyFacts rows: 9 (expected >=9)
OK [Q11] title keywords in body: 4/4 (expected 4/4)
OK [Q12] speculation words ban: none (expected 0)
OK [Q13] slug ASCII: single-parent-family-certificate (expected a-z 0-9 - _)

Pass rate: 13/13 = 100%
PASS

==================================================
[small-biz-bank-debt] 소상공인 은행권 채무 조정 (새출발기금)
==================================================
OK [Q1] QA cards count: 7 (expected >=7)
OK [Q2] intro 200 chars: 7/7 (expected 7/7)
OK [Q3] visual element per QA: 7/7 (expected 7/7)
OK [Q4] tables total: 2 (expected >=2)
OK [Q5] boxes total: 5 (expected >=3)
OK [Q6] highlights total: 29 (expected >=15)
OK [Q7] sourceNote ratio: 7/7 (expected >=4/7)
OK [Q8] FAQ count: 5 (expected >=5)
OK [Q9] sources URL count: 3 (expected >=3)
XX [Q10] keyFacts rows: 6 (expected >=9)
XX [Q11] title keywords in body: no titleKeywords (expected titleKeywords defined)
     add titleKeywords field to policy data
OK [Q12] speculation words ban: none (expected 0)
OK [Q13] slug ASCII: small-biz-bank-debt (expected a-z 0-9 - _)

Pass rate: 11/13 = 85%
PASS

==================================================
[small-biz-closed-debt] 폐업 소상공인 채무 조정 및 재기 지원 (희망리턴패키지)
==================================================
OK [Q1] QA cards count: 7 (expected >=7)
OK [Q2] intro 200 chars: 7/7 (expected 7/7)
OK [Q3] visual element per QA: 7/7 (expected 7/7)
OK [Q4] tables total: 2 (expected >=2)
OK [Q5] boxes total: 5 (expected >=3)
OK [Q6] highlights total: 34 (expected >=15)
OK [Q7] sourceNote ratio: 7/7 (expected >=4/7)
OK [Q8] FAQ count: 5 (expected >=5)
OK [Q9] sources URL count: 3 (expected >=3)
OK [Q10] keyFacts rows: 9 (expected >=9)
OK [Q11] title keywords in body: 4/4 (expected 4/4)
OK [Q12] speculation words ban: none (expected 0)
OK [Q13] slug ASCII: small-biz-closed-debt (expected a-z 0-9 - _)

Pass rate: 13/13 = 100%
PASS

==================================================
[small-biz-credit-recovery] 소상공인 신용회복 지원
==================================================
OK [Q1] QA cards count: 7 (expected >=7)
OK [Q2] intro 200 chars: 7/7 (expected 7/7)
OK [Q3] visual element per QA: 7/7 (expected 7/7)
OK [Q4] tables total: 2 (expected >=2)
OK [Q5] boxes total: 5 (expected >=3)
OK [Q6] highlights total: 35 (expected >=15)
OK [Q7] sourceNote ratio: 7/7 (expected >=4/7)
OK [Q8] FAQ count: 5 (expected >=5)
OK [Q9] sources URL count: 3 (expected >=3)
XX [Q10] keyFacts rows: 3 (expected >=9)
XX [Q11] title keywords in body: no titleKeywords (expected titleKeywords defined)
     add titleKeywords field to policy data
OK [Q12] speculation words ban: none (expected 0)
OK [Q13] slug ASCII: small-biz-credit-recovery (expected a-z 0-9 - _)

Pass rate: 11/13 = 85%
PASS

==================================================
[small-biz-hope-return] 소상공인 희망리턴패키지 총정리, 폐업 점포철거비·전직장려수당·재창업 지원
==================================================
OK [Q1] QA cards count: 7 (expected >=7)
OK [Q2] intro 200 chars: 7/7 (expected 7/7)
OK [Q3] visual element per QA: 7/7 (expected 7/7)
OK [Q4] tables total: 2 (expected >=2)
OK [Q5] boxes total: 6 (expected >=3)
OK [Q6] highlights total: 28 (expected >=15)
OK [Q7] sourceNote ratio: 4/7 (expected >=4/7)
OK [Q8] FAQ count: 5 (expected >=5)
OK [Q9] sources URL count: 3 (expected >=3)
OK [Q10] keyFacts rows: 9 (expected >=9)
OK [Q11] title keywords in body: 4/4 (expected 4/4)
OK [Q12] speculation words ban: none (expected 0)
OK [Q13] slug ASCII: small-biz-hope-return (expected a-z 0-9 - _)

Pass rate: 13/13 = 100%
PASS

==================================================
[small-biz-online-sales] 소상공인 온라인 판로지원 라이브커머스와 TV홈쇼핑까지 되나요?
==================================================
OK [Q1] QA cards count: 8 (expected >=7)
OK [Q2] intro 200 chars: 8/8 (expected 8/8)
OK [Q3] visual element per QA: 8/8 (expected 8/8)
XX [Q4] tables total: 1 (expected >=2)
OK [Q5] boxes total: 7 (expected >=3)
OK [Q6] highlights total: 32 (expected >=15)
OK [Q7] sourceNote ratio: 7/8 (expected >=4/8)
OK [Q8] FAQ count: 5 (expected >=5)
OK [Q9] sources URL count: 3 (expected >=3)
OK [Q10] keyFacts rows: 9 (expected >=9)
OK [Q11] title keywords in body: 4/4 (expected 4/4)
OK [Q12] speculation words ban: none (expected 0)
OK [Q13] slug ASCII: small-biz-online-sales (expected a-z 0-9 - _)

Pass rate: 12/13 = 92%
PASS

==================================================
[small-biz-policy-fund] 소상공인 정책자금 종류와 신청방법, 지자체 육성자금과 차이
==================================================
OK [Q1] QA cards count: 8 (expected >=7)
OK [Q2] intro 200 chars: 8/8 (expected 8/8)
OK [Q3] visual element per QA: 8/8 (expected 8/8)
OK [Q4] tables total: 2 (expected >=2)
OK [Q5] boxes total: 7 (expected >=3)
OK [Q6] highlights total: 32 (expected >=15)
OK [Q7] sourceNote ratio: 7/8 (expected >=4/8)
OK [Q8] FAQ count: 5 (expected >=5)
OK [Q9] sources URL count: 4 (expected >=3)
OK [Q10] keyFacts rows: 9 (expected >=9)
OK [Q11] title keywords in body: 4/4 (expected 4/4)
OK [Q12] speculation words ban: none (expected 0)
OK [Q13] slug ASCII: small-biz-policy-fund (expected a-z 0-9 - _)

Pass rate: 13/13 = 100%
PASS

==================================================
[small-biz-refinance-loan] 소상공인 대환대출 조건과 금리, 고금리 대출 갈아타는 법
==================================================
OK [Q1] QA cards count: 7 (expected >=7)
OK [Q2] intro 200 chars: 7/7 (expected 7/7)
OK [Q3] visual element per QA: 7/7 (expected 7/7)
OK [Q4] tables total: 7 (expected >=2)
OK [Q5] boxes total: 4 (expected >=3)
OK [Q6] highlights total: 28 (expected >=15)
OK [Q7] sourceNote ratio: 7/7 (expected >=4/7)
OK [Q8] FAQ count: 5 (expected >=5)
OK [Q9] sources URL count: 3 (expected >=3)
OK [Q10] keyFacts rows: 12 (expected >=9)
OK [Q11] title keywords in body: 4/4 (expected 4/4)
OK [Q12] speculation words ban: none (expected 0)
OK [Q13] slug ASCII: small-biz-refinance-loan (expected a-z 0-9 - _)

Pass rate: 13/13 = 100%
PASS

==================================================
[small-manufacturer-fund] 소공인특화자금 운전 1억·시설 5억, 제조업이면 한도가 왜 이렇게 커지나
==================================================
OK [Q1] QA cards count: 7 (expected >=7)
OK [Q2] intro 200 chars: 7/7 (expected 7/7)
OK [Q3] visual element per QA: 7/7 (expected 7/7)
OK [Q4] tables total: 7 (expected >=2)
OK [Q5] boxes total: 5 (expected >=3)
OK [Q6] highlights total: 28 (expected >=15)
OK [Q7] sourceNote ratio: 7/7 (expected >=4/7)
OK [Q8] FAQ count: 5 (expected >=5)
OK [Q9] sources URL count: 4 (expected >=3)
OK [Q10] keyFacts rows: 12 (expected >=9)
OK [Q11] title keywords in body: 4/4 (expected 4/4)
OK [Q12] speculation words ban: none (expected 0)
OK [Q13] slug ASCII: small-manufacturer-fund (expected a-z 0-9 - _)

Pass rate: 13/13 = 100%
PASS

==================================================
[sme-confirmation] 중소기업확인서 원천징수이행상황신고서로 지방중기청에 3일 만에 발급받는 법
==================================================
OK [Q1] QA cards count: 7 (expected >=7)
OK [Q2] intro 200 chars: 7/7 (expected 7/7)
OK [Q3] visual element per QA: 7/7 (expected 7/7)
OK [Q4] tables total: 2 (expected >=2)
OK [Q5] boxes total: 7 (expected >=3)
OK [Q6] highlights total: 28 (expected >=15)
OK [Q7] sourceNote ratio: 5/7 (expected >=4/7)
OK [Q8] FAQ count: 5 (expected >=5)
OK [Q9] sources URL count: 3 (expected >=3)
OK [Q10] keyFacts rows: 9 (expected >=9)
OK [Q11] title keywords in body: 4/4 (expected 4/4)
OK [Q12] speculation words ban: none (expected 0)
OK [Q13] slug ASCII: sme-confirmation (expected a-z 0-9 - _)

Pass rate: 13/13 = 100%
PASS

==================================================
[sme-innovation-voucher] 중소기업 혁신바우처 신청자격과 사용처, 비수도권 우대까지
==================================================
OK [Q1] QA cards count: 7 (expected >=7)
OK [Q2] intro 200 chars: 7/7 (expected 7/7)
OK [Q3] visual element per QA: 7/7 (expected 7/7)
OK [Q4] tables total: 2 (expected >=2)
OK [Q5] boxes total: 5 (expected >=3)
OK [Q6] highlights total: 28 (expected >=15)
OK [Q7] sourceNote ratio: 7/7 (expected >=4/7)
OK [Q8] FAQ count: 5 (expected >=5)
OK [Q9] sources URL count: 4 (expected >=3)
OK [Q10] keyFacts rows: 9 (expected >=9)
XX [Q11] title keywords in body: 3/4 (expected 4/4)
     missing in body: 중소벤처기업부
OK [Q12] speculation words ban: none (expected 0)
OK [Q13] slug ASCII: sme-innovation-voucher (expected a-z 0-9 - _)

Pass rate: 12/13 = 92%
PASS

==================================================
[sme-meal] 중소기업 든든한 한끼 지원대상, 대기업 직원도 받을 수 있나요?
==================================================
OK [Q1] QA cards count: 7 (expected >=7)
OK [Q2] intro 200 chars: 7/7 (expected 7/7)
OK [Q3] visual element per QA: 7/7 (expected 7/7)
OK [Q4] tables total: 2 (expected >=2)
OK [Q5] boxes total: 5 (expected >=3)
OK [Q6] highlights total: 28 (expected >=15)
OK [Q7] sourceNote ratio: 7/7 (expected >=4/7)
OK [Q8] FAQ count: 5 (expected >=5)
OK [Q9] sources URL count: 4 (expected >=3)
OK [Q10] keyFacts rows: 9 (expected >=9)
OK [Q11] title keywords in body: 4/4 (expected 4/4)
OK [Q12] speculation words ban: none (expected 0)
OK [Q13] slug ASCII: sme-meal (expected a-z 0-9 - _)

Pass rate: 13/13 = 100%
PASS

==================================================
[sme-owner-industrial-accident-insurance] 중소기업 사업주 산재보험 임의가입 건강진단서로 근로복지공단에 7일 만에 신청하는 법
==================================================
OK [Q1] QA cards count: 7 (expected >=7)
OK [Q2] intro 200 chars: 7/7 (expected 7/7)
OK [Q3] visual element per QA: 7/7 (expected 7/7)
OK [Q4] tables total: 2 (expected >=2)
OK [Q5] boxes total: 7 (expected >=3)
OK [Q6] highlights total: 28 (expected >=15)
OK [Q7] sourceNote ratio: 5/7 (expected >=4/7)
OK [Q8] FAQ count: 5 (expected >=5)
OK [Q9] sources URL count: 3 (expected >=3)
OK [Q10] keyFacts rows: 9 (expected >=9)
OK [Q11] title keywords in body: 4/4 (expected 4/4)
OK [Q12] speculation words ban: none (expected 0)
OK [Q13] slug ASCII: sme-owner-industrial-accident-insurance (expected a-z 0-9 - _)

Pass rate: 13/13 = 100%
PASS

==================================================
[sme-sunshine-card] 소상공인 특례 햇살론카드 한도와 필수교육, 일반 햇살론카드와 차이
==================================================
OK [Q1] QA cards count: 7 (expected >=7)
OK [Q2] intro 200 chars: 7/7 (expected 7/7)
OK [Q3] visual element per QA: 7/7 (expected 7/7)
OK [Q4] tables total: 3 (expected >=2)
OK [Q5] boxes total: 4 (expected >=3)
OK [Q6] highlights total: 28 (expected >=15)
OK [Q7] sourceNote ratio: 4/7 (expected >=4/7)
OK [Q8] FAQ count: 5 (expected >=5)
OK [Q9] sources URL count: 3 (expected >=3)
XX [Q10] keyFacts rows: 8 (expected >=9)
XX [Q11] title keywords in body: 2/4 (expected 4/4)
     missing in body: 소상공인 햇살론카드, 개인사업자 신용카드
OK [Q12] speculation words ban: none (expected 0)
OK [Q13] slug ASCII: sme-sunshine-card (expected a-z 0-9 - _)

Pass rate: 11/13 = 85%
PASS

==================================================
[sme-youth-jeonse-loan] 중기청 전세대출 대출한도와 금리, 버팀목·청년전세대출과 차이
==================================================
OK [Q1] QA cards count: 8 (expected >=7)
OK [Q2] intro 200 chars: 8/8 (expected 8/8)
OK [Q3] visual element per QA: 8/8 (expected 8/8)
OK [Q4] tables total: 3 (expected >=2)
OK [Q5] boxes total: 5 (expected >=3)
OK [Q6] highlights total: 32 (expected >=15)
OK [Q7] sourceNote ratio: 5/8 (expected >=4/8)
OK [Q8] FAQ count: 5 (expected >=5)
OK [Q9] sources URL count: 3 (expected >=3)
OK [Q10] keyFacts rows: 10 (expected >=9)
XX [Q11] title keywords in body: 2/4 (expected 4/4)
     missing in body: 금리 1.5%, 한도 1억
OK [Q12] speculation words ban: none (expected 0)
OK [Q13] slug ASCII: sme-youth-jeonse-loan (expected a-z 0-9 - _)

Pass rate: 12/13 = 92%
PASS

==================================================
[smile-microcredit] 미소금융 자격조건과 운영자금, 신용점수 낮아도 받을 수 있나요?
==================================================
OK [Q1] QA cards count: 7 (expected >=7)
OK [Q2] intro 200 chars: 7/7 (expected 7/7)
OK [Q3] visual element per QA: 7/7 (expected 7/7)
OK [Q4] tables total: 3 (expected >=2)
OK [Q5] boxes total: 4 (expected >=3)
OK [Q6] highlights total: 28 (expected >=15)
OK [Q7] sourceNote ratio: 7/7 (expected >=4/7)
OK [Q8] FAQ count: 5 (expected >=5)
OK [Q9] sources URL count: 3 (expected >=3)
XX [Q10] keyFacts rows: 7 (expected >=9)
XX [Q11] title keywords in body: 3/4 (expected 4/4)
     missing in body: 신용평점 하위20%
OK [Q12] speculation words ban: none (expected 0)
OK [Q13] slug ASCII: smile-microcredit (expected a-z 0-9 - _)

Pass rate: 11/13 = 85%
PASS

==================================================
[smokefree-living-environment] 생활터 금연환경 조성 지원
==================================================
OK [Q1] QA cards count: 7 (expected >=7)
OK [Q2] intro 200 chars: 7/7 (expected 7/7)
OK [Q3] visual element per QA: 7/7 (expected 7/7)
OK [Q4] tables total: 2 (expected >=2)
OK [Q5] boxes total: 5 (expected >=3)
OK [Q6] highlights total: 39 (expected >=15)
OK [Q7] sourceNote ratio: 7/7 (expected >=4/7)
OK [Q8] FAQ count: 5 (expected >=5)
OK [Q9] sources URL count: 3 (expected >=3)
XX [Q10] keyFacts rows: 4 (expected >=9)
XX [Q11] title keywords in body: no titleKeywords (expected titleKeywords defined)
     add titleKeywords field to policy data
OK [Q12] speculation words ban: none (expected 0)
OK [Q13] slug ASCII: smokefree-living-environment (expected a-z 0-9 - _)

Pass rate: 11/13 = 85%
PASS

==================================================
[social-cooperative-establishment-permit] 사회적협동조합 설립인가 정관과 창립총회 의사록으로 수수료 없이 60일 만에 받는 법
==================================================
OK [Q1] QA cards count: 7 (expected >=7)
OK [Q2] intro 200 chars: 7/7 (expected 7/7)
OK [Q3] visual element per QA: 7/7 (expected 7/7)
OK [Q4] tables total: 2 (expected >=2)
OK [Q5] boxes total: 7 (expected >=3)
OK [Q6] highlights total: 28 (expected >=15)
OK [Q7] sourceNote ratio: 4/7 (expected >=4/7)
OK [Q8] FAQ count: 5 (expected >=5)
OK [Q9] sources URL count: 3 (expected >=3)
OK [Q10] keyFacts rows: 9 (expected >=9)
OK [Q11] title keywords in body: 4/4 (expected 4/4)
OK [Q12] speculation words ban: none (expected 0)
OK [Q13] slug ASCII: social-cooperative-establishment-permit (expected a-z 0-9 - _)

Pass rate: 13/13 = 100%
PASS

==================================================
[social-security-agreement-pension-certificate] 해외파견 국민연금 가입증명서 파견명령서로 7일 만에 이중가입 면제받는 법
==================================================
OK [Q1] QA cards count: 7 (expected >=7)
OK [Q2] intro 200 chars: 7/7 (expected 7/7)
OK [Q3] visual element per QA: 7/7 (expected 7/7)
OK [Q4] tables total: 2 (expected >=2)
OK [Q5] boxes total: 7 (expected >=3)
OK [Q6] highlights total: 28 (expected >=15)
OK [Q7] sourceNote ratio: 4/7 (expected >=4/7)
OK [Q8] FAQ count: 5 (expected >=5)
OK [Q9] sources URL count: 3 (expected >=3)
OK [Q10] keyFacts rows: 9 (expected >=9)
OK [Q11] title keywords in body: 4/4 (expected 4/4)
OK [Q12] speculation words ban: none (expected 0)
OK [Q13] slug ASCII: social-security-agreement-pension-certificate (expected a-z 0-9 - _)

Pass rate: 13/13 = 100%
PASS

==================================================
[social-security-benefit-application] 사회보장급여 통합신청서 하나로 기초생활수급 장애인연금 한번에 신청하는 법
==================================================
OK [Q1] QA cards count: 7 (expected >=7)
OK [Q2] intro 200 chars: 7/7 (expected 7/7)
OK [Q3] visual element per QA: 7/7 (expected 7/7)
OK [Q4] tables total: 2 (expected >=2)
OK [Q5] boxes total: 7 (expected >=3)
OK [Q6] highlights total: 28 (expected >=15)
OK [Q7] sourceNote ratio: 4/7 (expected >=4/7)
OK [Q8] FAQ count: 5 (expected >=5)
OK [Q9] sources URL count: 3 (expected >=3)
OK [Q10] keyFacts rows: 9 (expected >=9)
OK [Q11] title keywords in body: 4/4 (expected 4/4)
OK [Q12] speculation words ban: none (expected 0)
OK [Q13] slug ASCII: social-security-benefit-application (expected a-z 0-9 - _)

Pass rate: 13/13 = 100%
PASS

==================================================
[social-welfare-corporation-establishment-permit] 사회복지법인 설립허가 재산출연증서와 정관 갖춰 시도에 수수료 없이 17일 만에 신청하는 법
==================================================
OK [Q1] QA cards count: 7 (expected >=7)
OK [Q2] intro 200 chars: 7/7 (expected 7/7)
OK [Q3] visual element per QA: 7/7 (expected 7/7)
OK [Q4] tables total: 2 (expected >=2)
OK [Q5] boxes total: 7 (expected >=3)
OK [Q6] highlights total: 28 (expected >=15)
OK [Q7] sourceNote ratio: 4/7 (expected >=4/7)
OK [Q8] FAQ count: 5 (expected >=5)
OK [Q9] sources URL count: 3 (expected >=3)
OK [Q10] keyFacts rows: 9 (expected >=9)
OK [Q11] title keywords in body: 4/4 (expected 4/4)
OK [Q12] speculation words ban: none (expected 0)
OK [Q13] slug ASCII: social-welfare-corporation-establishment-permit (expected a-z 0-9 - _)

Pass rate: 13/13 = 100%
PASS

==================================================
[special-mission-veteran-registration] 특수임무유공자 유족등록 사진과 가족관계증명서로 30일 신청하는 법
==================================================
OK [Q1] QA cards count: 7 (expected >=7)
OK [Q2] intro 200 chars: 7/7 (expected 7/7)
OK [Q3] visual element per QA: 7/7 (expected 7/7)
OK [Q4] tables total: 2 (expected >=2)
OK [Q5] boxes total: 7 (expected >=3)
OK [Q6] highlights total: 28 (expected >=15)
OK [Q7] sourceNote ratio: 5/7 (expected >=4/7)
OK [Q8] FAQ count: 5 (expected >=5)
OK [Q9] sources URL count: 3 (expected >=3)
OK [Q10] keyFacts rows: 9 (expected >=9)
OK [Q11] title keywords in body: 4/4 (expected 4/4)
OK [Q12] speculation words ban: none (expected 0)
OK [Q13] slug ASCII: special-mission-veteran-registration (expected a-z 0-9 - _)

Pass rate: 13/13 = 100%
PASS

==================================================
[special-telecom-business-registration] 별정통신사업자 등록 사업계획서와 통신망구성도로 중앙전파관리소 수수료없이 30일 만에 받는 법
==================================================
OK [Q1] QA cards count: 7 (expected >=7)
OK [Q2] intro 200 chars: 7/7 (expected 7/7)
OK [Q3] visual element per QA: 7/7 (expected 7/7)
OK [Q4] tables total: 2 (expected >=2)
OK [Q5] boxes total: 7 (expected >=3)
OK [Q6] highlights total: 28 (expected >=15)
OK [Q7] sourceNote ratio: 4/7 (expected >=4/7)
OK [Q8] FAQ count: 5 (expected >=5)
OK [Q9] sources URL count: 3 (expected >=3)
OK [Q10] keyFacts rows: 9 (expected >=9)
OK [Q11] title keywords in body: 4/4 (expected 4/4)
OK [Q12] speculation words ban: none (expected 0)
OK [Q13] slug ASCII: special-telecom-business-registration (expected a-z 0-9 - _)

Pass rate: 13/13 = 100%
PASS

==================================================
[sports-class-voucher] 스포츠강좌이용권 지원대상과 사용법, 장애인이용권은 뭐가 다른가요?
==================================================
OK [Q1] QA cards count: 7 (expected >=7)
OK [Q2] intro 200 chars: 7/7 (expected 7/7)
OK [Q3] visual element per QA: 7/7 (expected 7/7)
OK [Q4] tables total: 3 (expected >=2)
OK [Q5] boxes total: 4 (expected >=3)
OK [Q6] highlights total: 27 (expected >=15)
OK [Q7] sourceNote ratio: 7/7 (expected >=4/7)
OK [Q8] FAQ count: 5 (expected >=5)
OK [Q9] sources URL count: 4 (expected >=3)
OK [Q10] keyFacts rows: 9 (expected >=9)
OK [Q11] title keywords in body: 4/4 (expected 4/4)
OK [Q12] speculation words ban: none (expected 0)
OK [Q13] slug ASCII: sports-class-voucher (expected a-z 0-9 - _)

Pass rate: 13/13 = 100%
PASS

==================================================
[sports-facility-business-report] 수영장 골프연습장 당구장 체육시설업신고 사용권증명서로 시군구에 7일 만에 신청하는 법
==================================================
OK [Q1] QA cards count: 7 (expected >=7)
OK [Q2] intro 200 chars: 7/7 (expected 7/7)
OK [Q3] visual element per QA: 7/7 (expected 7/7)
OK [Q4] tables total: 2 (expected >=2)
OK [Q5] boxes total: 7 (expected >=3)
OK [Q6] highlights total: 28 (expected >=15)
OK [Q7] sourceNote ratio: 4/7 (expected >=4/7)
OK [Q8] FAQ count: 5 (expected >=5)
OK [Q9] sources URL count: 3 (expected >=3)
OK [Q10] keyFacts rows: 9 (expected >=9)
OK [Q11] title keywords in body: 4/4 (expected 4/4)
OK [Q12] speculation words ban: none (expected 0)
OK [Q13] slug ASCII: sports-facility-business-report (expected a-z 0-9 - _)

Pass rate: 13/13 = 100%
PASS

==================================================
[sports-facility-closure-report] 체육시설업 휴업 폐업통보 서류 없이 세무서와 함께 즉시 신고하는 법
==================================================
OK [Q1] QA cards count: 7 (expected >=7)
OK [Q2] intro 200 chars: 7/7 (expected 7/7)
OK [Q3] visual element per QA: 7/7 (expected 7/7)
OK [Q4] tables total: 2 (expected >=2)
OK [Q5] boxes total: 7 (expected >=3)
OK [Q6] highlights total: 28 (expected >=15)
OK [Q7] sourceNote ratio: 4/7 (expected >=4/7)
OK [Q8] FAQ count: 5 (expected >=5)
OK [Q9] sources URL count: 3 (expected >=3)
OK [Q10] keyFacts rows: 9 (expected >=9)
OK [Q11] title keywords in body: 4/4 (expected 4/4)
OK [Q12] speculation words ban: none (expected 0)
OK [Q13] slug ASCII: sports-facility-closure-report (expected a-z 0-9 - _)

Pass rate: 13/13 = 100%
PASS

==================================================
[sports-industry-internship] 스포츠산업 청년 인턴십
==================================================
OK [Q1] QA cards count: 7 (expected >=7)
OK [Q2] intro 200 chars: 7/7 (expected 7/7)
OK [Q3] visual element per QA: 7/7 (expected 7/7)
OK [Q4] tables total: 2 (expected >=2)
OK [Q5] boxes total: 5 (expected >=3)
OK [Q6] highlights total: 37 (expected >=15)
OK [Q7] sourceNote ratio: 7/7 (expected >=4/7)
OK [Q8] FAQ count: 5 (expected >=5)
OK [Q9] sources URL count: 3 (expected >=3)
XX [Q10] keyFacts rows: 4 (expected >=9)
XX [Q11] title keywords in body: no titleKeywords (expected titleKeywords defined)
     add titleKeywords field to policy data
OK [Q12] speculation words ban: none (expected 0)
OK [Q13] slug ASCII: sports-industry-internship (expected a-z 0-9 - _)

Pass rate: 11/13 = 85%
PASS

==================================================
[spouse-birth-leave-pay] 배우자 출산휴가급여 사용기한과 중소기업 차이, 모르면 손해보는 함정
==================================================
OK [Q1] QA cards count: 8 (expected >=7)
OK [Q2] intro 200 chars: 8/8 (expected 8/8)
OK [Q3] visual element per QA: 8/8 (expected 8/8)
OK [Q4] tables total: 4 (expected >=2)
OK [Q5] boxes total: 4 (expected >=3)
OK [Q6] highlights total: 32 (expected >=15)
OK [Q7] sourceNote ratio: 8/8 (expected >=4/8)
OK [Q8] FAQ count: 5 (expected >=5)
OK [Q9] sources URL count: 4 (expected >=3)
OK [Q10] keyFacts rows: 9 (expected >=9)
OK [Q11] title keywords in body: 4/4 (expected 4/4)
OK [Q12] speculation words ban: none (expected 0)
OK [Q13] slug ASCII: spouse-birth-leave-pay (expected a-z 0-9 - _)

Pass rate: 13/13 = 100%
PASS

==================================================
[standard-land-price-objection] 표준지공시지가 이의신청 국토교통부에 30일 이내 사유서로 신청하는 법
==================================================
OK [Q1] QA cards count: 7 (expected >=7)
OK [Q2] intro 200 chars: 7/7 (expected 7/7)
OK [Q3] visual element per QA: 7/7 (expected 7/7)
OK [Q4] tables total: 2 (expected >=2)
OK [Q5] boxes total: 7 (expected >=3)
OK [Q6] highlights total: 28 (expected >=15)
OK [Q7] sourceNote ratio: 5/7 (expected >=4/7)
OK [Q8] FAQ count: 5 (expected >=5)
OK [Q9] sources URL count: 3 (expected >=3)
OK [Q10] keyFacts rows: 9 (expected >=9)
OK [Q11] title keywords in body: 4/4 (expected 4/4)
OK [Q12] speculation words ban: none (expected 0)
OK [Q13] slug ASCII: standard-land-price-objection (expected a-z 0-9 - _)

Pass rate: 13/13 = 100%
PASS

==================================================
[startup-support] 창업사업화지원 신청자격과 딥테크 특화, TIPS 중복여부까지
==================================================
OK [Q1] QA cards count: 7 (expected >=7)
OK [Q2] intro 200 chars: 7/7 (expected 7/7)
OK [Q3] visual element per QA: 7/7 (expected 7/7)
OK [Q4] tables total: 2 (expected >=2)
OK [Q5] boxes total: 6 (expected >=3)
OK [Q6] highlights total: 28 (expected >=15)
OK [Q7] sourceNote ratio: 7/7 (expected >=4/7)
OK [Q8] FAQ count: 5 (expected >=5)
OK [Q9] sources URL count: 4 (expected >=3)
OK [Q10] keyFacts rows: 9 (expected >=9)
XX [Q11] title keywords in body: 3/4 (expected 4/4)
     missing in body: 중소벤처기업부
OK [Q12] speculation words ban: none (expected 0)
OK [Q13] slug ASCII: startup-support (expected a-z 0-9 - _)

Pass rate: 12/13 = 92%
PASS

==================================================
[stepping-stone-loan] 징검다리론 연 9% 이내로 갈아타기, 햇살론 2년 갚았으면 대상인가
==================================================
OK [Q1] QA cards count: 7 (expected >=7)
OK [Q2] intro 200 chars: 7/7 (expected 7/7)
OK [Q3] visual element per QA: 7/7 (expected 7/7)
OK [Q4] tables total: 7 (expected >=2)
OK [Q5] boxes total: 6 (expected >=3)
OK [Q6] highlights total: 28 (expected >=15)
OK [Q7] sourceNote ratio: 7/7 (expected >=4/7)
OK [Q8] FAQ count: 5 (expected >=5)
OK [Q9] sources URL count: 3 (expected >=3)
OK [Q10] keyFacts rows: 11 (expected >=9)
OK [Q11] title keywords in body: 4/4 (expected 4/4)
OK [Q12] speculation words ban: none (expected 0)
OK [Q13] slug ASCII: stepping-stone-loan (expected a-z 0-9 - _)

Pass rate: 13/13 = 100%
PASS

==================================================
[student-edu-info] 학생 교육정보화 지원 신청자격, 졸업하면 어떻게 되나요?
==================================================
OK [Q1] QA cards count: 8 (expected >=7)
OK [Q2] intro 200 chars: 8/8 (expected 8/8)
OK [Q3] visual element per QA: 8/8 (expected 8/8)
OK [Q4] tables total: 2 (expected >=2)
OK [Q5] boxes total: 7 (expected >=3)
OK [Q6] highlights total: 32 (expected >=15)
OK [Q7] sourceNote ratio: 8/8 (expected >=4/8)
OK [Q8] FAQ count: 5 (expected >=5)
OK [Q9] sources URL count: 4 (expected >=3)
OK [Q10] keyFacts rows: 9 (expected >=9)
OK [Q11] title keywords in body: 4/4 (expected 4/4)
OK [Q12] speculation words ban: none (expected 0)
OK [Q13] slug ASCII: student-edu-info (expected a-z 0-9 - _)

Pass rate: 13/13 = 100%
PASS

==================================================
[sunshine-loan-119] 햇살론119 신청자격과 금리·보증료, 다른 햇살론과 차이
==================================================
OK [Q1] QA cards count: 7 (expected >=7)
OK [Q2] intro 200 chars: 7/7 (expected 7/7)
OK [Q3] visual element per QA: 7/7 (expected 7/7)
OK [Q4] tables total: 2 (expected >=2)
OK [Q5] boxes total: 5 (expected >=3)
OK [Q6] highlights total: 28 (expected >=15)
OK [Q7] sourceNote ratio: 4/7 (expected >=4/7)
OK [Q8] FAQ count: 5 (expected >=5)
OK [Q9] sources URL count: 3 (expected >=3)
XX [Q10] keyFacts rows: 8 (expected >=9)
XX [Q11] title keywords in body: 2/4 (expected 4/4)
     missing in body: 개인사업자 채무조정, 한도 2000만
OK [Q12] speculation words ban: none (expected 0)
OK [Q13] slug ASCII: sunshine-loan-119 (expected a-z 0-9 - _)

Pass rate: 11/13 = 85%
PASS

==================================================
[sunshine-loan-bank] 햇살론뱅크 신청자격과 한도, 신용도 개선해야 받을 수 있나요?
==================================================
OK [Q1] QA cards count: 7 (expected >=7)
OK [Q2] intro 200 chars: 7/7 (expected 7/7)
OK [Q3] visual element per QA: 7/7 (expected 7/7)
OK [Q4] tables total: 4 (expected >=2)
OK [Q5] boxes total: 3 (expected >=3)
OK [Q6] highlights total: 28 (expected >=15)
OK [Q7] sourceNote ratio: 7/7 (expected >=4/7)
OK [Q8] FAQ count: 5 (expected >=5)
OK [Q9] sources URL count: 3 (expected >=3)
OK [Q10] keyFacts rows: 9 (expected >=9)
OK [Q11] title keywords in body: 4/4 (expected 4/4)
OK [Q12] speculation words ban: none (expected 0)
OK [Q13] slug ASCII: sunshine-loan-bank (expected a-z 0-9 - _)

Pass rate: 13/13 = 100%
PASS

==================================================
[sunshine-loan-card] 햇살론카드 발급 자격과 한도, 필수교육은 왜 받아야 하나요?
==================================================
OK [Q1] QA cards count: 7 (expected >=7)
OK [Q2] intro 200 chars: 7/7 (expected 7/7)
OK [Q3] visual element per QA: 7/7 (expected 7/7)
OK [Q4] tables total: 2 (expected >=2)
OK [Q5] boxes total: 5 (expected >=3)
OK [Q6] highlights total: 28 (expected >=15)
OK [Q7] sourceNote ratio: 4/7 (expected >=4/7)
OK [Q8] FAQ count: 5 (expected >=5)
OK [Q9] sources URL count: 3 (expected >=3)
OK [Q10] keyFacts rows: 9 (expected >=9)
OK [Q11] title keywords in body: 4/4 (expected 4/4)
OK [Q12] speculation words ban: none (expected 0)
OK [Q13] slug ASCII: sunshine-loan-card (expected a-z 0-9 - _)

Pass rate: 13/13 = 100%
PASS

==================================================
[sunshine-loan-general] 햇살론일반 신청자격과 상환방법, 보증료 인하 받는 법
==================================================
OK [Q1] QA cards count: 7 (expected >=7)
OK [Q2] intro 200 chars: 7/7 (expected 7/7)
OK [Q3] visual element per QA: 7/7 (expected 7/7)
OK [Q4] tables total: 2 (expected >=2)
OK [Q5] boxes total: 5 (expected >=3)
OK [Q6] highlights total: 28 (expected >=15)
OK [Q7] sourceNote ratio: 4/7 (expected >=4/7)
OK [Q8] FAQ count: 5 (expected >=5)
OK [Q9] sources URL count: 3 (expected >=3)
XX [Q10] keyFacts rows: 8 (expected >=9)
XX [Q11] title keywords in body: 1/4 (expected 4/4)
     missing in body: 근로자 자영업자, 한도 1500만, 금리 연 10%
OK [Q12] speculation words ban: none (expected 0)
OK [Q13] slug ASCII: sunshine-loan-general (expected a-z 0-9 - _)

Pass rate: 11/13 = 85%
PASS

==================================================
[sunshine-loan-special] 햇살론특례 햇살론일반과 차이, 신청해도 거절될 수 있나요?
==================================================
OK [Q1] QA cards count: 7 (expected >=7)
OK [Q2] intro 200 chars: 7/7 (expected 7/7)
OK [Q3] visual element per QA: 7/7 (expected 7/7)
OK [Q4] tables total: 3 (expected >=2)
OK [Q5] boxes total: 4 (expected >=3)
OK [Q6] highlights total: 28 (expected >=15)
OK [Q7] sourceNote ratio: 4/7 (expected >=4/7)
OK [Q8] FAQ count: 5 (expected >=5)
OK [Q9] sources URL count: 3 (expected >=3)
XX [Q10] keyFacts rows: 8 (expected >=9)
XX [Q11] title keywords in body: 3/4 (expected 4/4)
     missing in body: 한도 1000만
OK [Q12] speculation words ban: none (expected 0)
OK [Q13] slug ASCII: sunshine-loan-special (expected a-z 0-9 - _)

Pass rate: 11/13 = 85%
PASS

==================================================
[sunshine-youth-loan] 햇살론유스 신청자격과 거치·상환기간, 특정용도자금이란
==================================================
OK [Q1] QA cards count: 7 (expected >=7)
OK [Q2] intro 200 chars: 7/7 (expected 7/7)
OK [Q3] visual element per QA: 7/7 (expected 7/7)
OK [Q4] tables total: 4 (expected >=2)
OK [Q5] boxes total: 3 (expected >=3)
OK [Q6] highlights total: 28 (expected >=15)
OK [Q7] sourceNote ratio: 7/7 (expected >=4/7)
OK [Q8] FAQ count: 5 (expected >=5)
OK [Q9] sources URL count: 3 (expected >=3)
OK [Q10] keyFacts rows: 9 (expected >=9)
XX [Q11] title keywords in body: 1/4 (expected 4/4)
     missing in body: 청년 대출, 한도 1200만, 대학생 미취업
OK [Q12] speculation words ban: none (expected 0)
OK [Q13] slug ASCII: sunshine-youth-loan (expected a-z 0-9 - _)

Pass rate: 12/13 = 92%
PASS

==================================================
[super-isa] 슈퍼ISA(생산적 금융 ISA) 청년형·국민성장, 출시일·개설 총정리
==================================================
OK [Q1] QA cards count: 7 (expected >=7)
OK [Q2] intro 200 chars: 7/7 (expected 7/7)
OK [Q3] visual element per QA: 7/7 (expected 7/7)
OK [Q4] tables total: 2 (expected >=2)
OK [Q5] boxes total: 6 (expected >=3)
OK [Q6] highlights total: 28 (expected >=15)
OK [Q7] sourceNote ratio: 4/7 (expected >=4/7)
OK [Q8] FAQ count: 5 (expected >=5)
OK [Q9] sources URL count: 3 (expected >=3)
OK [Q10] keyFacts rows: 9 (expected >=9)
OK [Q11] title keywords in body: 4/4 (expected 4/4)
OK [Q12] speculation words ban: none (expected 0)
OK [Q13] slug ASCII: super-isa (expected a-z 0-9 - _)

Pass rate: 13/13 = 100%
PASS

==================================================
[surname-change-report] 성본 변경 신청, 친부 동의 없어도 되나 절차는 어떻게 되나
==================================================
OK [Q1] QA cards count: 7 (expected >=7)
OK [Q2] intro 200 chars: 7/7 (expected 7/7)
OK [Q3] visual element per QA: 7/7 (expected 7/7)
OK [Q4] tables total: 5 (expected >=2)
OK [Q5] boxes total: 4 (expected >=3)
OK [Q6] highlights total: 28 (expected >=15)
OK [Q7] sourceNote ratio: 7/7 (expected >=4/7)
OK [Q8] FAQ count: 5 (expected >=5)
OK [Q9] sources URL count: 4 (expected >=3)
OK [Q10] keyFacts rows: 12 (expected >=9)
OK [Q11] title keywords in body: 4/4 (expected 4/4)
OK [Q12] speculation words ban: none (expected 0)
OK [Q13] slug ASCII: surname-change-report (expected a-z 0-9 - _)

Pass rate: 13/13 = 100%
PASS

==================================================
[sword-possession-permit] 도검 소지허가 신청 신체검사서와 출처증명서로 경찰서에 3천원 7일 만에 받는 법
==================================================
OK [Q1] QA cards count: 7 (expected >=7)
OK [Q2] intro 200 chars: 7/7 (expected 7/7)
OK [Q3] visual element per QA: 7/7 (expected 7/7)
OK [Q4] tables total: 2 (expected >=2)
OK [Q5] boxes total: 7 (expected >=3)
OK [Q6] highlights total: 28 (expected >=15)
OK [Q7] sourceNote ratio: 5/7 (expected >=4/7)
OK [Q8] FAQ count: 5 (expected >=5)
OK [Q9] sources URL count: 3 (expected >=3)
OK [Q10] keyFacts rows: 9 (expected >=9)
OK [Q11] title keywords in body: 4/4 (expected 4/4)
OK [Q12] speculation words ban: none (expected 0)
OK [Q13] slug ASCII: sword-possession-permit (expected a-z 0-9 - _)

Pass rate: 13/13 = 100%
PASS

==================================================
[teen-female-hygiene] 여성청소년 생리용품 지원 신청방법, 24세 넘으면 못 받나요?
==================================================
OK [Q1] QA cards count: 8 (expected >=7)
OK [Q2] intro 200 chars: 8/8 (expected 8/8)
OK [Q3] visual element per QA: 8/8 (expected 8/8)
OK [Q4] tables total: 2 (expected >=2)
OK [Q5] boxes total: 7 (expected >=3)
OK [Q6] highlights total: 32 (expected >=15)
OK [Q7] sourceNote ratio: 8/8 (expected >=4/8)
OK [Q8] FAQ count: 5 (expected >=5)
OK [Q9] sources URL count: 4 (expected >=3)
OK [Q10] keyFacts rows: 9 (expected >=9)
OK [Q11] title keywords in body: 4/4 (expected 4/4)
OK [Q12] speculation words ban: none (expected 0)
OK [Q13] slug ASCII: teen-female-hygiene (expected a-z 0-9 - _)

Pass rate: 13/13 = 100%
PASS

==================================================
[teen-independence-aid] 퇴소청소년 자립지원수당 신청방법, 3년 후에는 어떻게 되나요?
==================================================
OK [Q1] QA cards count: 8 (expected >=7)
OK [Q2] intro 200 chars: 8/8 (expected 8/8)
OK [Q3] visual element per QA: 8/8 (expected 8/8)
OK [Q4] tables total: 2 (expected >=2)
OK [Q5] boxes total: 6 (expected >=3)
OK [Q6] highlights total: 32 (expected >=15)
OK [Q7] sourceNote ratio: 8/8 (expected >=4/8)
OK [Q8] FAQ count: 5 (expected >=5)
OK [Q9] sources URL count: 4 (expected >=3)
OK [Q10] keyFacts rows: 9 (expected >=9)
OK [Q11] title keywords in body: 4/4 (expected 4/4)
OK [Q12] speculation words ban: none (expected 0)
OK [Q13] slug ASCII: teen-independence-aid (expected a-z 0-9 - _)

Pass rate: 13/13 = 100%
PASS

==================================================
[teen-parent-child-aid] 청소년부모 아동양육비 청소년한부모와 차이, 25세 넘으면?
==================================================
OK [Q1] QA cards count: 9 (expected >=7)
OK [Q2] intro 200 chars: 9/9 (expected 9/9)
OK [Q3] visual element per QA: 9/9 (expected 9/9)
OK [Q4] tables total: 3 (expected >=2)
OK [Q5] boxes total: 7 (expected >=3)
OK [Q6] highlights total: 36 (expected >=15)
OK [Q7] sourceNote ratio: 9/9 (expected >=5/9)
OK [Q8] FAQ count: 5 (expected >=5)
OK [Q9] sources URL count: 4 (expected >=3)
OK [Q10] keyFacts rows: 9 (expected >=9)
OK [Q11] title keywords in body: 4/4 (expected 4/4)
OK [Q12] speculation words ban: none (expected 0)
OK [Q13] slug ASCII: teen-parent-child-aid (expected a-z 0-9 - _)

Pass rate: 13/13 = 100%
PASS

==================================================
[teen-single-parent] 청소년한부모 아동양육·자립지원, 일반 한부모와 차이는?
==================================================
OK [Q1] QA cards count: 10 (expected >=7)
OK [Q2] intro 200 chars: 10/10 (expected 10/10)
OK [Q3] visual element per QA: 10/10 (expected 10/10)
OK [Q4] tables total: 3 (expected >=2)
OK [Q5] boxes total: 7 (expected >=3)
OK [Q6] highlights total: 40 (expected >=15)
OK [Q7] sourceNote ratio: 10/10 (expected >=5/10)
OK [Q8] FAQ count: 5 (expected >=5)
OK [Q9] sources URL count: 4 (expected >=3)
OK [Q10] keyFacts rows: 9 (expected >=9)
OK [Q11] title keywords in body: 4/4 (expected 4/4)
OK [Q12] speculation words ban: none (expected 0)
OK [Q13] slug ASCII: teen-single-parent (expected a-z 0-9 - _)

Pass rate: 13/13 = 100%
PASS

==================================================
[term-vs-whole-life-insurance] 정기보험 종신보험, 사망보장 뭐가 다르고 뭘 골라야 하나요
==================================================
OK [Q1] QA cards count: 7 (expected >=7)
OK [Q2] intro 200 chars: 7/7 (expected 7/7)
OK [Q3] visual element per QA: 7/7 (expected 7/7)
OK [Q4] tables total: 3 (expected >=2)
OK [Q5] boxes total: 4 (expected >=3)
OK [Q6] highlights total: 28 (expected >=15)
OK [Q7] sourceNote ratio: 7/7 (expected >=4/7)
OK [Q8] FAQ count: 5 (expected >=5)
OK [Q9] sources URL count: 4 (expected >=3)
XX [Q10] keyFacts rows: 4 (expected >=9)
XX [Q11] title keywords in body: 0/4 (expected 4/4)
     missing in body: 정기보험 종신보험 차이, 사망보장보험 비교, 순수보장형 만기환급형, 가장 사망보장
OK [Q12] speculation words ban: none (expected 0)
OK [Q13] slug ASCII: term-vs-whole-life-insurance (expected a-z 0-9 - _)

Pass rate: 11/13 = 85%
PASS

==================================================
[thyroid-cancer-diagnosis-rider] 갑상선암은 왜 일반암보다 진단비가 적게 나오나요
==================================================
OK [Q1] QA cards count: 7 (expected >=7)
OK [Q2] intro 200 chars: 7/7 (expected 7/7)
OK [Q3] visual element per QA: 7/7 (expected 7/7)
OK [Q4] tables total: 2 (expected >=2)
OK [Q5] boxes total: 5 (expected >=3)
OK [Q6] highlights total: 28 (expected >=15)
OK [Q7] sourceNote ratio: 7/7 (expected >=4/7)
OK [Q8] FAQ count: 5 (expected >=5)
OK [Q9] sources URL count: 3 (expected >=3)
OK [Q10] keyFacts rows: 9 (expected >=9)
OK [Q11] title keywords in body: 4/4 (expected 4/4)
OK [Q12] speculation words ban: none (expected 0)
OK [Q13] slug ASCII: thyroid-cancer-diagnosis-rider (expected a-z 0-9 - _)

Pass rate: 13/13 = 100%
PASS

==================================================
[tips-program] TIPS 팁스 신청자격과 선정절차, 스케일업 TIPS는 뭐가 다른가요?
==================================================
OK [Q1] QA cards count: 7 (expected >=7)
OK [Q2] intro 200 chars: 7/7 (expected 7/7)
OK [Q3] visual element per QA: 7/7 (expected 7/7)
OK [Q4] tables total: 2 (expected >=2)
OK [Q5] boxes total: 6 (expected >=3)
OK [Q6] highlights total: 28 (expected >=15)
OK [Q7] sourceNote ratio: 7/7 (expected >=4/7)
OK [Q8] FAQ count: 5 (expected >=5)
OK [Q9] sources URL count: 4 (expected >=3)
OK [Q10] keyFacts rows: 9 (expected >=9)
XX [Q11] title keywords in body: 2/4 (expected 4/4)
     missing in body: 팁스, 중소벤처기업부
OK [Q12] speculation words ban: none (expected 0)
OK [Q13] slug ASCII: tips-program (expected a-z 0-9 - _)

Pass rate: 12/13 = 92%
PASS

==================================================
[tobacco-license-reissue] 담배소매인지정서 재발급 분실 훼손 시 즉시 무료로 받는 법
==================================================
OK [Q1] QA cards count: 7 (expected >=7)
OK [Q2] intro 200 chars: 7/7 (expected 7/7)
OK [Q3] visual element per QA: 7/7 (expected 7/7)
OK [Q4] tables total: 2 (expected >=2)
OK [Q5] boxes total: 7 (expected >=3)
OK [Q6] highlights total: 28 (expected >=15)
OK [Q7] sourceNote ratio: 4/7 (expected >=4/7)
OK [Q8] FAQ count: 5 (expected >=5)
OK [Q9] sources URL count: 3 (expected >=3)
OK [Q10] keyFacts rows: 9 (expected >=9)
OK [Q11] title keywords in body: 4/4 (expected 4/4)
OK [Q12] speculation words ban: none (expected 0)
OK [Q13] slug ASCII: tobacco-license-reissue (expected a-z 0-9 - _)

Pass rate: 13/13 = 100%
PASS

==================================================
[tobacco-retailer-designation] 담배소매인 지정신청 점포사용권 서류로 시군구에 7일 만에 신청하는 법
==================================================
OK [Q1] QA cards count: 7 (expected >=7)
OK [Q2] intro 200 chars: 7/7 (expected 7/7)
OK [Q3] visual element per QA: 7/7 (expected 7/7)
OK [Q4] tables total: 2 (expected >=2)
OK [Q5] boxes total: 7 (expected >=3)
OK [Q6] highlights total: 28 (expected >=15)
OK [Q7] sourceNote ratio: 4/7 (expected >=4/7)
OK [Q8] FAQ count: 5 (expected >=5)
OK [Q9] sources URL count: 3 (expected >=3)
OK [Q10] keyFacts rows: 9 (expected >=9)
OK [Q11] title keywords in body: 4/4 (expected 4/4)
OK [Q12] speculation words ban: none (expected 0)
OK [Q13] slug ASCII: tobacco-retailer-designation (expected a-z 0-9 - _)

Pass rate: 13/13 = 100%
PASS

==================================================
[tobacco-wholesale-business-registration] 담배도매업 등록 담배공급계약서로 시군구에 수수료없이 5일 만에 받는 법
==================================================
OK [Q1] QA cards count: 7 (expected >=7)
OK [Q2] intro 200 chars: 7/7 (expected 7/7)
OK [Q3] visual element per QA: 7/7 (expected 7/7)
OK [Q4] tables total: 2 (expected >=2)
OK [Q5] boxes total: 7 (expected >=3)
OK [Q6] highlights total: 28 (expected >=15)
OK [Q7] sourceNote ratio: 5/7 (expected >=4/7)
OK [Q8] FAQ count: 5 (expected >=5)
OK [Q9] sources URL count: 3 (expected >=3)
OK [Q10] keyFacts rows: 9 (expected >=9)
OK [Q11] title keywords in body: 4/4 (expected 4/4)
OK [Q12] speculation words ban: none (expected 0)
OK [Q13] slug ASCII: tobacco-wholesale-business-registration (expected a-z 0-9 - _)

Pass rate: 13/13 = 100%
PASS

==================================================
[tourism-business-registration] 여행업 관광숙박업 관광사업 등록 사업계획서로 시군구에 5일에서 14일 만에 신청하는 법
==================================================
OK [Q1] QA cards count: 7 (expected >=7)
OK [Q2] intro 200 chars: 7/7 (expected 7/7)
OK [Q3] visual element per QA: 7/7 (expected 7/7)
OK [Q4] tables total: 2 (expected >=2)
OK [Q5] boxes total: 7 (expected >=3)
OK [Q6] highlights total: 28 (expected >=15)
OK [Q7] sourceNote ratio: 4/7 (expected >=4/7)
OK [Q8] FAQ count: 5 (expected >=5)
OK [Q9] sources URL count: 3 (expected >=3)
OK [Q10] keyFacts rows: 9 (expected >=9)
OK [Q11] title keywords in body: 4/4 (expected 4/4)
OK [Q12] speculation words ban: none (expected 0)
OK [Q13] slug ASCII: tourism-business-registration (expected a-z 0-9 - _)

Pass rate: 13/13 = 100%
PASS

==================================================
[tourism-business-transfer-report] 관광사업 양수 지위승계 신고 시설인수명세서로 2만원 승계 1개월 이내 하는 법
==================================================
OK [Q1] QA cards count: 7 (expected >=7)
OK [Q2] intro 200 chars: 7/7 (expected 7/7)
OK [Q3] visual element per QA: 7/7 (expected 7/7)
OK [Q4] tables total: 2 (expected >=2)
OK [Q5] boxes total: 7 (expected >=3)
OK [Q6] highlights total: 28 (expected >=15)
OK [Q7] sourceNote ratio: 4/7 (expected >=4/7)
OK [Q8] FAQ count: 5 (expected >=5)
OK [Q9] sources URL count: 3 (expected >=3)
OK [Q10] keyFacts rows: 9 (expected >=9)
OK [Q11] title keywords in body: 4/4 (expected 4/4)
OK [Q12] speculation words ban: none (expected 0)
OK [Q13] slug ASCII: tourism-business-transfer-report (expected a-z 0-9 - _)

Pass rate: 13/13 = 100%
PASS

==================================================
[trademark-renewal-registration] 상표권 존속기간 갱신등록 신청 만료전1년이내 30만원 지식재산처 9일 만에 받는 법
==================================================
OK [Q1] QA cards count: 7 (expected >=7)
OK [Q2] intro 200 chars: 7/7 (expected 7/7)
OK [Q3] visual element per QA: 7/7 (expected 7/7)
OK [Q4] tables total: 2 (expected >=2)
OK [Q5] boxes total: 7 (expected >=3)
OK [Q6] highlights total: 28 (expected >=15)
OK [Q7] sourceNote ratio: 4/7 (expected >=4/7)
OK [Q8] FAQ count: 5 (expected >=5)
OK [Q9] sources URL count: 3 (expected >=3)
OK [Q10] keyFacts rows: 9 (expected >=9)
OK [Q11] title keywords in body: 4/4 (expected 4/4)
OK [Q12] speculation words ban: none (expected 0)
OK [Q13] slug ASCII: trademark-renewal-registration (expected a-z 0-9 - _)

Pass rate: 13/13 = 100%
PASS

==================================================
[traffic-accident] 교통사고 형사처벌·12대 중과실·합의·손해배상 총정리
==================================================
OK [Q1] QA cards count: 7 (expected >=7)
OK [Q2] intro 200 chars: 7/7 (expected 7/7)
OK [Q3] visual element per QA: 7/7 (expected 7/7)
OK [Q4] tables total: 2 (expected >=2)
OK [Q5] boxes total: 6 (expected >=3)
OK [Q6] highlights total: 28 (expected >=15)
OK [Q7] sourceNote ratio: 4/7 (expected >=4/7)
OK [Q8] FAQ count: 5 (expected >=5)
OK [Q9] sources URL count: 3 (expected >=3)
OK [Q10] keyFacts rows: 9 (expected >=9)
OK [Q11] title keywords in body: 4/4 (expected 4/4)
OK [Q12] speculation words ban: none (expected 0)
OK [Q13] slug ASCII: traffic-accident (expected a-z 0-9 - _)

Pass rate: 13/13 = 100%
PASS

==================================================
[transfer-of-residence-report] 전입신고 14일 이내 인터넷으로 세대주확인까지 끝내는 법
==================================================
OK [Q1] QA cards count: 7 (expected >=7)
OK [Q2] intro 200 chars: 7/7 (expected 7/7)
OK [Q3] visual element per QA: 7/7 (expected 7/7)
OK [Q4] tables total: 2 (expected >=2)
OK [Q5] boxes total: 6 (expected >=3)
OK [Q6] highlights total: 27 (expected >=15)
OK [Q7] sourceNote ratio: 7/7 (expected >=4/7)
OK [Q8] FAQ count: 5 (expected >=5)
OK [Q9] sources URL count: 3 (expected >=3)
OK [Q10] keyFacts rows: 9 (expected >=9)
OK [Q11] title keywords in body: 4/4 (expected 4/4)
OK [Q12] speculation words ban: none (expected 0)
OK [Q13] slug ASCII: transfer-of-residence-report (expected a-z 0-9 - _)

Pass rate: 13/13 = 100%
PASS

==================================================
[travel-duty-free] 해외여행 면세 한도 800달러, 술·담배·향수 별도와 자진신고
==================================================
OK [Q1] QA cards count: 8 (expected >=7)
OK [Q2] intro 200 chars: 8/8 (expected 8/8)
OK [Q3] visual element per QA: 8/8 (expected 8/8)
OK [Q4] tables total: 2 (expected >=2)
OK [Q5] boxes total: 6 (expected >=3)
OK [Q6] highlights total: 32 (expected >=15)
OK [Q7] sourceNote ratio: 4/8 (expected >=4/8)
OK [Q8] FAQ count: 5 (expected >=5)
OK [Q9] sources URL count: 3 (expected >=3)
OK [Q10] keyFacts rows: 9 (expected >=9)
OK [Q11] title keywords in body: 4/4 (expected 4/4)
OK [Q12] speculation words ban: none (expected 0)
OK [Q13] slug ASCII: travel-duty-free (expected a-z 0-9 - _)

Pass rate: 13/13 = 100%
PASS

==================================================
[tutoring-center-establishment-report] 교습소 신고 시설평면도와 자격증명서로 교육지원청 수수료없이 8일 만에 받는 법
==================================================
OK [Q1] QA cards count: 7 (expected >=7)
XX [Q2] intro 200 chars: 6/7 (expected 7/7)
     missing: q-fee-period
OK [Q3] visual element per QA: 7/7 (expected 7/7)
OK [Q4] tables total: 2 (expected >=2)
OK [Q5] boxes total: 7 (expected >=3)
OK [Q6] highlights total: 28 (expected >=15)
OK [Q7] sourceNote ratio: 4/7 (expected >=4/7)
OK [Q8] FAQ count: 5 (expected >=5)
OK [Q9] sources URL count: 3 (expected >=3)
OK [Q10] keyFacts rows: 9 (expected >=9)
OK [Q11] title keywords in body: 4/4 (expected 4/4)
OK [Q12] speculation words ban: none (expected 0)
OK [Q13] slug ASCII: tutoring-center-establishment-report (expected a-z 0-9 - _)

Pass rate: 12/13 = 92%
PASS

==================================================
[ultralight-aircraft-registration] 드론 초경량비행장치 소유증명과 측면사진으로 7일 만에 신고하는 법
==================================================
OK [Q1] QA cards count: 7 (expected >=7)
OK [Q2] intro 200 chars: 7/7 (expected 7/7)
OK [Q3] visual element per QA: 7/7 (expected 7/7)
OK [Q4] tables total: 2 (expected >=2)
OK [Q5] boxes total: 7 (expected >=3)
OK [Q6] highlights total: 28 (expected >=15)
OK [Q7] sourceNote ratio: 4/7 (expected >=4/7)
OK [Q8] FAQ count: 5 (expected >=5)
OK [Q9] sources URL count: 3 (expected >=3)
OK [Q10] keyFacts rows: 9 (expected >=9)
OK [Q11] title keywords in body: 4/4 (expected 4/4)
OK [Q12] speculation words ban: none (expected 0)
OK [Q13] slug ASCII: ultralight-aircraft-registration (expected a-z 0-9 - _)

Pass rate: 13/13 = 100%
PASS

==================================================
[unemployment-credit-recognition] 구직급여 수급자격 인정과 국민연금 실업크레딧 서류 없이 신청하는 법
==================================================
OK [Q1] QA cards count: 7 (expected >=7)
OK [Q2] intro 200 chars: 7/7 (expected 7/7)
OK [Q3] visual element per QA: 7/7 (expected 7/7)
OK [Q4] tables total: 2 (expected >=2)
OK [Q5] boxes total: 7 (expected >=3)
OK [Q6] highlights total: 28 (expected >=15)
OK [Q7] sourceNote ratio: 5/7 (expected >=4/7)
OK [Q8] FAQ count: 5 (expected >=5)
OK [Q9] sources URL count: 3 (expected >=3)
OK [Q10] keyFacts rows: 9 (expected >=9)
OK [Q11] title keywords in body: 4/4 (expected 4/4)
OK [Q12] speculation words ban: none (expected 0)
OK [Q13] slug ASCII: unemployment-credit-recognition (expected a-z 0-9 - _)

Pass rate: 13/13 = 100%
PASS

==================================================
[unemployment-credit] 실업크레딧 — 구직급여 수급 중 국민연금 보험료 지원
==================================================
OK [Q1] QA cards count: 7 (expected >=7)
OK [Q2] intro 200 chars: 7/7 (expected 7/7)
OK [Q3] visual element per QA: 7/7 (expected 7/7)
OK [Q4] tables total: 2 (expected >=2)
OK [Q5] boxes total: 5 (expected >=3)
OK [Q6] highlights total: 34 (expected >=15)
OK [Q7] sourceNote ratio: 7/7 (expected >=4/7)
OK [Q8] FAQ count: 5 (expected >=5)
OK [Q9] sources URL count: 3 (expected >=3)
XX [Q10] keyFacts rows: 7 (expected >=9)
XX [Q11] title keywords in body: no titleKeywords (expected titleKeywords defined)
     add titleKeywords field to policy data
OK [Q12] speculation words ban: none (expected 0)
OK [Q13] slug ASCII: unemployment-credit (expected a-z 0-9 - _)

Pass rate: 11/13 = 85%
PASS

==================================================
[uninsured-birth-grant] 고용보험 미적용자 출산급여 4유형과 신청방법, 서울 추가지원까지
==================================================
OK [Q1] QA cards count: 8 (expected >=7)
OK [Q2] intro 200 chars: 8/8 (expected 8/8)
OK [Q3] visual element per QA: 8/8 (expected 8/8)
OK [Q4] tables total: 3 (expected >=2)
OK [Q5] boxes total: 5 (expected >=3)
OK [Q6] highlights total: 32 (expected >=15)
OK [Q7] sourceNote ratio: 8/8 (expected >=4/8)
OK [Q8] FAQ count: 5 (expected >=5)
OK [Q9] sources URL count: 4 (expected >=3)
OK [Q10] keyFacts rows: 9 (expected >=9)
OK [Q11] title keywords in body: 4/4 (expected 4/4)
OK [Q12] speculation words ban: none (expected 0)
OK [Q13] slug ASCII: uninsured-birth-grant (expected a-z 0-9 - _)

Pass rate: 13/13 = 100%
PASS

==================================================
[unit-taxation-branch-certificate] 사업자단위과세 종된사업장 증명 신분증만 있으면 무료로 즉시 발급받는 법
==================================================
OK [Q1] QA cards count: 7 (expected >=7)
OK [Q2] intro 200 chars: 7/7 (expected 7/7)
OK [Q3] visual element per QA: 7/7 (expected 7/7)
OK [Q4] tables total: 2 (expected >=2)
OK [Q5] boxes total: 7 (expected >=3)
OK [Q6] highlights total: 28 (expected >=15)
OK [Q7] sourceNote ratio: 5/7 (expected >=4/7)
OK [Q8] FAQ count: 5 (expected >=5)
OK [Q9] sources URL count: 3 (expected >=3)
OK [Q10] keyFacts rows: 9 (expected >=9)
OK [Q11] title keywords in body: 4/4 (expected 4/4)
OK [Q12] speculation words ban: none (expected 0)
OK [Q13] slug ASCII: unit-taxation-branch-certificate (expected a-z 0-9 - _)

Pass rate: 13/13 = 100%
PASS

==================================================
[unit-taxation-registration] 사업자단위과세 등록 종된사업장 사업자등록증으로 세무서에 3일 만에 신청하는 법
==================================================
OK [Q1] QA cards count: 7 (expected >=7)
OK [Q2] intro 200 chars: 7/7 (expected 7/7)
OK [Q3] visual element per QA: 7/7 (expected 7/7)
OK [Q4] tables total: 2 (expected >=2)
OK [Q5] boxes total: 7 (expected >=3)
OK [Q6] highlights total: 28 (expected >=15)
OK [Q7] sourceNote ratio: 5/7 (expected >=4/7)
OK [Q8] FAQ count: 5 (expected >=5)
OK [Q9] sources URL count: 3 (expected >=3)
OK [Q10] keyFacts rows: 9 (expected >=9)
OK [Q11] title keywords in body: 4/4 (expected 4/4)
OK [Q12] speculation words ban: none (expected 0)
OK [Q13] slug ASCII: unit-taxation-registration (expected a-z 0-9 - _)

Pass rate: 13/13 = 100%
PASS

==================================================
[unpaid-wages] 임금체불 신고·형사처벌·지연이자·대지급금 총정리
==================================================
OK [Q1] QA cards count: 7 (expected >=7)
OK [Q2] intro 200 chars: 7/7 (expected 7/7)
OK [Q3] visual element per QA: 7/7 (expected 7/7)
OK [Q4] tables total: 2 (expected >=2)
OK [Q5] boxes total: 7 (expected >=3)
OK [Q6] highlights total: 28 (expected >=15)
OK [Q7] sourceNote ratio: 4/7 (expected >=4/7)
OK [Q8] FAQ count: 5 (expected >=5)
OK [Q9] sources URL count: 3 (expected >=3)
OK [Q10] keyFacts rows: 9 (expected >=9)
OK [Q11] title keywords in body: 4/4 (expected 4/4)
OK [Q12] speculation words ban: none (expected 0)
OK [Q13] slug ASCII: unpaid-wages (expected a-z 0-9 - _)

Pass rate: 13/13 = 100%
PASS

==================================================
[urban-green-manager] 도시녹지관리원 공공일자리 신청자격, 계절마다 업무가 달라지나요?
==================================================
OK [Q1] QA cards count: 7 (expected >=7)
OK [Q2] intro 200 chars: 7/7 (expected 7/7)
OK [Q3] visual element per QA: 7/7 (expected 7/7)
OK [Q4] tables total: 2 (expected >=2)
OK [Q5] boxes total: 5 (expected >=3)
OK [Q6] highlights total: 35 (expected >=15)
OK [Q7] sourceNote ratio: 7/7 (expected >=4/7)
OK [Q8] FAQ count: 5 (expected >=5)
OK [Q9] sources URL count: 3 (expected >=3)
XX [Q10] keyFacts rows: 4 (expected >=9)
XX [Q11] title keywords in body: no titleKeywords (expected titleKeywords defined)
     add titleKeywords field to policy data
OK [Q12] speculation words ban: none (expected 0)
OK [Q13] slug ASCII: urban-green-manager (expected a-z 0-9 - _)

Pass rate: 11/13 = 85%
PASS

==================================================
[used-appliance-pickup] 폐가전 무상 방문수거 서비스
==================================================
OK [Q1] QA cards count: 7 (expected >=7)
OK [Q2] intro 200 chars: 7/7 (expected 7/7)
OK [Q3] visual element per QA: 7/7 (expected 7/7)
OK [Q4] tables total: 3 (expected >=2)
OK [Q5] boxes total: 4 (expected >=3)
OK [Q6] highlights total: 26 (expected >=15)
OK [Q7] sourceNote ratio: 7/7 (expected >=4/7)
OK [Q8] FAQ count: 5 (expected >=5)
OK [Q9] sources URL count: 4 (expected >=3)
XX [Q10] keyFacts rows: 8 (expected >=9)
XX [Q11] title keywords in body: no titleKeywords (expected titleKeywords defined)
     add titleKeywords field to policy data
OK [Q12] speculation words ban: none (expected 0)
OK [Q13] slug ASCII: used-appliance-pickup (expected a-z 0-9 - _)

Pass rate: 11/13 = 85%
PASS

==================================================
[vacant-house] 빈집 철거명령 받았을 때 60일 안에 대응하고 보상비 확인하는 법
==================================================
OK [Q1] QA cards count: 7 (expected >=7)
OK [Q2] intro 200 chars: 7/7 (expected 7/7)
OK [Q3] visual element per QA: 7/7 (expected 7/7)
OK [Q4] tables total: 5 (expected >=2)
OK [Q5] boxes total: 4 (expected >=3)
OK [Q6] highlights total: 28 (expected >=15)
OK [Q7] sourceNote ratio: 7/7 (expected >=4/7)
OK [Q8] FAQ count: 5 (expected >=5)
OK [Q9] sources URL count: 3 (expected >=3)
OK [Q10] keyFacts rows: 9 (expected >=9)
OK [Q11] title keywords in body: 4/4 (expected 4/4)
OK [Q12] speculation words ban: none (expected 0)
OK [Q13] slug ASCII: vacant-house (expected a-z 0-9 - _)

Pass rate: 13/13 = 100%
PASS

==================================================
[vaccination-certificate] 예방접종증명서 예방접종도우미에서 무료 즉시 발급받는 법
==================================================
OK [Q1] QA cards count: 7 (expected >=7)
OK [Q2] intro 200 chars: 7/7 (expected 7/7)
OK [Q3] visual element per QA: 7/7 (expected 7/7)
OK [Q4] tables total: 2 (expected >=2)
OK [Q5] boxes total: 7 (expected >=3)
OK [Q6] highlights total: 28 (expected >=15)
OK [Q7] sourceNote ratio: 5/7 (expected >=4/7)
OK [Q8] FAQ count: 5 (expected >=5)
OK [Q9] sources URL count: 3 (expected >=3)
OK [Q10] keyFacts rows: 9 (expected >=9)
OK [Q11] title keywords in body: 4/4 (expected 4/4)
OK [Q12] speculation words ban: none (expected 0)
OK [Q13] slug ASCII: vaccination-certificate (expected a-z 0-9 - _)

Pass rate: 13/13 = 100%
PASS

==================================================
[value-added-tax] 부가가치세 예정신고 확정신고 기간 확인하고 홈택스로 신고하는 법
==================================================
OK [Q1] QA cards count: 7 (expected >=7)
OK [Q2] intro 200 chars: 7/7 (expected 7/7)
OK [Q3] visual element per QA: 7/7 (expected 7/7)
OK [Q4] tables total: 2 (expected >=2)
OK [Q5] boxes total: 5 (expected >=3)
OK [Q6] highlights total: 28 (expected >=15)
OK [Q7] sourceNote ratio: 4/7 (expected >=4/7)
OK [Q8] FAQ count: 5 (expected >=5)
OK [Q9] sources URL count: 3 (expected >=3)
OK [Q10] keyFacts rows: 9 (expected >=9)
OK [Q11] title keywords in body: 4/4 (expected 4/4)
OK [Q12] speculation words ban: none (expected 0)
OK [Q13] slug ASCII: value-added-tax (expected a-z 0-9 - _)

Pass rate: 13/13 = 100%
PASS

==================================================
[value-added-telecom-business-report] 부가통신사업신고 통신망구성도로 중앙전파관리소 수수료없이 즉시 3시간 만에 받는 법
==================================================
OK [Q1] QA cards count: 7 (expected >=7)
OK [Q2] intro 200 chars: 7/7 (expected 7/7)
OK [Q3] visual element per QA: 7/7 (expected 7/7)
OK [Q4] tables total: 2 (expected >=2)
OK [Q5] boxes total: 7 (expected >=3)
OK [Q6] highlights total: 28 (expected >=15)
OK [Q7] sourceNote ratio: 6/7 (expected >=4/7)
OK [Q8] FAQ count: 5 (expected >=5)
OK [Q9] sources URL count: 3 (expected >=3)
OK [Q10] keyFacts rows: 9 (expected >=9)
OK [Q11] title keywords in body: 4/4 (expected 4/4)
OK [Q12] speculation words ban: none (expected 0)
OK [Q13] slug ASCII: value-added-telecom-business-report (expected a-z 0-9 - _)

Pass rate: 13/13 = 100%
PASS

==================================================
[vehicle-cancellation-registration] 자동차 말소등록 신청서 수수료 1000원 즉시 처리로 등록 없애는 법
==================================================
OK [Q1] QA cards count: 7 (expected >=7)
OK [Q2] intro 200 chars: 7/7 (expected 7/7)
OK [Q3] visual element per QA: 7/7 (expected 7/7)
OK [Q4] tables total: 2 (expected >=2)
OK [Q5] boxes total: 7 (expected >=3)
OK [Q6] highlights total: 28 (expected >=15)
OK [Q7] sourceNote ratio: 5/7 (expected >=4/7)
OK [Q8] FAQ count: 5 (expected >=5)
OK [Q9] sources URL count: 3 (expected >=3)
OK [Q10] keyFacts rows: 9 (expected >=9)
OK [Q11] title keywords in body: 4/4 (expected 4/4)
OK [Q12] speculation words ban: none (expected 0)
OK [Q13] slug ASCII: vehicle-cancellation-registration (expected a-z 0-9 - _)

Pass rate: 13/13 = 100%
PASS

==================================================
[vehicle-change-registration] 자동차 변경등록 사용본거지변경증명서로 시군구에 1300원 즉시 3시간 만에 받는 법
==================================================
OK [Q1] QA cards count: 7 (expected >=7)
OK [Q2] intro 200 chars: 7/7 (expected 7/7)
OK [Q3] visual element per QA: 7/7 (expected 7/7)
OK [Q4] tables total: 3 (expected >=2)
OK [Q5] boxes total: 7 (expected >=3)
OK [Q6] highlights total: 28 (expected >=15)
OK [Q7] sourceNote ratio: 7/7 (expected >=4/7)
OK [Q8] FAQ count: 5 (expected >=5)
OK [Q9] sources URL count: 3 (expected >=3)
OK [Q10] keyFacts rows: 9 (expected >=9)
OK [Q11] title keywords in body: 4/4 (expected 4/4)
OK [Q12] speculation words ban: none (expected 0)
OK [Q13] slug ASCII: vehicle-change-registration (expected a-z 0-9 - _)

Pass rate: 13/13 = 100%
PASS

==================================================
[vehicle-designated-maintenance-business-designation] 자동차 지정정비사업자 지정신청 검사업무규정서로 시도에 2만원 20일 만에 받는 법
==================================================
OK [Q1] QA cards count: 7 (expected >=7)
OK [Q2] intro 200 chars: 7/7 (expected 7/7)
OK [Q3] visual element per QA: 7/7 (expected 7/7)
OK [Q4] tables total: 2 (expected >=2)
OK [Q5] boxes total: 7 (expected >=3)
OK [Q6] highlights total: 28 (expected >=15)
OK [Q7] sourceNote ratio: 7/7 (expected >=4/7)
OK [Q8] FAQ count: 5 (expected >=5)
OK [Q9] sources URL count: 3 (expected >=3)
OK [Q10] keyFacts rows: 9 (expected >=9)
OK [Q11] title keywords in body: 4/4 (expected 4/4)
OK [Q12] speculation words ban: none (expected 0)
OK [Q13] slug ASCII: vehicle-designated-maintenance-business-designation (expected a-z 0-9 - _)

Pass rate: 13/13 = 100%
PASS

==================================================
[vehicle-inspection-extension] 자동차 정기검사 연장 도난 사고 압류 시 무료로 즉시 신청하는 법
==================================================
OK [Q1] QA cards count: 7 (expected >=7)
OK [Q2] intro 200 chars: 7/7 (expected 7/7)
OK [Q3] visual element per QA: 7/7 (expected 7/7)
OK [Q4] tables total: 2 (expected >=2)
OK [Q5] boxes total: 7 (expected >=3)
OK [Q6] highlights total: 28 (expected >=15)
OK [Q7] sourceNote ratio: 7/7 (expected >=4/7)
OK [Q8] FAQ count: 5 (expected >=5)
OK [Q9] sources URL count: 3 (expected >=3)
OK [Q10] keyFacts rows: 9 (expected >=9)
OK [Q11] title keywords in body: 4/4 (expected 4/4)
OK [Q12] speculation words ban: none (expected 0)
OK [Q13] slug ASCII: vehicle-inspection-extension (expected a-z 0-9 - _)

Pass rate: 13/13 = 100%
PASS

==================================================
[vehicle-interregional-change-registration] 자동차 시도간 변경등록 이사했을 때 1300원 즉시 신청하는 법
==================================================
OK [Q1] QA cards count: 7 (expected >=7)
OK [Q2] intro 200 chars: 7/7 (expected 7/7)
OK [Q3] visual element per QA: 7/7 (expected 7/7)
OK [Q4] tables total: 2 (expected >=2)
OK [Q5] boxes total: 7 (expected >=3)
OK [Q6] highlights total: 28 (expected >=15)
OK [Q7] sourceNote ratio: 7/7 (expected >=4/7)
OK [Q8] FAQ count: 5 (expected >=5)
OK [Q9] sources URL count: 3 (expected >=3)
OK [Q10] keyFacts rows: 9 (expected >=9)
OK [Q11] title keywords in body: 4/4 (expected 4/4)
OK [Q12] speculation words ban: none (expected 0)
OK [Q13] slug ASCII: vehicle-interregional-change-registration (expected a-z 0-9 - _)

Pass rate: 13/13 = 100%
PASS

==================================================
[vehicle-license-plate-reissue] 자동차 번호판 분실 도난 파손 시 방문으로 즉시 재발급받는 법
==================================================
OK [Q1] QA cards count: 7 (expected >=7)
OK [Q2] intro 200 chars: 7/7 (expected 7/7)
OK [Q3] visual element per QA: 7/7 (expected 7/7)
OK [Q4] tables total: 2 (expected >=2)
OK [Q5] boxes total: 7 (expected >=3)
OK [Q6] highlights total: 28 (expected >=15)
OK [Q7] sourceNote ratio: 7/7 (expected >=4/7)
OK [Q8] FAQ count: 5 (expected >=5)
OK [Q9] sources URL count: 3 (expected >=3)
OK [Q10] keyFacts rows: 9 (expected >=9)
OK [Q11] title keywords in body: 4/4 (expected 4/4)
OK [Q12] speculation words ban: none (expected 0)
OK [Q13] slug ASCII: vehicle-license-plate-reissue (expected a-z 0-9 - _)

Pass rate: 13/13 = 100%
PASS

==================================================
[vehicle-mortgage-registration] 자동차 저당권설정등록 car365에서 이전 말소 변경까지 신청하는 법
==================================================
OK [Q1] QA cards count: 7 (expected >=7)
OK [Q2] intro 200 chars: 7/7 (expected 7/7)
OK [Q3] visual element per QA: 7/7 (expected 7/7)
OK [Q4] tables total: 2 (expected >=2)
OK [Q5] boxes total: 7 (expected >=3)
OK [Q6] highlights total: 28 (expected >=15)
OK [Q7] sourceNote ratio: 5/7 (expected >=4/7)
OK [Q8] FAQ count: 5 (expected >=5)
OK [Q9] sources URL count: 3 (expected >=3)
OK [Q10] keyFacts rows: 10 (expected >=9)
OK [Q11] title keywords in body: 4/4 (expected 4/4)
OK [Q12] speculation words ban: none (expected 0)
OK [Q13] slug ASCII: vehicle-mortgage-registration (expected a-z 0-9 - _)

Pass rate: 13/13 = 100%
PASS

==================================================
[vehicle-new-registration] 자동차 신규등록 신차 수입차 2000원에 즉시 접수하는 법
==================================================
OK [Q1] QA cards count: 7 (expected >=7)
OK [Q2] intro 200 chars: 7/7 (expected 7/7)
OK [Q3] visual element per QA: 7/7 (expected 7/7)
OK [Q4] tables total: 2 (expected >=2)
OK [Q5] boxes total: 7 (expected >=3)
OK [Q6] highlights total: 28 (expected >=15)
OK [Q7] sourceNote ratio: 7/7 (expected >=4/7)
OK [Q8] FAQ count: 5 (expected >=5)
OK [Q9] sources URL count: 3 (expected >=3)
OK [Q10] keyFacts rows: 9 (expected >=9)
OK [Q11] title keywords in body: 4/4 (expected 4/4)
OK [Q12] speculation words ban: none (expected 0)
OK [Q13] slug ASCII: vehicle-new-registration (expected a-z 0-9 - _)

Pass rate: 13/13 = 100%
PASS

==================================================
[vehicle-ownership-transfer] 자동차 명의이전 방법과 서류, 가족간 명의이전 비용까지
==================================================
OK [Q1] QA cards count: 7 (expected >=7)
OK [Q2] intro 200 chars: 7/7 (expected 7/7)
OK [Q3] visual element per QA: 7/7 (expected 7/7)
OK [Q4] tables total: 5 (expected >=2)
OK [Q5] boxes total: 3 (expected >=3)
OK [Q6] highlights total: 28 (expected >=15)
OK [Q7] sourceNote ratio: 7/7 (expected >=4/7)
OK [Q8] FAQ count: 5 (expected >=5)
OK [Q9] sources URL count: 4 (expected >=3)
OK [Q10] keyFacts rows: 9 (expected >=9)
OK [Q11] title keywords in body: 4/4 (expected 4/4)
OK [Q12] speculation words ban: none (expected 0)
OK [Q13] slug ASCII: vehicle-ownership-transfer (expected a-z 0-9 - _)

Pass rate: 13/13 = 100%
PASS

==================================================
[vehicle-registration-card-reissue] 자동차등록증 재발급 인터넷 600원에 신청하고 원본은 등록사업소서 받는 법
==================================================
OK [Q1] QA cards count: 7 (expected >=7)
OK [Q2] intro 200 chars: 7/7 (expected 7/7)
OK [Q3] visual element per QA: 7/7 (expected 7/7)
OK [Q4] tables total: 2 (expected >=2)
OK [Q5] boxes total: 6 (expected >=3)
OK [Q6] highlights total: 28 (expected >=15)
OK [Q7] sourceNote ratio: 7/7 (expected >=4/7)
OK [Q8] FAQ count: 5 (expected >=5)
OK [Q9] sources URL count: 3 (expected >=3)
OK [Q10] keyFacts rows: 9 (expected >=9)
OK [Q11] title keywords in body: 4/4 (expected 4/4)
OK [Q12] speculation words ban: none (expected 0)
OK [Q13] slug ASCII: vehicle-registration-card-reissue (expected a-z 0-9 - _)

Pass rate: 13/13 = 100%
PASS

==================================================
[vehicle-registration-certificate] 자동차등록원부 갑·을부 인터넷 무료 발급받고 압류·저당 확인하는 법
==================================================
OK [Q1] QA cards count: 7 (expected >=7)
OK [Q2] intro 200 chars: 7/7 (expected 7/7)
OK [Q3] visual element per QA: 7/7 (expected 7/7)
OK [Q4] tables total: 2 (expected >=2)
OK [Q5] boxes total: 5 (expected >=3)
OK [Q6] highlights total: 34 (expected >=15)
OK [Q7] sourceNote ratio: 6/7 (expected >=4/7)
OK [Q8] FAQ count: 5 (expected >=5)
OK [Q9] sources URL count: 3 (expected >=3)
OK [Q10] keyFacts rows: 9 (expected >=9)
OK [Q11] title keywords in body: 4/4 (expected 4/4)
OK [Q12] speculation words ban: none (expected 0)
OK [Q13] slug ASCII: vehicle-registration-certificate (expected a-z 0-9 - _)

Pass rate: 13/13 = 100%
PASS

==================================================
[vehicle-standard-value] 차량기준가액 조회하고 내 차 보험가액 확인하는 법
==================================================
OK [Q1] QA cards count: 7 (expected >=7)
OK [Q2] intro 200 chars: 7/7 (expected 7/7)
OK [Q3] visual element per QA: 7/7 (expected 7/7)
OK [Q4] tables total: 4 (expected >=2)
OK [Q5] boxes total: 4 (expected >=3)
OK [Q6] highlights total: 28 (expected >=15)
OK [Q7] sourceNote ratio: 7/7 (expected >=4/7)
OK [Q8] FAQ count: 5 (expected >=5)
OK [Q9] sources URL count: 3 (expected >=3)
OK [Q10] keyFacts rows: 9 (expected >=9)
OK [Q11] title keywords in body: 4/4 (expected 4/4)
OK [Q12] speculation words ban: none (expected 0)
OK [Q13] slug ASCII: vehicle-standard-value (expected a-z 0-9 - _)

Pass rate: 13/13 = 100%
PASS

==================================================
[vehicle-tax] 자동차세 연납 신청하고 최대 5% 할인받는 법
==================================================
OK [Q1] QA cards count: 8 (expected >=7)
OK [Q2] intro 200 chars: 8/8 (expected 8/8)
OK [Q3] visual element per QA: 8/8 (expected 8/8)
OK [Q4] tables total: 3 (expected >=2)
OK [Q5] boxes total: 5 (expected >=3)
OK [Q6] highlights total: 32 (expected >=15)
OK [Q7] sourceNote ratio: 5/8 (expected >=4/8)
OK [Q8] FAQ count: 5 (expected >=5)
OK [Q9] sources URL count: 3 (expected >=3)
OK [Q10] keyFacts rows: 9 (expected >=9)
OK [Q11] title keywords in body: 4/4 (expected 4/4)
OK [Q12] speculation words ban: none (expected 0)
OK [Q13] slug ASCII: vehicle-tax (expected a-z 0-9 - _)

Pass rate: 13/13 = 100%
PASS

==================================================
[vehicle-temporary-operation-permit] 자동차 임시운행허가 미등록차량 1800원에 방문 신청하는 법
==================================================
OK [Q1] QA cards count: 7 (expected >=7)
OK [Q2] intro 200 chars: 7/7 (expected 7/7)
OK [Q3] visual element per QA: 7/7 (expected 7/7)
OK [Q4] tables total: 2 (expected >=2)
OK [Q5] boxes total: 7 (expected >=3)
OK [Q6] highlights total: 28 (expected >=15)
OK [Q7] sourceNote ratio: 7/7 (expected >=4/7)
OK [Q8] FAQ count: 5 (expected >=5)
OK [Q9] sources URL count: 3 (expected >=3)
OK [Q10] keyFacts rows: 9 (expected >=9)
OK [Q11] title keywords in body: 4/4 (expected 4/4)
OK [Q12] speculation words ban: none (expected 0)
OK [Q13] slug ASCII: vehicle-temporary-operation-permit (expected a-z 0-9 - _)

Pass rate: 13/13 = 100%
PASS

==================================================
[vehicle-tuning-approval] 자동차 튜닝승인 설계도 갖춰 전자승인 35000원으로 10일 만에 받는 법
==================================================
OK [Q1] QA cards count: 7 (expected >=7)
OK [Q2] intro 200 chars: 7/7 (expected 7/7)
OK [Q3] visual element per QA: 7/7 (expected 7/7)
OK [Q4] tables total: 2 (expected >=2)
OK [Q5] boxes total: 7 (expected >=3)
OK [Q6] highlights total: 28 (expected >=15)
OK [Q7] sourceNote ratio: 7/7 (expected >=4/7)
OK [Q8] FAQ count: 5 (expected >=5)
OK [Q9] sources URL count: 3 (expected >=3)
OK [Q10] keyFacts rows: 9 (expected >=9)
OK [Q11] title keywords in body: 4/4 (expected 4/4)
OK [Q12] speculation words ban: none (expected 0)
OK [Q13] slug ASCII: vehicle-tuning-approval (expected a-z 0-9 - _)

Pass rate: 13/13 = 100%
PASS

==================================================
[venture-company-certificate] 벤처기업확인서 4가지 유형별 서류 갖춰 최대 45일 만에 발급받는 법
==================================================
OK [Q1] QA cards count: 7 (expected >=7)
OK [Q2] intro 200 chars: 7/7 (expected 7/7)
OK [Q3] visual element per QA: 7/7 (expected 7/7)
OK [Q4] tables total: 2 (expected >=2)
OK [Q5] boxes total: 7 (expected >=3)
OK [Q6] highlights total: 28 (expected >=15)
OK [Q7] sourceNote ratio: 7/7 (expected >=4/7)
OK [Q8] FAQ count: 5 (expected >=5)
OK [Q9] sources URL count: 3 (expected >=3)
OK [Q10] keyFacts rows: 9 (expected >=9)
OK [Q11] title keywords in body: 4/4 (expected 4/4)
OK [Q12] speculation words ban: none (expected 0)
OK [Q13] slug ASCII: venture-company-certificate (expected a-z 0-9 - _)

Pass rate: 13/13 = 100%
PASS

==================================================
[veteran-compensation-confirmation] 보훈보상대상자 유족확인원 서류 없이 보훈청에서 즉시 발급받는 법
==================================================
OK [Q1] QA cards count: 7 (expected >=7)
OK [Q2] intro 200 chars: 7/7 (expected 7/7)
OK [Q3] visual element per QA: 7/7 (expected 7/7)
OK [Q4] tables total: 2 (expected >=2)
OK [Q5] boxes total: 7 (expected >=3)
OK [Q6] highlights total: 28 (expected >=15)
OK [Q7] sourceNote ratio: 7/7 (expected >=4/7)
OK [Q8] FAQ count: 5 (expected >=5)
OK [Q9] sources URL count: 3 (expected >=3)
OK [Q10] keyFacts rows: 9 (expected >=9)
OK [Q11] title keywords in body: 4/4 (expected 4/4)
OK [Q12] speculation words ban: none (expected 0)
OK [Q13] slug ASCII: veteran-compensation-confirmation (expected a-z 0-9 - _)

Pass rate: 13/13 = 100%
PASS

==================================================
[veteran-compensation-registration] 보훈보상대상자 유족등록 사진과 제적등본으로 보훈청에 20일 만에 신청하는 법
==================================================
OK [Q1] QA cards count: 7 (expected >=7)
OK [Q2] intro 200 chars: 7/7 (expected 7/7)
OK [Q3] visual element per QA: 7/7 (expected 7/7)
OK [Q4] tables total: 2 (expected >=2)
OK [Q5] boxes total: 7 (expected >=3)
OK [Q6] highlights total: 28 (expected >=15)
OK [Q7] sourceNote ratio: 7/7 (expected >=4/7)
OK [Q8] FAQ count: 5 (expected >=5)
OK [Q9] sources URL count: 3 (expected >=3)
OK [Q10] keyFacts rows: 9 (expected >=9)
OK [Q11] title keywords in body: 4/4 (expected 4/4)
OK [Q12] speculation words ban: none (expected 0)
OK [Q13] slug ASCII: veteran-compensation-registration (expected a-z 0-9 - _)

Pass rate: 13/13 = 100%
PASS

==================================================
[veteran-disability-grade-review] 상이등급 재심 재판정 신체검사 진단서로 1일 만에 신청하는 법
==================================================
OK [Q1] QA cards count: 7 (expected >=7)
OK [Q2] intro 200 chars: 7/7 (expected 7/7)
OK [Q3] visual element per QA: 7/7 (expected 7/7)
OK [Q4] tables total: 2 (expected >=2)
OK [Q5] boxes total: 7 (expected >=3)
OK [Q6] highlights total: 28 (expected >=15)
OK [Q7] sourceNote ratio: 7/7 (expected >=4/7)
OK [Q8] FAQ count: 5 (expected >=5)
OK [Q9] sources URL count: 3 (expected >=3)
OK [Q10] keyFacts rows: 9 (expected >=9)
OK [Q11] title keywords in body: 4/4 (expected 4/4)
OK [Q12] speculation words ban: none (expected 0)
OK [Q13] slug ASCII: veteran-disability-grade-review (expected a-z 0-9 - _)

Pass rate: 13/13 = 100%
PASS

==================================================
[veteran-employment-support] 국가유공자 및 유가족 취업 지원
==================================================
OK [Q1] QA cards count: 7 (expected >=7)
OK [Q2] intro 200 chars: 7/7 (expected 7/7)
OK [Q3] visual element per QA: 7/7 (expected 7/7)
OK [Q4] tables total: 3 (expected >=2)
OK [Q5] boxes total: 4 (expected >=3)
OK [Q6] highlights total: 28 (expected >=15)
OK [Q7] sourceNote ratio: 7/7 (expected >=4/7)
OK [Q8] FAQ count: 5 (expected >=5)
OK [Q9] sources URL count: 3 (expected >=3)
XX [Q10] keyFacts rows: 7 (expected >=9)
XX [Q11] title keywords in body: no titleKeywords (expected titleKeywords defined)
     add titleKeywords field to policy data
OK [Q12] speculation words ban: none (expected 0)
OK [Q13] slug ASCII: veteran-employment-support (expected a-z 0-9 - _)

Pass rate: 11/13 = 85%
PASS

==================================================
[veteran-family-confirmation] 국가유공자 유족확인서 무료 발급받고 보훈혜택 신청에 제출하는 법
==================================================
OK [Q1] QA cards count: 7 (expected >=7)
OK [Q2] intro 200 chars: 7/7 (expected 7/7)
OK [Q3] visual element per QA: 7/7 (expected 7/7)
OK [Q4] tables total: 2 (expected >=2)
OK [Q5] boxes total: 7 (expected >=3)
OK [Q6] highlights total: 28 (expected >=15)
OK [Q7] sourceNote ratio: 7/7 (expected >=4/7)
OK [Q8] FAQ count: 5 (expected >=5)
OK [Q9] sources URL count: 3 (expected >=3)
OK [Q10] keyFacts rows: 9 (expected >=9)
OK [Q11] title keywords in body: 4/4 (expected 4/4)
OK [Q12] speculation words ban: none (expected 0)
OK [Q13] slug ASCII: veteran-family-confirmation (expected a-z 0-9 - _)

Pass rate: 13/13 = 100%
PASS

==================================================
[veteran-family-registration] 국가유공자 유족등록 사진과 가족관계증명서로 보훈청에 신청하는 법
==================================================
OK [Q1] QA cards count: 7 (expected >=7)
OK [Q2] intro 200 chars: 7/7 (expected 7/7)
OK [Q3] visual element per QA: 7/7 (expected 7/7)
OK [Q4] tables total: 3 (expected >=2)
OK [Q5] boxes total: 7 (expected >=3)
OK [Q6] highlights total: 28 (expected >=15)
OK [Q7] sourceNote ratio: 7/7 (expected >=4/7)
OK [Q8] FAQ count: 5 (expected >=5)
OK [Q9] sources URL count: 3 (expected >=3)
OK [Q10] keyFacts rows: 9 (expected >=9)
OK [Q11] title keywords in body: 4/4 (expected 4/4)
OK [Q12] speculation words ban: none (expected 0)
OK [Q13] slug ASCII: veteran-family-registration (expected a-z 0-9 - _)

Pass rate: 13/13 = 100%
PASS

==================================================
[veteran-home-care] 보훈 재가복지서비스 재가보훈실무관이란, 노인장기요양과 차이
==================================================
OK [Q1] QA cards count: 8 (expected >=7)
OK [Q2] intro 200 chars: 8/8 (expected 8/8)
OK [Q3] visual element per QA: 8/8 (expected 8/8)
OK [Q4] tables total: 2 (expected >=2)
OK [Q5] boxes total: 6 (expected >=3)
OK [Q6] highlights total: 32 (expected >=15)
OK [Q7] sourceNote ratio: 8/8 (expected >=4/8)
OK [Q8] FAQ count: 5 (expected >=5)
OK [Q9] sources URL count: 4 (expected >=3)
OK [Q10] keyFacts rows: 9 (expected >=9)
OK [Q11] title keywords in body: 4/4 (expected 4/4)
OK [Q12] speculation words ban: none (expected 0)
OK [Q13] slug ASCII: veteran-home-care (expected a-z 0-9 - _)

Pass rate: 13/13 = 100%
PASS

==================================================
[veteran-livelihood-support] 참전유공자 고엽제후유의증 생계지원금 소득재산신고서로 30일 신청하는 법
==================================================
OK [Q1] QA cards count: 7 (expected >=7)
OK [Q2] intro 200 chars: 7/7 (expected 7/7)
OK [Q3] visual element per QA: 7/7 (expected 7/7)
OK [Q4] tables total: 2 (expected >=2)
OK [Q5] boxes total: 7 (expected >=3)
OK [Q6] highlights total: 28 (expected >=15)
OK [Q7] sourceNote ratio: 7/7 (expected >=4/7)
OK [Q8] FAQ count: 5 (expected >=5)
OK [Q9] sources URL count: 3 (expected >=3)
OK [Q10] keyFacts rows: 9 (expected >=9)
OK [Q11] title keywords in body: 4/4 (expected 4/4)
OK [Q12] speculation words ban: none (expected 0)
OK [Q13] slug ASCII: veteran-livelihood-support (expected a-z 0-9 - _)

Pass rate: 13/13 = 100%
PASS

==================================================
[veteran-registration-card-issuance] 국가보훈등록증 발급 재발급 사진 1장으로 즉시 신청하는 법
==================================================
OK [Q1] QA cards count: 7 (expected >=7)
OK [Q2] intro 200 chars: 7/7 (expected 7/7)
OK [Q3] visual element per QA: 7/7 (expected 7/7)
OK [Q4] tables total: 2 (expected >=2)
OK [Q5] boxes total: 7 (expected >=3)
OK [Q6] highlights total: 28 (expected >=15)
OK [Q7] sourceNote ratio: 6/7 (expected >=4/7)
OK [Q8] FAQ count: 5 (expected >=5)
OK [Q9] sources URL count: 3 (expected >=3)
OK [Q10] keyFacts rows: 9 (expected >=9)
OK [Q11] title keywords in body: 4/4 (expected 4/4)
OK [Q12] speculation words ban: none (expected 0)
OK [Q13] slug ASCII: veteran-registration-card-issuance (expected a-z 0-9 - _)

Pass rate: 13/13 = 100%
PASS

==================================================
[veteran-status-change-report] 보훈대상자 신상변동신고 사망 국적상실 등 1일 만에 신고하는 법
==================================================
OK [Q1] QA cards count: 7 (expected >=7)
OK [Q2] intro 200 chars: 7/7 (expected 7/7)
OK [Q3] visual element per QA: 7/7 (expected 7/7)
OK [Q4] tables total: 2 (expected >=2)
OK [Q5] boxes total: 7 (expected >=3)
OK [Q6] highlights total: 28 (expected >=15)
OK [Q7] sourceNote ratio: 7/7 (expected >=4/7)
OK [Q8] FAQ count: 5 (expected >=5)
OK [Q9] sources URL count: 3 (expected >=3)
OK [Q10] keyFacts rows: 9 (expected >=9)
OK [Q11] title keywords in body: 4/4 (expected 4/4)
OK [Q12] speculation words ban: none (expected 0)
OK [Q13] slug ASCII: veteran-status-change-report (expected a-z 0-9 - _)

Pass rate: 13/13 = 100%
PASS

==================================================
[veteran-support] 참전유공자 생계지원금 배우자 확대 이유, 다른 보훈수당 중복여부
==================================================
OK [Q1] QA cards count: 7 (expected >=7)
OK [Q2] intro 200 chars: 7/7 (expected 7/7)
OK [Q3] visual element per QA: 7/7 (expected 7/7)
OK [Q4] tables total: 2 (expected >=2)
OK [Q5] boxes total: 6 (expected >=3)
OK [Q6] highlights total: 28 (expected >=15)
OK [Q7] sourceNote ratio: 7/7 (expected >=4/7)
OK [Q8] FAQ count: 5 (expected >=5)
OK [Q9] sources URL count: 4 (expected >=3)
OK [Q10] keyFacts rows: 9 (expected >=9)
OK [Q11] title keywords in body: 4/4 (expected 4/4)
OK [Q12] speculation words ban: none (expected 0)
OK [Q13] slug ASCII: veteran-support (expected a-z 0-9 - _)

Pass rate: 13/13 = 100%
PASS

==================================================
[veterinary-clinic-establishment-report] 동물병원 개설신고 평면도 면허증 갖춰 시군구에 수수료 5천원 7일 만에 신청하는 법
==================================================
OK [Q1] QA cards count: 7 (expected >=7)
OK [Q2] intro 200 chars: 7/7 (expected 7/7)
OK [Q3] visual element per QA: 7/7 (expected 7/7)
OK [Q4] tables total: 2 (expected >=2)
OK [Q5] boxes total: 7 (expected >=3)
OK [Q6] highlights total: 28 (expected >=15)
OK [Q7] sourceNote ratio: 7/7 (expected >=4/7)
OK [Q8] FAQ count: 5 (expected >=5)
OK [Q9] sources URL count: 3 (expected >=3)
OK [Q10] keyFacts rows: 9 (expected >=9)
OK [Q11] title keywords in body: 4/4 (expected 4/4)
OK [Q12] speculation words ban: none (expected 0)
OK [Q13] slug ASCII: veterinary-clinic-establishment-report (expected a-z 0-9 - _)

Pass rate: 13/13 = 100%
PASS

==================================================
[visa-issuance-confirmation] 사증발급인정서 국내 초청자가 고용허가서로 10일 만에 신청하는 법
==================================================
OK [Q1] QA cards count: 7 (expected >=7)
OK [Q2] intro 200 chars: 7/7 (expected 7/7)
OK [Q3] visual element per QA: 7/7 (expected 7/7)
OK [Q4] tables total: 2 (expected >=2)
OK [Q5] boxes total: 7 (expected >=3)
OK [Q6] highlights total: 28 (expected >=15)
OK [Q7] sourceNote ratio: 7/7 (expected >=4/7)
OK [Q8] FAQ count: 5 (expected >=5)
OK [Q9] sources URL count: 3 (expected >=3)
OK [Q10] keyFacts rows: 9 (expected >=9)
OK [Q11] title keywords in body: 4/4 (expected 4/4)
OK [Q12] speculation words ban: none (expected 0)
OK [Q13] slug ASCII: visa-issuance-confirmation (expected a-z 0-9 - _)

Pass rate: 13/13 = 100%
PASS

==================================================
[vocational-training-livelihood-loan] 직업훈련 생계비 대부
==================================================
OK [Q1] QA cards count: 7 (expected >=7)
OK [Q2] intro 200 chars: 7/7 (expected 7/7)
OK [Q3] visual element per QA: 7/7 (expected 7/7)
OK [Q4] tables total: 4 (expected >=2)
OK [Q5] boxes total: 5 (expected >=3)
OK [Q6] highlights total: 27 (expected >=15)
OK [Q7] sourceNote ratio: 7/7 (expected >=4/7)
OK [Q8] FAQ count: 5 (expected >=5)
OK [Q9] sources URL count: 3 (expected >=3)
OK [Q10] keyFacts rows: 9 (expected >=9)
OK [Q11] title keywords in body: 4/4 (expected 4/4)
OK [Q12] speculation words ban: none (expected 0)
OK [Q13] slug ASCII: vocational-training-livelihood-loan (expected a-z 0-9 - _)

Pass rate: 13/13 = 100%
PASS

==================================================
[voice-phishing-crypto-refund] 가상자산 보이스피싱 피해금 10월 시행, 지금은 지급정지부터 신고하는 법
==================================================
OK [Q1] QA cards count: 7 (expected >=7)
OK [Q2] intro 200 chars: 7/7 (expected 7/7)
OK [Q3] visual element per QA: 7/7 (expected 7/7)
OK [Q4] tables total: 2 (expected >=2)
OK [Q5] boxes total: 5 (expected >=3)
OK [Q6] highlights total: 26 (expected >=15)
OK [Q7] sourceNote ratio: 5/7 (expected >=4/7)
OK [Q8] FAQ count: 5 (expected >=5)
OK [Q9] sources URL count: 3 (expected >=3)
OK [Q10] keyFacts rows: 9 (expected >=9)
OK [Q11] title keywords in body: 4/4 (expected 4/4)
OK [Q12] speculation words ban: none (expected 0)
OK [Q13] slug ASCII: voice-phishing-crypto-refund (expected a-z 0-9 - _)

Pass rate: 13/13 = 100%
PASS

==================================================
[vulnerable-housing-relocation-loan] 쪽방·고시원 살다 무이자 전세자금 받고 이주하는 법
==================================================
OK [Q1] QA cards count: 7 (expected >=7)
XX [Q2] intro 200 chars: 2/7 (expected 7/7)
     missing: q-what, q-public-vs-private, q-private-house, q-timing, q-apply
OK [Q3] visual element per QA: 7/7 (expected 7/7)
OK [Q4] tables total: 2 (expected >=2)
OK [Q5] boxes total: 5 (expected >=3)
OK [Q6] highlights total: 28 (expected >=15)
OK [Q7] sourceNote ratio: 4/7 (expected >=4/7)
OK [Q8] FAQ count: 5 (expected >=5)
OK [Q9] sources URL count: 3 (expected >=3)
XX [Q10] keyFacts rows: 7 (expected >=9)
OK [Q11] title keywords in body: 4/4 (expected 4/4)
OK [Q12] speculation words ban: none (expected 0)
OK [Q13] slug ASCII: vulnerable-housing-relocation-loan (expected a-z 0-9 - _)

Pass rate: 11/13 = 85%
PASS

==================================================
[vulnerable-livelihood-loan] 금융취약계층 생계자금 청년미래이음대출과 차이, 거절될 수 있나요?
==================================================
OK [Q1] QA cards count: 7 (expected >=7)
OK [Q2] intro 200 chars: 7/7 (expected 7/7)
OK [Q3] visual element per QA: 7/7 (expected 7/7)
OK [Q4] tables total: 3 (expected >=2)
OK [Q5] boxes total: 4 (expected >=3)
OK [Q6] highlights total: 28 (expected >=15)
OK [Q7] sourceNote ratio: 5/7 (expected >=4/7)
OK [Q8] FAQ count: 5 (expected >=5)
OK [Q9] sources URL count: 3 (expected >=3)
XX [Q10] keyFacts rows: 8 (expected >=9)
XX [Q11] title keywords in body: 3/4 (expected 4/4)
     missing in body: 금리 4.5%
OK [Q12] speculation words ban: none (expected 0)
OK [Q13] slug ASCII: vulnerable-livelihood-loan (expected a-z 0-9 - _)

Pass rate: 11/13 = 85%
PASS

==================================================
[wage-theft-legal-support] 임금 체불 피해 근로자 무료 법률 지원
==================================================
OK [Q1] QA cards count: 7 (expected >=7)
OK [Q2] intro 200 chars: 7/7 (expected 7/7)
OK [Q3] visual element per QA: 7/7 (expected 7/7)
OK [Q4] tables total: 3 (expected >=2)
OK [Q5] boxes total: 4 (expected >=3)
OK [Q6] highlights total: 28 (expected >=15)
OK [Q7] sourceNote ratio: 7/7 (expected >=4/7)
OK [Q8] FAQ count: 5 (expected >=5)
OK [Q9] sources URL count: 3 (expected >=3)
XX [Q10] keyFacts rows: 8 (expected >=9)
XX [Q11] title keywords in body: no titleKeywords (expected titleKeywords defined)
     add titleKeywords field to policy data
OK [Q12] speculation words ban: none (expected 0)
OK [Q13] slug ASCII: wage-theft-legal-support (expected a-z 0-9 - _)

Pass rate: 11/13 = 85%
PASS

==================================================
[waste-treatment-business-permit] 폐기물처리업 허가 시설장비명세서 갖춰 시도에 신규4만원 변경1.5만원 10일 만에 신청하는 법
==================================================
OK [Q1] QA cards count: 7 (expected >=7)
OK [Q2] intro 200 chars: 7/7 (expected 7/7)
OK [Q3] visual element per QA: 7/7 (expected 7/7)
OK [Q4] tables total: 2 (expected >=2)
OK [Q5] boxes total: 7 (expected >=3)
OK [Q6] highlights total: 28 (expected >=15)
OK [Q7] sourceNote ratio: 7/7 (expected >=4/7)
OK [Q8] FAQ count: 5 (expected >=5)
OK [Q9] sources URL count: 3 (expected >=3)
OK [Q10] keyFacts rows: 9 (expected >=9)
OK [Q11] title keywords in body: 4/4 (expected 4/4)
OK [Q12] speculation words ban: none (expected 0)
OK [Q13] slug ASCII: waste-treatment-business-permit (expected a-z 0-9 - _)

Pass rate: 13/13 = 100%
PASS

==================================================
[wastewater-consignment-treatment-permit] 폐수수탁처리업 재이용업 허가 사업계획서로 1만원 시군구에 15일 만에 받는 법
==================================================
OK [Q1] QA cards count: 7 (expected >=7)
OK [Q2] intro 200 chars: 7/7 (expected 7/7)
OK [Q3] visual element per QA: 7/7 (expected 7/7)
OK [Q4] tables total: 2 (expected >=2)
OK [Q5] boxes total: 7 (expected >=3)
OK [Q6] highlights total: 28 (expected >=15)
OK [Q7] sourceNote ratio: 7/7 (expected >=4/7)
OK [Q8] FAQ count: 5 (expected >=5)
OK [Q9] sources URL count: 3 (expected >=3)
OK [Q10] keyFacts rows: 9 (expected >=9)
OK [Q11] title keywords in body: 4/4 (expected 4/4)
OK [Q12] speculation words ban: none (expected 0)
OK [Q13] slug ASCII: wastewater-consignment-treatment-permit (expected a-z 0-9 - _)

Pass rate: 13/13 = 100%
PASS

==================================================
[water-tank-installation-report] 저수조 설치현황 신고 시공도면으로 시군 수수료없이 즉시 3시간 만에 받는 법
==================================================
OK [Q1] QA cards count: 7 (expected >=7)
OK [Q2] intro 200 chars: 7/7 (expected 7/7)
OK [Q3] visual element per QA: 7/7 (expected 7/7)
OK [Q4] tables total: 2 (expected >=2)
OK [Q5] boxes total: 7 (expected >=3)
OK [Q6] highlights total: 28 (expected >=15)
OK [Q7] sourceNote ratio: 7/7 (expected >=4/7)
OK [Q8] FAQ count: 5 (expected >=5)
OK [Q9] sources URL count: 3 (expected >=3)
OK [Q10] keyFacts rows: 9 (expected >=9)
OK [Q11] title keywords in body: 4/4 (expected 4/4)
OK [Q12] speculation words ban: none (expected 0)
OK [Q13] slug ASCII: water-tank-installation-report (expected a-z 0-9 - _)

Pass rate: 13/13 = 100%
PASS

==================================================
[waterbomb-busan] 2026 워터밤 부산 라인업 16팀, 티켓 어디서 예매하나
==================================================
OK [Q1] QA cards count: 9 (expected >=7)
OK [Q2] intro 200 chars: 9/9 (expected 9/9)
OK [Q3] visual element per QA: 9/9 (expected 9/9)
OK [Q4] tables total: 7 (expected >=2)
OK [Q5] boxes total: 6 (expected >=3)
OK [Q6] highlights total: 36 (expected >=15)
OK [Q7] sourceNote ratio: 9/9 (expected >=5/9)
OK [Q8] FAQ count: 5 (expected >=5)
OK [Q9] sources URL count: 5 (expected >=3)
OK [Q10] keyFacts rows: 13 (expected >=9)
OK [Q11] title keywords in body: 4/4 (expected 4/4)
OK [Q12] speculation words ban: none (expected 0)
OK [Q13] slug ASCII: waterbomb-busan (expected a-z 0-9 - _)

Pass rate: 13/13 = 100%
PASS

==================================================
[waterbomb-sokcho] 2026 워터밤 속초 라인업 21팀, 티켓 99000원 어디서 예매하나
==================================================
OK [Q1] QA cards count: 7 (expected >=7)
OK [Q2] intro 200 chars: 7/7 (expected 7/7)
OK [Q3] visual element per QA: 7/7 (expected 7/7)
OK [Q4] tables total: 7 (expected >=2)
OK [Q5] boxes total: 4 (expected >=3)
OK [Q6] highlights total: 28 (expected >=15)
OK [Q7] sourceNote ratio: 7/7 (expected >=4/7)
OK [Q8] FAQ count: 5 (expected >=5)
OK [Q9] sources URL count: 4 (expected >=3)
OK [Q10] keyFacts rows: 12 (expected >=9)
OK [Q11] title keywords in body: 4/4 (expected 4/4)
OK [Q12] speculation words ban: none (expected 0)
OK [Q13] slug ASCII: waterbomb-sokcho (expected a-z 0-9 - _)

Pass rate: 13/13 = 100%
PASS

==================================================
[whole-town-elem-care] 온동네 초등돌봄 우선순위와 신청방법, 다른 돌봄과 중복여부
==================================================
OK [Q1] QA cards count: 8 (expected >=7)
OK [Q2] intro 200 chars: 8/8 (expected 8/8)
OK [Q3] visual element per QA: 8/8 (expected 8/8)
OK [Q4] tables total: 2 (expected >=2)
OK [Q5] boxes total: 6 (expected >=3)
OK [Q6] highlights total: 32 (expected >=15)
OK [Q7] sourceNote ratio: 8/8 (expected >=4/8)
OK [Q8] FAQ count: 5 (expected >=5)
OK [Q9] sources URL count: 4 (expected >=3)
OK [Q10] keyFacts rows: 9 (expected >=9)
OK [Q11] title keywords in body: 4/4 (expected 4/4)
OK [Q12] speculation words ban: none (expected 0)
OK [Q13] slug ASCII: whole-town-elem-care (expected a-z 0-9 - _)

Pass rate: 13/13 = 100%
PASS

==================================================
[wide-area-job-search-allowance] 광역구직활동비 운임 숙박비 영수증으로 5일 만에 청구하는 법
==================================================
OK [Q1] QA cards count: 7 (expected >=7)
OK [Q2] intro 200 chars: 7/7 (expected 7/7)
OK [Q3] visual element per QA: 7/7 (expected 7/7)
OK [Q4] tables total: 2 (expected >=2)
OK [Q5] boxes total: 7 (expected >=3)
OK [Q6] highlights total: 28 (expected >=15)
OK [Q7] sourceNote ratio: 7/7 (expected >=4/7)
OK [Q8] FAQ count: 5 (expected >=5)
OK [Q9] sources URL count: 3 (expected >=3)
OK [Q10] keyFacts rows: 9 (expected >=9)
OK [Q11] title keywords in body: 4/4 (expected 4/4)
OK [Q12] speculation words ban: none (expected 0)
OK [Q13] slug ASCII: wide-area-job-search-allowance (expected a-z 0-9 - _)

Pass rate: 13/13 = 100%
PASS

==================================================
[win-win-growth-fund] 상생성장지원자금은 플랫폼 추천이 있어야 한다, 우체국쇼핑만 남은 이유
==================================================
OK [Q1] QA cards count: 7 (expected >=7)
OK [Q2] intro 200 chars: 7/7 (expected 7/7)
OK [Q3] visual element per QA: 7/7 (expected 7/7)
OK [Q4] tables total: 7 (expected >=2)
OK [Q5] boxes total: 5 (expected >=3)
OK [Q6] highlights total: 28 (expected >=15)
OK [Q7] sourceNote ratio: 7/7 (expected >=4/7)
OK [Q8] FAQ count: 5 (expected >=5)
OK [Q9] sources URL count: 4 (expected >=3)
OK [Q10] keyFacts rows: 12 (expected >=9)
OK [Q11] title keywords in body: 4/4 (expected 4/4)
OK [Q12] speculation words ban: none (expected 0)
OK [Q13] slug ASCII: win-win-growth-fund (expected a-z 0-9 - _)

Pass rate: 13/13 = 100%
PASS

==================================================
[women-enterprise-certificate] 여성기업확인서 주주명부와 사업자등록증으로 7일 만에 발급받는 법
==================================================
OK [Q1] QA cards count: 7 (expected >=7)
OK [Q2] intro 200 chars: 7/7 (expected 7/7)
OK [Q3] visual element per QA: 7/7 (expected 7/7)
OK [Q4] tables total: 2 (expected >=2)
OK [Q5] boxes total: 7 (expected >=3)
OK [Q6] highlights total: 28 (expected >=15)
OK [Q7] sourceNote ratio: 7/7 (expected >=4/7)
OK [Q8] FAQ count: 5 (expected >=5)
OK [Q9] sources URL count: 3 (expected >=3)
OK [Q10] keyFacts rows: 9 (expected >=9)
OK [Q11] title keywords in body: 4/4 (expected 4/4)
OK [Q12] speculation words ban: none (expected 0)
OK [Q13] slug ASCII: women-enterprise-certificate (expected a-z 0-9 - _)

Pass rate: 13/13 = 100%
PASS

==================================================
[women-head-startup-loan] 여성가장 창업자금 지원조건과 한부모 우선심사, 자금 사용처까지
==================================================
OK [Q1] QA cards count: 8 (expected >=7)
OK [Q2] intro 200 chars: 8/8 (expected 8/8)
OK [Q3] visual element per QA: 8/8 (expected 8/8)
OK [Q4] tables total: 3 (expected >=2)
OK [Q5] boxes total: 5 (expected >=3)
OK [Q6] highlights total: 32 (expected >=15)
OK [Q7] sourceNote ratio: 8/8 (expected >=4/8)
OK [Q8] FAQ count: 5 (expected >=5)
OK [Q9] sources URL count: 4 (expected >=3)
OK [Q10] keyFacts rows: 9 (expected >=9)
OK [Q11] title keywords in body: 4/4 (expected 4/4)
OK [Q12] speculation words ban: none (expected 0)
OK [Q13] slug ASCII: women-head-startup-loan (expected a-z 0-9 - _)

Pass rate: 13/13 = 100%
PASS

==================================================
[women-restart-center] 새일센터 직업교육과 인턴십·취업연계, 2026년 확대 내용까지
==================================================
OK [Q1] QA cards count: 8 (expected >=7)
OK [Q2] intro 200 chars: 8/8 (expected 8/8)
OK [Q3] visual element per QA: 8/8 (expected 8/8)
OK [Q4] tables total: 3 (expected >=2)
OK [Q5] boxes total: 5 (expected >=3)
OK [Q6] highlights total: 32 (expected >=15)
OK [Q7] sourceNote ratio: 8/8 (expected >=4/8)
OK [Q8] FAQ count: 5 (expected >=5)
OK [Q9] sources URL count: 4 (expected >=3)
OK [Q10] keyFacts rows: 9 (expected >=9)
OK [Q11] title keywords in body: 4/4 (expected 4/4)
OK [Q12] speculation words ban: none (expected 0)
OK [Q13] slug ASCII: women-restart-center (expected a-z 0-9 - _)

Pass rate: 13/13 = 100%
PASS

==================================================
[women-startup-center] 여성창업보육센터 다른 창업지원과 중복될까? 임대료·연장기간
==================================================
OK [Q1] QA cards count: 8 (expected >=7)
OK [Q2] intro 200 chars: 8/8 (expected 8/8)
OK [Q3] visual element per QA: 8/8 (expected 8/8)
OK [Q4] tables total: 2 (expected >=2)
OK [Q5] boxes total: 6 (expected >=3)
OK [Q6] highlights total: 32 (expected >=15)
OK [Q7] sourceNote ratio: 8/8 (expected >=4/8)
OK [Q8] FAQ count: 5 (expected >=5)
OK [Q9] sources URL count: 4 (expected >=3)
OK [Q10] keyFacts rows: 9 (expected >=9)
OK [Q11] title keywords in body: 4/4 (expected 4/4)
OK [Q12] speculation words ban: none (expected 0)
OK [Q13] slug ASCII: women-startup-center (expected a-z 0-9 - _)

Pass rate: 13/13 = 100%
PASS

==================================================
[womens-emergency-1366] 여성긴급전화 1366 이용방법과 보호시설 입소, 외국어 상담까지
==================================================
OK [Q1] QA cards count: 7 (expected >=7)
OK [Q2] intro 200 chars: 7/7 (expected 7/7)
OK [Q3] visual element per QA: 7/7 (expected 7/7)
OK [Q4] tables total: 2 (expected >=2)
OK [Q5] boxes total: 5 (expected >=3)
OK [Q6] highlights total: 41 (expected >=15)
OK [Q7] sourceNote ratio: 7/7 (expected >=4/7)
OK [Q8] FAQ count: 5 (expected >=5)
OK [Q9] sources URL count: 3 (expected >=3)
XX [Q10] keyFacts rows: 7 (expected >=9)
XX [Q11] title keywords in body: no titleKeywords (expected titleKeywords defined)
     add titleKeywords field to policy data
OK [Q12] speculation words ban: none (expected 0)
OK [Q13] slug ASCII: womens-emergency-1366 (expected a-z 0-9 - _)

Pass rate: 11/13 = 85%
PASS

==================================================
[worker-dispatch-business-permit] 근로자파견사업 허가신청 사업계획서로 인터넷 신청 시 무료 20일 만에 받는 법
==================================================
OK [Q1] QA cards count: 7 (expected >=7)
OK [Q2] intro 200 chars: 7/7 (expected 7/7)
OK [Q3] visual element per QA: 7/7 (expected 7/7)
OK [Q4] tables total: 3 (expected >=2)
OK [Q5] boxes total: 7 (expected >=3)
OK [Q6] highlights total: 28 (expected >=15)
OK [Q7] sourceNote ratio: 7/7 (expected >=4/7)
OK [Q8] FAQ count: 5 (expected >=5)
OK [Q9] sources URL count: 3 (expected >=3)
OK [Q10] keyFacts rows: 9 (expected >=9)
OK [Q11] title keywords in body: 4/4 (expected 4/4)
OK [Q12] speculation words ban: none (expected 0)
OK [Q13] slug ASCII: worker-dispatch-business-permit (expected a-z 0-9 - _)

Pass rate: 13/13 = 100%
PASS

==================================================
[worker-livelihood-interest-subsidy] 혼례비 대출 마감됐는데 이차보전은 왜 되나, 금리 3%p 깎는 조건은?
==================================================
OK [Q1] QA cards count: 7 (expected >=7)
OK [Q2] intro 200 chars: 7/7 (expected 7/7)
OK [Q3] visual element per QA: 7/7 (expected 7/7)
OK [Q4] tables total: 7 (expected >=2)
OK [Q5] boxes total: 6 (expected >=3)
OK [Q6] highlights total: 28 (expected >=15)
OK [Q7] sourceNote ratio: 7/7 (expected >=4/7)
OK [Q8] FAQ count: 5 (expected >=5)
OK [Q9] sources URL count: 4 (expected >=3)
OK [Q10] keyFacts rows: 12 (expected >=9)
OK [Q11] title keywords in body: 4/4 (expected 4/4)
OK [Q12] speculation words ban: none (expected 0)
OK [Q13] slug ASCII: worker-livelihood-interest-subsidy (expected a-z 0-9 - _)

Pass rate: 13/13 = 100%
PASS

==================================================
[worker-vacation-support] 근로자휴가지원사업 신청자격과 포인트 사용처, 지급방식까지
==================================================
OK [Q1] QA cards count: 7 (expected >=7)
OK [Q2] intro 200 chars: 7/7 (expected 7/7)
OK [Q3] visual element per QA: 7/7 (expected 7/7)
OK [Q4] tables total: 2 (expected >=2)
OK [Q5] boxes total: 5 (expected >=3)
OK [Q6] highlights total: 38 (expected >=15)
OK [Q7] sourceNote ratio: 7/7 (expected >=4/7)
OK [Q8] FAQ count: 5 (expected >=5)
OK [Q9] sources URL count: 3 (expected >=3)
XX [Q10] keyFacts rows: 8 (expected >=9)
XX [Q11] title keywords in body: no titleKeywords (expected titleKeywords defined)
     add titleKeywords field to policy data
OK [Q12] speculation words ban: none (expected 0)
OK [Q13] slug ASCII: worker-vacation-support (expected a-z 0-9 - _)

Pass rate: 11/13 = 85%
PASS

==================================================
[worker-wage-arrears-loan] 월급 밀렸을 때 연 1.5%로 1,000만원 빌리는 체불근로자 생계비 융자
==================================================
OK [Q1] QA cards count: 7 (expected >=7)
OK [Q2] intro 200 chars: 7/7 (expected 7/7)
OK [Q3] visual element per QA: 7/7 (expected 7/7)
OK [Q4] tables total: 7 (expected >=2)
OK [Q5] boxes total: 6 (expected >=3)
OK [Q6] highlights total: 28 (expected >=15)
OK [Q7] sourceNote ratio: 7/7 (expected >=4/7)
OK [Q8] FAQ count: 5 (expected >=5)
OK [Q9] sources URL count: 3 (expected >=3)
OK [Q10] keyFacts rows: 12 (expected >=9)
OK [Q11] title keywords in body: 4/4 (expected 4/4)
OK [Q12] speculation words ban: none (expected 0)
OK [Q13] slug ASCII: worker-wage-arrears-loan (expected a-z 0-9 - _)

Pass rate: 13/13 = 100%
PASS

==================================================
[year-end-tax-settlement] 연말정산 간소화서비스 1월 15일 개통일에 자료 내려받는 법
==================================================
OK [Q1] QA cards count: 7 (expected >=7)
OK [Q2] intro 200 chars: 7/7 (expected 7/7)
OK [Q3] visual element per QA: 7/7 (expected 7/7)
OK [Q4] tables total: 2 (expected >=2)
OK [Q5] boxes total: 7 (expected >=3)
OK [Q6] highlights total: 28 (expected >=15)
OK [Q7] sourceNote ratio: 5/7 (expected >=4/7)
OK [Q8] FAQ count: 5 (expected >=5)
OK [Q9] sources URL count: 3 (expected >=3)
OK [Q10] keyFacts rows: 9 (expected >=9)
OK [Q11] title keywords in body: 4/4 (expected 4/4)
OK [Q12] speculation words ban: none (expected 0)
OK [Q13] slug ASCII: year-end-tax-settlement (expected a-z 0-9 - _)

Pass rate: 13/13 = 100%
PASS

==================================================
[year-end-tax] 연말정산 간소화서비스 이용법과 소득공제 항목, 환급 더 받는 법
==================================================
OK [Q1] QA cards count: 8 (expected >=7)
OK [Q2] intro 200 chars: 8/8 (expected 8/8)
OK [Q3] visual element per QA: 8/8 (expected 8/8)
OK [Q4] tables total: 2 (expected >=2)
OK [Q5] boxes total: 6 (expected >=3)
OK [Q6] highlights total: 32 (expected >=15)
OK [Q7] sourceNote ratio: 7/8 (expected >=4/8)
OK [Q8] FAQ count: 5 (expected >=5)
OK [Q9] sources URL count: 3 (expected >=3)
OK [Q10] keyFacts rows: 9 (expected >=9)
OK [Q11] title keywords in body: 4/4 (expected 4/4)
OK [Q12] speculation words ban: none (expected 0)
OK [Q13] slug ASCII: year-end-tax (expected a-z 0-9 - _)

Pass rate: 13/13 = 100%
PASS

==================================================
[youth-asset-formation] 청년 자산형성 상품 비교, 청년도약계좌·청년미래적금 뭐가 유리할까
==================================================
OK [Q1] QA cards count: 8 (expected >=7)
OK [Q2] intro 200 chars: 8/8 (expected 8/8)
OK [Q3] visual element per QA: 8/8 (expected 8/8)
OK [Q4] tables total: 3 (expected >=2)
OK [Q5] boxes total: 5 (expected >=3)
OK [Q6] highlights total: 32 (expected >=15)
OK [Q7] sourceNote ratio: 8/8 (expected >=4/8)
OK [Q8] FAQ count: 5 (expected >=5)
OK [Q9] sources URL count: 4 (expected >=3)
OK [Q10] keyFacts rows: 9 (expected >=9)
OK [Q11] title keywords in body: 4/4 (expected 4/4)
OK [Q12] speculation words ban: none (expected 0)
OK [Q13] slug ASCII: youth-asset-formation (expected a-z 0-9 - _)

Pass rate: 13/13 = 100%
PASS

==================================================
[youth-culture-arts-pass] 청년문화예술패스 문화누리카드랑 같은 건가요? OTT 구독도 되나요?
==================================================
OK [Q1] QA cards count: 7 (expected >=7)
OK [Q2] intro 200 chars: 7/7 (expected 7/7)
OK [Q3] visual element per QA: 7/7 (expected 7/7)
OK [Q4] tables total: 3 (expected >=2)
OK [Q5] boxes total: 4 (expected >=3)
OK [Q6] highlights total: 27 (expected >=15)
OK [Q7] sourceNote ratio: 7/7 (expected >=4/7)
OK [Q8] FAQ count: 5 (expected >=5)
OK [Q9] sources URL count: 4 (expected >=3)
OK [Q10] keyFacts rows: 9 (expected >=9)
OK [Q11] title keywords in body: 4/4 (expected 4/4)
OK [Q12] speculation words ban: none (expected 0)
OK [Q13] slug ASCII: youth-culture-arts-pass (expected a-z 0-9 - _)

Pass rate: 13/13 = 100%
PASS

==================================================
[youth-designer-internship] 청년 디자이너 공공기관 인턴십
==================================================
OK [Q1] QA cards count: 7 (expected >=7)
OK [Q2] intro 200 chars: 7/7 (expected 7/7)
OK [Q3] visual element per QA: 7/7 (expected 7/7)
OK [Q4] tables total: 2 (expected >=2)
OK [Q5] boxes total: 5 (expected >=3)
OK [Q6] highlights total: 36 (expected >=15)
OK [Q7] sourceNote ratio: 7/7 (expected >=4/7)
OK [Q8] FAQ count: 5 (expected >=5)
OK [Q9] sources URL count: 3 (expected >=3)
XX [Q10] keyFacts rows: 4 (expected >=9)
XX [Q11] title keywords in body: no titleKeywords (expected titleKeywords defined)
     add titleKeywords field to policy data
OK [Q12] speculation words ban: none (expected 0)
OK [Q13] slug ASCII: youth-designer-internship (expected a-z 0-9 - _)

Pass rate: 11/13 = 85%
PASS

==================================================
[youth-driver-license-subsidy] 청년 운전면허 지원금, 70만원 아니라 우리 지역 공고부터 확인하세요
==================================================
OK [Q1] QA cards count: 7 (expected >=7)
OK [Q2] intro 200 chars: 7/7 (expected 7/7)
OK [Q3] visual element per QA: 7/7 (expected 7/7)
OK [Q4] tables total: 2 (expected >=2)
OK [Q5] boxes total: 7 (expected >=3)
OK [Q6] highlights total: 28 (expected >=15)
OK [Q7] sourceNote ratio: 7/7 (expected >=4/7)
OK [Q8] FAQ count: 5 (expected >=5)
OK [Q9] sources URL count: 3 (expected >=3)
OK [Q10] keyFacts rows: 9 (expected >=9)
OK [Q11] title keywords in body: 4/4 (expected 4/4)
OK [Q12] speculation words ban: none (expected 0)
OK [Q13] slug ASCII: youth-driver-license-subsidy (expected a-z 0-9 - _)

Pass rate: 13/13 = 100%
PASS

==================================================
[youth-employment-linked-fund] 청년고용연계자금 가산금리 0%, 만 39세 아니어도 신청되는 경우가 있다
==================================================
OK [Q1] QA cards count: 7 (expected >=7)
OK [Q2] intro 200 chars: 7/7 (expected 7/7)
OK [Q3] visual element per QA: 7/7 (expected 7/7)
OK [Q4] tables total: 6 (expected >=2)
OK [Q5] boxes total: 5 (expected >=3)
OK [Q6] highlights total: 28 (expected >=15)
OK [Q7] sourceNote ratio: 7/7 (expected >=4/7)
OK [Q8] FAQ count: 5 (expected >=5)
OK [Q9] sources URL count: 4 (expected >=3)
OK [Q10] keyFacts rows: 11 (expected >=9)
OK [Q11] title keywords in body: 4/4 (expected 4/4)
OK [Q12] speculation words ban: none (expected 0)
OK [Q13] slug ASCII: youth-employment-linked-fund (expected a-z 0-9 - _)

Pass rate: 13/13 = 100%
PASS

==================================================
[youth-future-link-loan] 청년 미래이음대출 신청자격과 금리, 햇살론유스와 차이
==================================================
OK [Q1] QA cards count: 7 (expected >=7)
OK [Q2] intro 200 chars: 7/7 (expected 7/7)
OK [Q3] visual element per QA: 7/7 (expected 7/7)
OK [Q4] tables total: 2 (expected >=2)
OK [Q5] boxes total: 5 (expected >=3)
OK [Q6] highlights total: 28 (expected >=15)
OK [Q7] sourceNote ratio: 4/7 (expected >=4/7)
OK [Q8] FAQ count: 5 (expected >=5)
OK [Q9] sources URL count: 3 (expected >=3)
XX [Q10] keyFacts rows: 8 (expected >=9)
XX [Q11] title keywords in body: 2/4 (expected 4/4)
     missing in body: 미취업 청년, 금리 4.5%
OK [Q12] speculation words ban: none (expected 0)
OK [Q13] slug ASCII: youth-future-link-loan (expected a-z 0-9 - _)

Pass rate: 11/13 = 85%
PASS

==================================================
[youth-future-savings] 청년미래적금 정부매칭과 가입조건, 3년 만기 수령액까지
==================================================
OK [Q1] QA cards count: 7 (expected >=7)
OK [Q2] intro 200 chars: 7/7 (expected 7/7)
OK [Q3] visual element per QA: 7/7 (expected 7/7)
OK [Q4] tables total: 2 (expected >=2)
OK [Q5] boxes total: 4 (expected >=3)
OK [Q6] highlights total: 26 (expected >=15)
OK [Q7] sourceNote ratio: 7/7 (expected >=4/7)
OK [Q8] FAQ count: 6 (expected >=5)
OK [Q9] sources URL count: 4 (expected >=3)
OK [Q10] keyFacts rows: 11 (expected >=9)
OK [Q11] title keywords in body: 1/1 (expected 1/1)
OK [Q12] speculation words ban: none (expected 0)
OK [Q13] slug ASCII: youth-future-savings (expected a-z 0-9 - _)

Pass rate: 13/13 = 100%
PASS

==================================================
[youth-housing-support] 청년 주거지원 월세·전세자금대출과 매입임대·행복주택, 상황별 추천
==================================================
OK [Q1] QA cards count: 8 (expected >=7)
OK [Q2] intro 200 chars: 8/8 (expected 8/8)
OK [Q3] visual element per QA: 8/8 (expected 8/8)
OK [Q4] tables total: 3 (expected >=2)
OK [Q5] boxes total: 5 (expected >=3)
OK [Q6] highlights total: 32 (expected >=15)
OK [Q7] sourceNote ratio: 8/8 (expected >=4/8)
OK [Q8] FAQ count: 5 (expected >=5)
OK [Q9] sources URL count: 4 (expected >=3)
OK [Q10] keyFacts rows: 9 (expected >=9)
OK [Q11] title keywords in body: 4/4 (expected 4/4)
OK [Q12] speculation words ban: none (expected 0)
OK [Q13] slug ASCII: youth-housing-support (expected a-z 0-9 - _)

Pass rate: 13/13 = 100%
PASS

==================================================
[youth-job-leap-incentive] 청년일자리도약장려금 기업 신청자격과 청년 대상요건, 지원금액
==================================================
OK [Q1] QA cards count: 7 (expected >=7)
OK [Q2] intro 200 chars: 7/7 (expected 7/7)
OK [Q3] visual element per QA: 7/7 (expected 7/7)
OK [Q4] tables total: 3 (expected >=2)
OK [Q5] boxes total: 5 (expected >=3)
OK [Q6] highlights total: 21 (expected >=15)
XX [Q7] sourceNote ratio: 0/7 (expected >=4/7)
OK [Q8] FAQ count: 5 (expected >=5)
OK [Q9] sources URL count: 3 (expected >=3)
OK [Q10] keyFacts rows: 9 (expected >=9)
XX [Q11] title keywords in body: no titleKeywords (expected titleKeywords defined)
     add titleKeywords field to policy data
OK [Q12] speculation words ban: none (expected 0)
OK [Q13] slug ASCII: youth-job-leap-incentive (expected a-z 0-9 - _)

Pass rate: 11/13 = 85%
PASS

==================================================
[youth-job] 청년 일자리 사업 종류와 중복 가능여부, 청년 연령기준까지
==================================================
OK [Q1] QA cards count: 8 (expected >=7)
OK [Q2] intro 200 chars: 8/8 (expected 8/8)
OK [Q3] visual element per QA: 8/8 (expected 8/8)
OK [Q4] tables total: 2 (expected >=2)
OK [Q5] boxes total: 7 (expected >=3)
OK [Q6] highlights total: 32 (expected >=15)
OK [Q7] sourceNote ratio: 8/8 (expected >=4/8)
OK [Q8] FAQ count: 5 (expected >=5)
OK [Q9] sources URL count: 4 (expected >=3)
OK [Q10] keyFacts rows: 9 (expected >=9)
OK [Q11] title keywords in body: 4/4 (expected 4/4)
OK [Q12] speculation words ban: none (expected 0)
OK [Q13] slug ASCII: youth-job (expected a-z 0-9 - _)

Pass rate: 13/13 = 100%
PASS

==================================================
[youth-leap-job] 청년일자리도약장려금 비수도권 우대, 중도퇴사하면 어떻게 되나요?
==================================================
OK [Q1] QA cards count: 8 (expected >=7)
OK [Q2] intro 200 chars: 8/8 (expected 8/8)
OK [Q3] visual element per QA: 8/8 (expected 8/8)
OK [Q4] tables total: 2 (expected >=2)
OK [Q5] boxes total: 7 (expected >=3)
OK [Q6] highlights total: 32 (expected >=15)
OK [Q7] sourceNote ratio: 8/8 (expected >=4/8)
OK [Q8] FAQ count: 5 (expected >=5)
OK [Q9] sources URL count: 4 (expected >=3)
OK [Q10] keyFacts rows: 9 (expected >=9)
XX [Q11] title keywords in body: 2/4 (expected 4/4)
     missing in body: 도약장려금, 고용노동부
OK [Q12] speculation words ban: none (expected 0)
OK [Q13] slug ASCII: youth-leap-job (expected a-z 0-9 - _)

Pass rate: 12/13 = 92%
PASS

==================================================
[youth-monthly-rent] 청년월세 특별지원 소득재산 기준, 주거급여 받으면 못 받나요?
==================================================
OK [Q1] QA cards count: 8 (expected >=7)
OK [Q2] intro 200 chars: 8/8 (expected 8/8)
OK [Q3] visual element per QA: 8/8 (expected 8/8)
XX [Q4] tables total: 1 (expected >=2)
OK [Q5] boxes total: 7 (expected >=3)
OK [Q6] highlights total: 32 (expected >=15)
OK [Q7] sourceNote ratio: 6/8 (expected >=4/8)
OK [Q8] FAQ count: 5 (expected >=5)
OK [Q9] sources URL count: 3 (expected >=3)
OK [Q10] keyFacts rows: 9 (expected >=9)
OK [Q11] title keywords in body: 4/4 (expected 4/4)
OK [Q12] speculation words ban: none (expected 0)
OK [Q13] slug ASCII: youth-monthly-rent (expected a-z 0-9 - _)

Pass rate: 12/13 = 92%
PASS

==================================================
[youth-startup-fund] 청년전용창업자금 고정 2.5%, 만 39세 업력 3년 미만이면 1억까지
==================================================
OK [Q1] QA cards count: 7 (expected >=7)
OK [Q2] intro 200 chars: 7/7 (expected 7/7)
OK [Q3] visual element per QA: 7/7 (expected 7/7)
OK [Q4] tables total: 7 (expected >=2)
OK [Q5] boxes total: 5 (expected >=3)
OK [Q6] highlights total: 28 (expected >=15)
OK [Q7] sourceNote ratio: 7/7 (expected >=4/7)
OK [Q8] FAQ count: 5 (expected >=5)
OK [Q9] sources URL count: 4 (expected >=3)
OK [Q10] keyFacts rows: 12 (expected >=9)
OK [Q11] title keywords in body: 4/4 (expected 4/4)
OK [Q12] speculation words ban: none (expected 0)
OK [Q13] slug ASCII: youth-startup-fund (expected a-z 0-9 - _)

Pass rate: 13/13 = 100%
PASS

==================================================
[youth-startup-school] 청년창업사관학교 TIPS랑 뭐가 다른가요? 본인부담 얼마나 되나
==================================================
OK [Q1] QA cards count: 8 (expected >=7)
OK [Q2] intro 200 chars: 8/8 (expected 8/8)
OK [Q3] visual element per QA: 8/8 (expected 8/8)
OK [Q4] tables total: 3 (expected >=2)
OK [Q5] boxes total: 5 (expected >=3)
OK [Q6] highlights total: 32 (expected >=15)
OK [Q7] sourceNote ratio: 8/8 (expected >=4/8)
OK [Q8] FAQ count: 5 (expected >=5)
OK [Q9] sources URL count: 4 (expected >=3)
OK [Q10] keyFacts rows: 9 (expected >=9)
OK [Q11] title keywords in body: 4/4 (expected 4/4)
OK [Q12] speculation words ban: none (expected 0)
OK [Q13] slug ASCII: youth-startup-school (expected a-z 0-9 - _)

Pass rate: 13/13 = 100%
PASS

==================================================
[youth-tomorrow-filling] 청년내일채움공제 지원금액·신청자격·중도해지 총정리 (신규 가입 여부 확인 필수)
==================================================
OK [Q1] QA cards count: 7 (expected >=7)
OK [Q2] intro 200 chars: 7/7 (expected 7/7)
OK [Q3] visual element per QA: 7/7 (expected 7/7)
OK [Q4] tables total: 2 (expected >=2)
OK [Q5] boxes total: 6 (expected >=3)
OK [Q6] highlights total: 28 (expected >=15)
OK [Q7] sourceNote ratio: 4/7 (expected >=4/7)
OK [Q8] FAQ count: 5 (expected >=5)
OK [Q9] sources URL count: 3 (expected >=3)
OK [Q10] keyFacts rows: 9 (expected >=9)
OK [Q11] title keywords in body: 4/4 (expected 4/4)
OK [Q12] speculation words ban: none (expected 0)
OK [Q13] slug ASCII: youth-tomorrow-filling (expected a-z 0-9 - _)

Pass rate: 13/13 = 100%
PASS

==================================================
[youth-tomorrow-savings] 청년내일저축계좌 신청자격과 만기유지 조건, 중도해지하면
==================================================
OK [Q1] QA cards count: 7 (expected >=7)
OK [Q2] intro 200 chars: 7/7 (expected 7/7)
OK [Q3] visual element per QA: 7/7 (expected 7/7)
OK [Q4] tables total: 2 (expected >=2)
OK [Q5] boxes total: 5 (expected >=3)
OK [Q6] highlights total: 28 (expected >=15)
OK [Q7] sourceNote ratio: 7/7 (expected >=4/7)
OK [Q8] FAQ count: 5 (expected >=5)
OK [Q9] sources URL count: 3 (expected >=3)
OK [Q10] keyFacts rows: 9 (expected >=9)
XX [Q11] title keywords in body: 2/4 (expected 4/4)
     missing in body: 저소득청년, 정부매칭30만원
OK [Q12] speculation words ban: none (expected 0)
OK [Q13] slug ASCII: youth-tomorrow-savings (expected a-z 0-9 - _)

Pass rate: 12/13 = 92%
PASS

==================================================
[youth-welfare-point-compare] 청년 복지포인트 경기·인천 비교, 여러 지역 동시에 받을 수 있나요?
==================================================
OK [Q1] QA cards count: 8 (expected >=7)
OK [Q2] intro 200 chars: 8/8 (expected 8/8)
OK [Q3] visual element per QA: 8/8 (expected 8/8)
OK [Q4] tables total: 2 (expected >=2)
OK [Q5] boxes total: 6 (expected >=3)
OK [Q6] highlights total: 32 (expected >=15)
OK [Q7] sourceNote ratio: 5/8 (expected >=4/8)
OK [Q8] FAQ count: 5 (expected >=5)
OK [Q9] sources URL count: 3 (expected >=3)
OK [Q10] keyFacts rows: 9 (expected >=9)
OK [Q11] title keywords in body: 4/4 (expected 4/4)
OK [Q12] speculation words ban: none (expected 0)
OK [Q13] slug ASCII: youth-welfare-point-compare (expected a-z 0-9 - _)

Pass rate: 13/13 = 100%
PASS

==================================================
[youth-welfare] 청년 마음건강바우처와 자립수당, 의료비 지원까지 한번에 찾기
==================================================
OK [Q1] QA cards count: 8 (expected >=7)
OK [Q2] intro 200 chars: 8/8 (expected 8/8)
OK [Q3] visual element per QA: 8/8 (expected 8/8)
OK [Q4] tables total: 2 (expected >=2)
OK [Q5] boxes total: 6 (expected >=3)
OK [Q6] highlights total: 32 (expected >=15)
OK [Q7] sourceNote ratio: 8/8 (expected >=4/8)
OK [Q8] FAQ count: 5 (expected >=5)
OK [Q9] sources URL count: 4 (expected >=3)
OK [Q10] keyFacts rows: 9 (expected >=9)
OK [Q11] title keywords in body: 4/4 (expected 4/4)
OK [Q12] speculation words ban: none (expected 0)
OK [Q13] slug ASCII: youth-welfare (expected a-z 0-9 - _)

Pass rate: 13/13 = 100%
PASS
